Console Mode = Info: This version of Libero supports only the enhanced constraint flow.
The vision_pipeline project was created.
Downloading Actel:SystemBuilder:PF_DDR4:2.5.120...

Info:  Core 'Actel:SystemBuilder:PF_DDR4:2.5.120' was successfully downloaded.
Downloading Actel:SystemBuilder:PF_SRAM_AHBL_AXI:1.2.116...

Info:  Core 'Actel:SystemBuilder:PF_SRAM_AHBL_AXI:1.2.116' was successfully downloaded.
Downloading Actel:DirectCore:COREI2C:7.2.101...

Info:  Core 'Actel:DirectCore:COREI2C:7.2.101' was successfully downloaded.
Downloading Actel:DirectCore:CoreAPB3:4.2.100...

Info:  Core 'Actel:DirectCore:CoreAPB3:4.2.100' was successfully downloaded.
Downloading Actel:DirectCore:CoreGPIO:3.2.102...

Info:  Core 'Actel:DirectCore:CoreGPIO:3.2.102' was successfully downloaded.
Downloading Actel:DirectCore:COREJTAGDEBUG:4.0.100...

Info:  Core 'Actel:DirectCore:COREJTAGDEBUG:4.0.100' was successfully downloaded.
Downloading Actel:DirectCore:CoreAHBLite:5.6.105...

Info:  Core 'Actel:DirectCore:CoreAHBLite:5.6.105' was successfully downloaded.
Downloading Actel:SgCore:PF_INIT_MONITOR:2.0.308...

Info:  Core 'Actel:SgCore:PF_INIT_MONITOR:2.0.308' was successfully downloaded.
Downloading Microsemi:MiV:MIV_RV32IMA_L1_AHB:2.3.100...

Info:  Core 'Microsemi:MiV:MIV_RV32IMA_L1_AHB:2.3.100' was successfully downloaded.
Downloading Actel:DirectCore:COREUART:5.6.102...

Info:  Core 'Actel:DirectCore:COREUART:5.6.102' was successfully downloaded.
Downloading Microsemi:SolutionCore:Image_Enhancement:3.0.0...

Info:  Core 'Microsemi:SolutionCore:Image_Enhancement:3.0.0' was successfully downloaded.
Downloading Actel:DirectCore:COREAXI4INTERCONNECT:2.8.103...

Info:  Core 'Actel:DirectCore:COREAXI4INTERCONNECT:2.8.103' was successfully downloaded.
Downloading Actel:SystemBuilder:PF_DDR4:2.5.120...

Info:  Core 'Actel:SystemBuilder:PF_DDR4:2.5.120' was successfully downloaded.
Reading file 'C:\Users\c79828\Documents\HLS_Work\fpga-hls-libraries\vision\demo_designs\PF_Video_kit\libero\vision_pipeline\hdl\FrameBufferControl.v'.
Downloading Actel:SgCore:PF_CCC:2.2.220...

Info:  Core 'Actel:SgCore:PF_CCC:2.2.220' was successfully downloaded.
Downloading Actel:DirectCore:CORERESET_PF:2.2.107...

Info:  Core 'Actel:DirectCore:CORERESET_PF:2.2.107' was successfully downloaded.
Downloading Actel:DirectCore:CORERXIODBITALIGN:2.1.104...

Info:  Core 'Actel:DirectCore:CORERXIODBITALIGN:2.1.104' was successfully downloaded.
Downloading Actel:SystemBuilder:PF_IOD_GENERIC_RX:2.1.116...

Info:  Core 'Actel:SystemBuilder:PF_IOD_GENERIC_RX:2.1.116' was successfully downloaded.
Downloading Microsemi:SolutionCore:mipicsi2rxdecoderPF:2.2.5...

Info:  Core 'Microsemi:SolutionCore:mipicsi2rxdecoderPF:2.2.5' was successfully downloaded.
Downloading Actel:DirectCore:COREAHBTOAPB3:3.2.101...

Info:  Core 'Actel:DirectCore:COREAHBTOAPB3:3.2.101' was successfully downloaded.
Reading file 'C:\Users\c79828\Documents\HLS_Work\fpga-hls-libraries\vision\demo_designs\PF_Video_kit\libero\vision_pipeline\hdl\camera_to_axis_converter.v'.
Reading file 'C:\Users\c79828\Documents\HLS_Work\fpga-hls-libraries\vision\demo_designs\PF_Video_kit\libero\vision_pipeline\hdl\FrameBufferControl.v'.
Info: Core has been created successfully from 'Camera_To_AXIS_Converter' HDL module.
Info:  <a href="liberoaction://open_online_help/70004">Read more</a> on how to create a core from your HDL module.
Info:  This feature enables you to add bus interfaces to your HDL module and configure any generics/parameters in your HDL module.

Reading file 'C:\Users\c79828\Documents\HLS_Work\fpga-hls-libraries\vision\demo_designs\PF_Video_kit\libero\vision_pipeline\hdl\camera_to_axis_converter.v'.
Reading file 'C:\Users\c79828\Documents\HLS_Work\fpga-hls-libraries\vision\demo_designs\PF_Video_kit\libero\vision_pipeline\hdl\FrameBufferControl.v'.
Info: 'CORERESET_PF_C1' was successfully generated.
Info: 'CORERESET_PF_C1' manifest file 'C:/Users/c79828/Documents/HLS_Work/fpga-hls-libraries/vision/demo_designs/PF_Video_kit/libero/vision_pipeline/component/work/CORERESET_PF_C1/CORERESET_PF_C1_manifest.txt' was successfully generated.

Info:  Component 'CORERESET_PF_C1' was successfully created and configured with vendor:Actel library:DirectCore name:CORERESET_PF version:2.2.107.
Info: 'CORERXIODBITALIGN_C0' was successfully generated.
Info: 'CORERXIODBITALIGN_C0' manifest file 'C:/Users/c79828/Documents/HLS_Work/fpga-hls-libraries/vision/demo_designs/PF_Video_kit/libero/vision_pipeline/component/work/CORERXIODBITALIGN_C0/CORERXIODBITALIGN_C0_manifest.txt' was successfully generated.

Info:  Component 'CORERXIODBITALIGN_C0' was successfully created and configured with vendor:Actel library:DirectCore name:CORERXIODBITALIGN version:2.1.104.
Info: 'CORERXIODBITALIGN_C1' was successfully generated.
Info: 'CORERXIODBITALIGN_C1' manifest file 'C:/Users/c79828/Documents/HLS_Work/fpga-hls-libraries/vision/demo_designs/PF_Video_kit/libero/vision_pipeline/component/work/CORERXIODBITALIGN_C1/CORERXIODBITALIGN_C1_manifest.txt' was successfully generated.

Info:  Component 'CORERXIODBITALIGN_C1' was successfully created and configured with vendor:Actel library:DirectCore name:CORERXIODBITALIGN version:2.1.104.
Info: 'CORERXIODBITALIGN_C2' was successfully generated.
Info: 'CORERXIODBITALIGN_C2' manifest file 'C:/Users/c79828/Documents/HLS_Work/fpga-hls-libraries/vision/demo_designs/PF_Video_kit/libero/vision_pipeline/component/work/CORERXIODBITALIGN_C2/CORERXIODBITALIGN_C2_manifest.txt' was successfully generated.

Info:  Component 'CORERXIODBITALIGN_C2' was successfully created and configured with vendor:Actel library:DirectCore name:CORERXIODBITALIGN version:2.1.104.
Info: 'CORERXIODBITALIGN_C3' was successfully generated.
Info: 'CORERXIODBITALIGN_C3' manifest file 'C:/Users/c79828/Documents/HLS_Work/fpga-hls-libraries/vision/demo_designs/PF_Video_kit/libero/vision_pipeline/component/work/CORERXIODBITALIGN_C3/CORERXIODBITALIGN_C3_manifest.txt' was successfully generated.

Info:  Component 'CORERXIODBITALIGN_C3' was successfully created and configured with vendor:Actel library:DirectCore name:CORERXIODBITALIGN version:2.1.104.
Info:  The connection is being dropped from the net 'RX_CLK' because the pin 'RX_CLK' does not exist.
Info:  The connection is being dropped from the net 'PAD' because the pin 'PAD' does not exist.
Info:  Disconnecting pin 'BCLK_IGEAR_RX' from net 'BCLK_IGEAR_RX' because it is no longer a valid connection.
#BCLKSCLK_TRN_MODE = 1

Info: 'PF_IOD_GENERIC_RX_C0_TR' was successfully generated.
Info: 'PF_IOD_GENERIC_RX_C0_TR' manifest file 'C:/Users/c79828/Documents/HLS_Work/fpga-hls-libraries/vision/demo_designs/PF_Video_kit/libero/vision_pipeline/component/work/PF_IOD_GENERIC_RX_C0_TR/PF_IOD_GENERIC_RX_C0_TR_manifest.txt' was successfully generated.

Info:  Component 'PF_IOD_GENERIC_RX_C0_TR' was successfully created and configured with vendor:Actel library:DirectCore name:COREBCLKSCLKALIGN version:3.0.100.
Info:  PAD pin `CLK_0:PADP` of `CLK_0` is automatically connected to a top-level port.
Info:  PAD pin `CLK_0:PADN` of `CLK_0` is automatically connected to a top-level port.
Info:  The connection is being dropped from the net 'PAD' because the pin 'PAD' does not exist.
Info: 'PF_IOD_GENERIC_RX_C0' was successfully generated.
Info: 'PF_IOD_GENERIC_RX_C0' manifest file 'C:/Users/c79828/Documents/HLS_Work/fpga-hls-libraries/vision/demo_designs/PF_Video_kit/libero/vision_pipeline/component/work/PF_IOD_GENERIC_RX_C0/PF_IOD_GENERIC_RX_C0_manifest.txt' was successfully generated.

Info:  Component 'PF_IOD_GENERIC_RX_C0' was successfully created and configured with vendor:Actel library:SystemBuilder name:PF_IOD_GENERIC_RX version:2.1.116.
Info: 'CAM_IOD_TIP_TOP' was successfully generated.
Info: 'CAM_IOD_TIP_TOP' manifest file 'C:/Users/c79828/Documents/HLS_Work/fpga-hls-libraries/vision/demo_designs/PF_Video_kit/libero/vision_pipeline/component/work/CAM_IOD_TIP_TOP/CAM_IOD_TIP_TOP_manifest.txt' was successfully generated.

Info:  Successfully generated component 'CAM_IOD_TIP_TOP'.
Info: 'CORERESET_PF_C2' was successfully generated.
Info: 'CORERESET_PF_C2' manifest file 'C:/Users/c79828/Documents/HLS_Work/fpga-hls-libraries/vision/demo_designs/PF_Video_kit/libero/vision_pipeline/component/work/CORERESET_PF_C2/CORERESET_PF_C2_manifest.txt' was successfully generated.

Info:  Component 'CORERESET_PF_C2' was successfully created and configured with vendor:Actel library:DirectCore name:CORERESET_PF version:2.2.107.
Info: 'CORERESET_PF_C3' was successfully generated.
Info: 'CORERESET_PF_C3' manifest file 'C:/Users/c79828/Documents/HLS_Work/fpga-hls-libraries/vision/demo_designs/PF_Video_kit/libero/vision_pipeline/component/work/CORERESET_PF_C3/CORERESET_PF_C3_manifest.txt' was successfully generated.

Info:  Component 'CORERESET_PF_C3' was successfully created and configured with vendor:Actel library:DirectCore name:CORERESET_PF version:2.2.107.
Warning: SmartDesign 'PF_CCC_C2' design rules check succeeded, but with warnings
Warning:  Design rules check of "PF_CCC_C2" has warning messages, Please check the Log Window for more details.
           [OK]
Warning: 'Core Validation' : PLL_FEEDBACK_MODE_0 If you select Post-VCO as a Feedback Mode, outputs will be resynchronized between each other after the PLL locks, but will not be resynchronized with the PLL reference clock
Info: 'Core Validation' : Incorrect PLL_LOCK_COUNT value of 0 found, updating the value to be 8.
Info: 'Core Validation' : PLL_EXPORT_PWRDWN It is recommended that the PLL_POWERDOWN_N_0 input be enabled and asserted by the user at PLL start-up until the reference clock is stable. For more information, refer to UG0684: PolarFire FPGA Clocking Resources
Info: 'Core Validation' : The current configuration of instance : PF_CCC_C2_0 has warning or information messages. Consult the User Guide for configuration of this core.
Info: 'PF_CCC_C2' was successfully generated.
Info:  Design "PF_CCC_C2" was successfully generated.
        [OK]
Info: 'PF_CCC_C2' manifest file 'C:/Users/c79828/Documents/HLS_Work/fpga-hls-libraries/vision/demo_designs/PF_Video_kit/libero/vision_pipeline/component/work/PF_CCC_C2/PF_CCC_C2_manifest.txt' was successfully generated.

Info:  Component 'PF_CCC_C2' was successfully created and configured with vendor:Actel library:SgCore name:PF_CCC version:2.2.220.
Info:  Disconnecting pin 'data_out_o' from net 'data_out_o' because it is no longer a valid connection.
Info: 'mipicsi2rxdecoderPF_C0' was successfully generated.
Info: 'mipicsi2rxdecoderPF_C0' manifest file 'C:/Users/c79828/Documents/HLS_Work/fpga-hls-libraries/vision/demo_designs/PF_Video_kit/libero/vision_pipeline/component/work/mipicsi2rxdecoderPF_C0/mipicsi2rxdecoderPF_C0_manifest.txt' was successfully generated.

Info:  Component 'mipicsi2rxdecoderPF_C0' was successfully created and configured with vendor:Microsemi library:SolutionCore name:mipicsi2rxdecoderPF version:2.2.5.
Warning: SmartDesign 'IMX334_IF_TOP' design rules check succeeded, but with warnings
Warning: Floating output bus pin Camera_To_AXIS_Converter_0:o_frames_skipped[15:0]
Warning: Floating output pin Camera_To_AXIS_Converter_0:o_pushback_detected
Warning: Floating output bus pin CSI2_RXDecoder_0:data_out_o[39:0]
Warning: Floating output pin CSI2_RXDecoder_0:frame_start_o
Warning: Floating output pin CSI2_RXDecoder_0:frame_valid_o
Warning: Floating output bus pin CSI2_RXDecoder_1:data_out_o[39:0]
Warning: Floating output pin CSI2_RXDecoder_1:frame_valid_o
Info: 'IMX334_IF_TOP' was successfully generated.
Info: 'IMX334_IF_TOP' manifest file 'C:/Users/c79828/Documents/HLS_Work/fpga-hls-libraries/vision/demo_designs/PF_Video_kit/libero/vision_pipeline/component/work/IMX334_IF_TOP/IMX334_IF_TOP_manifest.txt' was successfully generated.

Info:  Successfully generated component 'IMX334_IF_TOP'.
Reading file 'C:\Users\c79828\Documents\HLS_Work\fpga-hls-libraries\vision\demo_designs\PF_Video_kit\libero\vision_pipeline\component\work\CORERESET_PF_C1\CORERESET_PF_C1.v'.
Reading file 'C:\Users\c79828\Documents\HLS_Work\fpga-hls-libraries\vision\demo_designs\PF_Video_kit\libero\vision_pipeline\component\work\CORERESET_PF_C1\CORERESET_PF_C1_0\core\corereset_pf.v'.
Reading file 'C:\Users\c79828\Documents\HLS_Work\fpga-hls-libraries\vision\demo_designs\PF_Video_kit\libero\vision_pipeline\component\work\CORERESET_PF_C1\CORERESET_PF_C1_0\test\corereset_pf_tb.v'.
Reading file 'C:\Users\c79828\Documents\HLS_Work\fpga-hls-libraries\vision\demo_designs\PF_Video_kit\libero\vision_pipeline\component\work\CORERESET_PF_C2\CORERESET_PF_C2.v'.
Reading file 'C:\Users\c79828\Documents\HLS_Work\fpga-hls-libraries\vision\demo_designs\PF_Video_kit\libero\vision_pipeline\component\work\CORERESET_PF_C2\CORERESET_PF_C2_0\core\corereset_pf.v'.
Reading file 'C:\Users\c79828\Documents\HLS_Work\fpga-hls-libraries\vision\demo_designs\PF_Video_kit\libero\vision_pipeline\component\work\CORERESET_PF_C2\CORERESET_PF_C2_0\test\corereset_pf_tb.v'.
Reading file 'C:\Users\c79828\Documents\HLS_Work\fpga-hls-libraries\vision\demo_designs\PF_Video_kit\libero\vision_pipeline\component\work\CORERESET_PF_C3\CORERESET_PF_C3.v'.
Reading file 'C:\Users\c79828\Documents\HLS_Work\fpga-hls-libraries\vision\demo_designs\PF_Video_kit\libero\vision_pipeline\component\work\CORERESET_PF_C3\CORERESET_PF_C3_0\core\corereset_pf.v'.
Reading file 'C:\Users\c79828\Documents\HLS_Work\fpga-hls-libraries\vision\demo_designs\PF_Video_kit\libero\vision_pipeline\component\work\CORERESET_PF_C3\CORERESET_PF_C3_0\test\corereset_pf_tb.v'.
Reading file 'C:\Users\c79828\Documents\HLS_Work\fpga-hls-libraries\vision\demo_designs\PF_Video_kit\libero\vision_pipeline\component\work\CORERXIODBITALIGN_C0\CORERXIODBITALIGN_C0.v'.
Reading file 'C:\Users\c79828\Documents\HLS_Work\fpga-hls-libraries\vision\demo_designs\PF_Video_kit\libero\vision_pipeline\component\work\CORERXIODBITALIGN_C0\CORERXIODBITALIGN_C0_0\rtl\vlog\core\CoreRxIODBitAlign.v'.
Reading file 'C:\Users\c79828\Documents\HLS_Work\fpga-hls-libraries\vision\demo_designs\PF_Video_kit\libero\vision_pipeline\component\work\CORERXIODBITALIGN_C0\CORERXIODBITALIGN_C0_0\rtl\vlog\core\CoreRxIODBitAlign_top.v'.
Reading file 'C:\Users\c79828\Documents\HLS_Work\fpga-hls-libraries\vision\demo_designs\PF_Video_kit\libero\vision_pipeline\component\work\CORERXIODBITALIGN_C0\CORERXIODBITALIGN_C0_0\rtl\vlog\test\user\prbscheck_parallel_fab_x4.v'.
Reading file 'C:\Users\c79828\Documents\HLS_Work\fpga-hls-libraries\vision\demo_designs\PF_Video_kit\libero\vision_pipeline\component\work\CORERXIODBITALIGN_C0\CORERXIODBITALIGN_C0_0\rtl\vlog\test\user\prbsgen_parallel_fab_x4.v'.
Reading file 'C:\Users\c79828\Documents\HLS_Work\fpga-hls-libraries\vision\demo_designs\PF_Video_kit\libero\vision_pipeline\component\work\CORERXIODBITALIGN_C0\CORERXIODBITALIGN_C0_0\rtl\vlog\test\user\rev_bits_x4.v'.
Reading file 'C:\Users\c79828\Documents\HLS_Work\fpga-hls-libraries\vision\demo_designs\PF_Video_kit\libero\vision_pipeline\component\work\CORERXIODBITALIGN_C0\CORERXIODBITALIGN_C0_0\rtl\vlog\test\user\CCC_COMP_CCC_COMP_0_PF_CCC.v'.
Reading file 'C:\Users\c79828\Documents\HLS_Work\fpga-hls-libraries\vision\demo_designs\PF_Video_kit\libero\vision_pipeline\component\work\CORERXIODBITALIGN_C0\CORERXIODBITALIGN_C0_0\rtl\vlog\test\user\CCC_COMP.v'.
Reading file 'C:\Users\c79828\Documents\HLS_Work\fpga-hls-libraries\vision\demo_designs\PF_Video_kit\libero\vision_pipeline\component\work\CORERXIODBITALIGN_C0\CORERXIODBITALIGN_C0_0\rtl\vlog\test\user\CORERXIODBITALIGN_C0.v'.
Reading file 'C:\Users\c79828\Documents\HLS_Work\fpga-hls-libraries\vision\demo_designs\PF_Video_kit\libero\vision_pipeline\component\work\CORERXIODBITALIGN_C0\CORERXIODBITALIGN_C0_0\rtl\vlog\test\user\RXIOD_COMP_PF_CLK_DIV_FIFO_PF_CLK_DIV_DELAY.v'.
Reading file 'C:\Users\c79828\Documents\HLS_Work\fpga-hls-libraries\vision\demo_designs\PF_Video_kit\libero\vision_pipeline\component\work\CORERXIODBITALIGN_C0\CORERXIODBITALIGN_C0_0\rtl\vlog\test\user\RXIOD_COMP_PF_CLK_DIV_RXCLK_PF_CLK_DIV_DELAY.v'.
Reading file 'C:\Users\c79828\Documents\HLS_Work\fpga-hls-libraries\vision\demo_designs\PF_Video_kit\libero\vision_pipeline\component\work\CORERXIODBITALIGN_C0\CORERXIODBITALIGN_C0_0\rtl\vlog\test\user\RXIOD_COMP_PF_IOD_CLK_TRAINING_PF_IOD.v'.
Reading file 'C:\Users\c79828\Documents\HLS_Work\fpga-hls-libraries\vision\demo_designs\PF_Video_kit\libero\vision_pipeline\component\work\CORERXIODBITALIGN_C0\CORERXIODBITALIGN_C0_0\rtl\vlog\test\user\RXIOD_COMP_PF_IOD_RX_PF_IOD.v'.
Reading file 'C:\Users\c79828\Documents\HLS_Work\fpga-hls-libraries\vision\demo_designs\PF_Video_kit\libero\vision_pipeline\component\work\CORERXIODBITALIGN_C0\CORERXIODBITALIGN_C0_0\rtl\vlog\test\user\PF_LANECTRL_PAUSE_SYNC.v'.
Reading file 'C:\Users\c79828\Documents\HLS_Work\fpga-hls-libraries\vision\demo_designs\PF_Video_kit\libero\vision_pipeline\component\work\CORERXIODBITALIGN_C0\CORERXIODBITALIGN_C0_0\rtl\vlog\test\user\RXIOD_COMP_PF_LANECTRL_0_PF_LANECTRL.v'.
Reading file 'C:\Users\c79828\Documents\HLS_Work\fpga-hls-libraries\vision\demo_designs\PF_Video_kit\libero\vision_pipeline\component\work\CORERXIODBITALIGN_C0\CORERXIODBITALIGN_C0_0\rtl\vlog\test\user\PLL_BclkSclkAlign.v'.
Reading file 'C:\Users\c79828\Documents\HLS_Work\fpga-hls-libraries\vision\demo_designs\PF_Video_kit\libero\vision_pipeline\component\work\CORERXIODBITALIGN_C0\CORERXIODBITALIGN_C0_0\rtl\vlog\test\user\ICB_BclkSclkAlign.v'.
Reading file 'C:\Users\c79828\Documents\HLS_Work\fpga-hls-libraries\vision\demo_designs\PF_Video_kit\libero\vision_pipeline\component\work\CORERXIODBITALIGN_C0\CORERXIODBITALIGN_C0_0\rtl\vlog\test\user\CoreBclkSclkAlign.v'.
Reading file 'C:\Users\c79828\Documents\HLS_Work\fpga-hls-libraries\vision\demo_designs\PF_Video_kit\libero\vision_pipeline\component\work\CORERXIODBITALIGN_C0\CORERXIODBITALIGN_C0_0\rtl\vlog\test\user\RXIOD_COMP_TR.v'.
Reading file 'C:\Users\c79828\Documents\HLS_Work\fpga-hls-libraries\vision\demo_designs\PF_Video_kit\libero\vision_pipeline\component\work\CORERXIODBITALIGN_C0\CORERXIODBITALIGN_C0_0\rtl\vlog\test\user\RXIOD_COMP.v'.
Reading file 'C:\Users\c79828\Documents\HLS_Work\fpga-hls-libraries\vision\demo_designs\PF_Video_kit\libero\vision_pipeline\component\work\CORERXIODBITALIGN_C0\CORERXIODBITALIGN_C0_0\rtl\vlog\test\user\PF_LANECTRL_PAUSE_SYNC1.v'.
Reading file 'C:\Users\c79828\Documents\HLS_Work\fpga-hls-libraries\vision\demo_designs\PF_Video_kit\libero\vision_pipeline\component\work\CORERXIODBITALIGN_C0\CORERXIODBITALIGN_C0_0\rtl\vlog\test\user\TXIOD_COMP_LANECTRL_ADDR_CMD_0_PF_LANECTRL.v'.
Reading file 'C:\Users\c79828\Documents\HLS_Work\fpga-hls-libraries\vision\demo_designs\PF_Video_kit\libero\vision_pipeline\component\work\CORERXIODBITALIGN_C0\CORERXIODBITALIGN_C0_0\rtl\vlog\test\user\TXIOD_COMP_PF_IOD_TX_CLK_PF_IOD.v'.
Reading file 'C:\Users\c79828\Documents\HLS_Work\fpga-hls-libraries\vision\demo_designs\PF_Video_kit\libero\vision_pipeline\component\work\CORERXIODBITALIGN_C0\CORERXIODBITALIGN_C0_0\rtl\vlog\test\user\TXIOD_COMP_PF_IOD_TX_PF_IOD.v'.
Reading file 'C:\Users\c79828\Documents\HLS_Work\fpga-hls-libraries\vision\demo_designs\PF_Video_kit\libero\vision_pipeline\component\work\CORERXIODBITALIGN_C0\CORERXIODBITALIGN_C0_0\rtl\vlog\test\user\TXIOD_COMP.v'.
Reading file 'C:\Users\c79828\Documents\HLS_Work\fpga-hls-libraries\vision\demo_designs\PF_Video_kit\libero\vision_pipeline\component\work\CORERXIODBITALIGN_C0\CORERXIODBITALIGN_C0_0\rtl\vlog\test\user\CoreRxIODBitAlign_SD_wrap.v'.
Reading file 'C:\Users\c79828\Documents\HLS_Work\fpga-hls-libraries\vision\demo_designs\PF_Video_kit\libero\vision_pipeline\component\work\CORERXIODBITALIGN_C0\CORERXIODBITALIGN_C0_0\rtl\vlog\test\user\testbench.v'.
Reading file 'C:\Users\c79828\Documents\HLS_Work\fpga-hls-libraries\vision\demo_designs\PF_Video_kit\libero\vision_pipeline\component\work\CORERXIODBITALIGN_C1\CORERXIODBITALIGN_C1.v'.
Reading file 'C:\Users\c79828\Documents\HLS_Work\fpga-hls-libraries\vision\demo_designs\PF_Video_kit\libero\vision_pipeline\component\work\CORERXIODBITALIGN_C1\CORERXIODBITALIGN_C1_0\rtl\vlog\core\CoreRxIODBitAlign.v'.
Reading file 'C:\Users\c79828\Documents\HLS_Work\fpga-hls-libraries\vision\demo_designs\PF_Video_kit\libero\vision_pipeline\component\work\CORERXIODBITALIGN_C1\CORERXIODBITALIGN_C1_0\rtl\vlog\core\CoreRxIODBitAlign_top.v'.
Reading file 'C:\Users\c79828\Documents\HLS_Work\fpga-hls-libraries\vision\demo_designs\PF_Video_kit\libero\vision_pipeline\component\work\CORERXIODBITALIGN_C1\CORERXIODBITALIGN_C1_0\rtl\vlog\test\user\prbscheck_parallel_fab_x4.v'.
Reading file 'C:\Users\c79828\Documents\HLS_Work\fpga-hls-libraries\vision\demo_designs\PF_Video_kit\libero\vision_pipeline\component\work\CORERXIODBITALIGN_C1\CORERXIODBITALIGN_C1_0\rtl\vlog\test\user\prbsgen_parallel_fab_x4.v'.
Reading file 'C:\Users\c79828\Documents\HLS_Work\fpga-hls-libraries\vision\demo_designs\PF_Video_kit\libero\vision_pipeline\component\work\CORERXIODBITALIGN_C1\CORERXIODBITALIGN_C1_0\rtl\vlog\test\user\rev_bits_x4.v'.
Reading file 'C:\Users\c79828\Documents\HLS_Work\fpga-hls-libraries\vision\demo_designs\PF_Video_kit\libero\vision_pipeline\component\work\CORERXIODBITALIGN_C1\CORERXIODBITALIGN_C1_0\rtl\vlog\test\user\CCC_COMP_CCC_COMP_0_PF_CCC.v'.
Reading file 'C:\Users\c79828\Documents\HLS_Work\fpga-hls-libraries\vision\demo_designs\PF_Video_kit\libero\vision_pipeline\component\work\CORERXIODBITALIGN_C1\CORERXIODBITALIGN_C1_0\rtl\vlog\test\user\CCC_COMP.v'.
Reading file 'C:\Users\c79828\Documents\HLS_Work\fpga-hls-libraries\vision\demo_designs\PF_Video_kit\libero\vision_pipeline\component\work\CORERXIODBITALIGN_C1\CORERXIODBITALIGN_C1_0\rtl\vlog\test\user\CORERXIODBITALIGN_C0.v'.
Reading file 'C:\Users\c79828\Documents\HLS_Work\fpga-hls-libraries\vision\demo_designs\PF_Video_kit\libero\vision_pipeline\component\work\CORERXIODBITALIGN_C1\CORERXIODBITALIGN_C1_0\rtl\vlog\test\user\RXIOD_COMP_PF_CLK_DIV_FIFO_PF_CLK_DIV_DELAY.v'.
Reading file 'C:\Users\c79828\Documents\HLS_Work\fpga-hls-libraries\vision\demo_designs\PF_Video_kit\libero\vision_pipeline\component\work\CORERXIODBITALIGN_C1\CORERXIODBITALIGN_C1_0\rtl\vlog\test\user\RXIOD_COMP_PF_CLK_DIV_RXCLK_PF_CLK_DIV_DELAY.v'.
Reading file 'C:\Users\c79828\Documents\HLS_Work\fpga-hls-libraries\vision\demo_designs\PF_Video_kit\libero\vision_pipeline\component\work\CORERXIODBITALIGN_C1\CORERXIODBITALIGN_C1_0\rtl\vlog\test\user\RXIOD_COMP_PF_IOD_CLK_TRAINING_PF_IOD.v'.
Reading file 'C:\Users\c79828\Documents\HLS_Work\fpga-hls-libraries\vision\demo_designs\PF_Video_kit\libero\vision_pipeline\component\work\CORERXIODBITALIGN_C1\CORERXIODBITALIGN_C1_0\rtl\vlog\test\user\RXIOD_COMP_PF_IOD_RX_PF_IOD.v'.
Reading file 'C:\Users\c79828\Documents\HLS_Work\fpga-hls-libraries\vision\demo_designs\PF_Video_kit\libero\vision_pipeline\component\work\CORERXIODBITALIGN_C1\CORERXIODBITALIGN_C1_0\rtl\vlog\test\user\PF_LANECTRL_PAUSE_SYNC.v'.
Reading file 'C:\Users\c79828\Documents\HLS_Work\fpga-hls-libraries\vision\demo_designs\PF_Video_kit\libero\vision_pipeline\component\work\CORERXIODBITALIGN_C1\CORERXIODBITALIGN_C1_0\rtl\vlog\test\user\RXIOD_COMP_PF_LANECTRL_0_PF_LANECTRL.v'.
Reading file 'C:\Users\c79828\Documents\HLS_Work\fpga-hls-libraries\vision\demo_designs\PF_Video_kit\libero\vision_pipeline\component\work\CORERXIODBITALIGN_C1\CORERXIODBITALIGN_C1_0\rtl\vlog\test\user\PLL_BclkSclkAlign.v'.
Reading file 'C:\Users\c79828\Documents\HLS_Work\fpga-hls-libraries\vision\demo_designs\PF_Video_kit\libero\vision_pipeline\component\work\CORERXIODBITALIGN_C1\CORERXIODBITALIGN_C1_0\rtl\vlog\test\user\ICB_BclkSclkAlign.v'.
Reading file 'C:\Users\c79828\Documents\HLS_Work\fpga-hls-libraries\vision\demo_designs\PF_Video_kit\libero\vision_pipeline\component\work\CORERXIODBITALIGN_C1\CORERXIODBITALIGN_C1_0\rtl\vlog\test\user\CoreBclkSclkAlign.v'.
Reading file 'C:\Users\c79828\Documents\HLS_Work\fpga-hls-libraries\vision\demo_designs\PF_Video_kit\libero\vision_pipeline\component\work\CORERXIODBITALIGN_C1\CORERXIODBITALIGN_C1_0\rtl\vlog\test\user\RXIOD_COMP_TR.v'.
Reading file 'C:\Users\c79828\Documents\HLS_Work\fpga-hls-libraries\vision\demo_designs\PF_Video_kit\libero\vision_pipeline\component\work\CORERXIODBITALIGN_C1\CORERXIODBITALIGN_C1_0\rtl\vlog\test\user\RXIOD_COMP.v'.
Reading file 'C:\Users\c79828\Documents\HLS_Work\fpga-hls-libraries\vision\demo_designs\PF_Video_kit\libero\vision_pipeline\component\work\CORERXIODBITALIGN_C1\CORERXIODBITALIGN_C1_0\rtl\vlog\test\user\PF_LANECTRL_PAUSE_SYNC1.v'.
Reading file 'C:\Users\c79828\Documents\HLS_Work\fpga-hls-libraries\vision\demo_designs\PF_Video_kit\libero\vision_pipeline\component\work\CORERXIODBITALIGN_C1\CORERXIODBITALIGN_C1_0\rtl\vlog\test\user\TXIOD_COMP_LANECTRL_ADDR_CMD_0_PF_LANECTRL.v'.
Reading file 'C:\Users\c79828\Documents\HLS_Work\fpga-hls-libraries\vision\demo_designs\PF_Video_kit\libero\vision_pipeline\component\work\CORERXIODBITALIGN_C1\CORERXIODBITALIGN_C1_0\rtl\vlog\test\user\TXIOD_COMP_PF_IOD_TX_CLK_PF_IOD.v'.
Reading file 'C:\Users\c79828\Documents\HLS_Work\fpga-hls-libraries\vision\demo_designs\PF_Video_kit\libero\vision_pipeline\component\work\CORERXIODBITALIGN_C1\CORERXIODBITALIGN_C1_0\rtl\vlog\test\user\TXIOD_COMP_PF_IOD_TX_PF_IOD.v'.
Reading file 'C:\Users\c79828\Documents\HLS_Work\fpga-hls-libraries\vision\demo_designs\PF_Video_kit\libero\vision_pipeline\component\work\CORERXIODBITALIGN_C1\CORERXIODBITALIGN_C1_0\rtl\vlog\test\user\TXIOD_COMP.v'.
Reading file 'C:\Users\c79828\Documents\HLS_Work\fpga-hls-libraries\vision\demo_designs\PF_Video_kit\libero\vision_pipeline\component\work\CORERXIODBITALIGN_C1\CORERXIODBITALIGN_C1_0\rtl\vlog\test\user\CoreRxIODBitAlign_SD_wrap.v'.
Reading file 'C:\Users\c79828\Documents\HLS_Work\fpga-hls-libraries\vision\demo_designs\PF_Video_kit\libero\vision_pipeline\component\work\CORERXIODBITALIGN_C1\CORERXIODBITALIGN_C1_0\rtl\vlog\test\user\testbench.v'.
Reading file 'C:\Users\c79828\Documents\HLS_Work\fpga-hls-libraries\vision\demo_designs\PF_Video_kit\libero\vision_pipeline\component\work\CORERXIODBITALIGN_C2\CORERXIODBITALIGN_C2.v'.
Reading file 'C:\Users\c79828\Documents\HLS_Work\fpga-hls-libraries\vision\demo_designs\PF_Video_kit\libero\vision_pipeline\component\work\CORERXIODBITALIGN_C2\CORERXIODBITALIGN_C2_0\rtl\vlog\core\CoreRxIODBitAlign.v'.
Reading file 'C:\Users\c79828\Documents\HLS_Work\fpga-hls-libraries\vision\demo_designs\PF_Video_kit\libero\vision_pipeline\component\work\CORERXIODBITALIGN_C2\CORERXIODBITALIGN_C2_0\rtl\vlog\core\CoreRxIODBitAlign_top.v'.
Reading file 'C:\Users\c79828\Documents\HLS_Work\fpga-hls-libraries\vision\demo_designs\PF_Video_kit\libero\vision_pipeline\component\work\CORERXIODBITALIGN_C2\CORERXIODBITALIGN_C2_0\rtl\vlog\test\user\prbscheck_parallel_fab_x4.v'.
Reading file 'C:\Users\c79828\Documents\HLS_Work\fpga-hls-libraries\vision\demo_designs\PF_Video_kit\libero\vision_pipeline\component\work\CORERXIODBITALIGN_C2\CORERXIODBITALIGN_C2_0\rtl\vlog\test\user\prbsgen_parallel_fab_x4.v'.
Reading file 'C:\Users\c79828\Documents\HLS_Work\fpga-hls-libraries\vision\demo_designs\PF_Video_kit\libero\vision_pipeline\component\work\CORERXIODBITALIGN_C2\CORERXIODBITALIGN_C2_0\rtl\vlog\test\user\rev_bits_x4.v'.
Reading file 'C:\Users\c79828\Documents\HLS_Work\fpga-hls-libraries\vision\demo_designs\PF_Video_kit\libero\vision_pipeline\component\work\CORERXIODBITALIGN_C2\CORERXIODBITALIGN_C2_0\rtl\vlog\test\user\CCC_COMP_CCC_COMP_0_PF_CCC.v'.
Reading file 'C:\Users\c79828\Documents\HLS_Work\fpga-hls-libraries\vision\demo_designs\PF_Video_kit\libero\vision_pipeline\component\work\CORERXIODBITALIGN_C2\CORERXIODBITALIGN_C2_0\rtl\vlog\test\user\CCC_COMP.v'.
Reading file 'C:\Users\c79828\Documents\HLS_Work\fpga-hls-libraries\vision\demo_designs\PF_Video_kit\libero\vision_pipeline\component\work\CORERXIODBITALIGN_C2\CORERXIODBITALIGN_C2_0\rtl\vlog\test\user\CORERXIODBITALIGN_C0.v'.
Reading file 'C:\Users\c79828\Documents\HLS_Work\fpga-hls-libraries\vision\demo_designs\PF_Video_kit\libero\vision_pipeline\component\work\CORERXIODBITALIGN_C2\CORERXIODBITALIGN_C2_0\rtl\vlog\test\user\RXIOD_COMP_PF_CLK_DIV_FIFO_PF_CLK_DIV_DELAY.v'.
Reading file 'C:\Users\c79828\Documents\HLS_Work\fpga-hls-libraries\vision\demo_designs\PF_Video_kit\libero\vision_pipeline\component\work\CORERXIODBITALIGN_C2\CORERXIODBITALIGN_C2_0\rtl\vlog\test\user\RXIOD_COMP_PF_CLK_DIV_RXCLK_PF_CLK_DIV_DELAY.v'.
Reading file 'C:\Users\c79828\Documents\HLS_Work\fpga-hls-libraries\vision\demo_designs\PF_Video_kit\libero\vision_pipeline\component\work\CORERXIODBITALIGN_C2\CORERXIODBITALIGN_C2_0\rtl\vlog\test\user\RXIOD_COMP_PF_IOD_CLK_TRAINING_PF_IOD.v'.
Reading file 'C:\Users\c79828\Documents\HLS_Work\fpga-hls-libraries\vision\demo_designs\PF_Video_kit\libero\vision_pipeline\component\work\CORERXIODBITALIGN_C2\CORERXIODBITALIGN_C2_0\rtl\vlog\test\user\RXIOD_COMP_PF_IOD_RX_PF_IOD.v'.
Reading file 'C:\Users\c79828\Documents\HLS_Work\fpga-hls-libraries\vision\demo_designs\PF_Video_kit\libero\vision_pipeline\component\work\CORERXIODBITALIGN_C2\CORERXIODBITALIGN_C2_0\rtl\vlog\test\user\PF_LANECTRL_PAUSE_SYNC.v'.
Reading file 'C:\Users\c79828\Documents\HLS_Work\fpga-hls-libraries\vision\demo_designs\PF_Video_kit\libero\vision_pipeline\component\work\CORERXIODBITALIGN_C2\CORERXIODBITALIGN_C2_0\rtl\vlog\test\user\RXIOD_COMP_PF_LANECTRL_0_PF_LANECTRL.v'.
Reading file 'C:\Users\c79828\Documents\HLS_Work\fpga-hls-libraries\vision\demo_designs\PF_Video_kit\libero\vision_pipeline\component\work\CORERXIODBITALIGN_C2\CORERXIODBITALIGN_C2_0\rtl\vlog\test\user\PLL_BclkSclkAlign.v'.
Reading file 'C:\Users\c79828\Documents\HLS_Work\fpga-hls-libraries\vision\demo_designs\PF_Video_kit\libero\vision_pipeline\component\work\CORERXIODBITALIGN_C2\CORERXIODBITALIGN_C2_0\rtl\vlog\test\user\ICB_BclkSclkAlign.v'.
Reading file 'C:\Users\c79828\Documents\HLS_Work\fpga-hls-libraries\vision\demo_designs\PF_Video_kit\libero\vision_pipeline\component\work\CORERXIODBITALIGN_C2\CORERXIODBITALIGN_C2_0\rtl\vlog\test\user\CoreBclkSclkAlign.v'.
Reading file 'C:\Users\c79828\Documents\HLS_Work\fpga-hls-libraries\vision\demo_designs\PF_Video_kit\libero\vision_pipeline\component\work\CORERXIODBITALIGN_C2\CORERXIODBITALIGN_C2_0\rtl\vlog\test\user\RXIOD_COMP_TR.v'.
Reading file 'C:\Users\c79828\Documents\HLS_Work\fpga-hls-libraries\vision\demo_designs\PF_Video_kit\libero\vision_pipeline\component\work\CORERXIODBITALIGN_C2\CORERXIODBITALIGN_C2_0\rtl\vlog\test\user\RXIOD_COMP.v'.
Reading file 'C:\Users\c79828\Documents\HLS_Work\fpga-hls-libraries\vision\demo_designs\PF_Video_kit\libero\vision_pipeline\component\work\CORERXIODBITALIGN_C2\CORERXIODBITALIGN_C2_0\rtl\vlog\test\user\PF_LANECTRL_PAUSE_SYNC1.v'.
Reading file 'C:\Users\c79828\Documents\HLS_Work\fpga-hls-libraries\vision\demo_designs\PF_Video_kit\libero\vision_pipeline\component\work\CORERXIODBITALIGN_C2\CORERXIODBITALIGN_C2_0\rtl\vlog\test\user\TXIOD_COMP_LANECTRL_ADDR_CMD_0_PF_LANECTRL.v'.
Reading file 'C:\Users\c79828\Documents\HLS_Work\fpga-hls-libraries\vision\demo_designs\PF_Video_kit\libero\vision_pipeline\component\work\CORERXIODBITALIGN_C2\CORERXIODBITALIGN_C2_0\rtl\vlog\test\user\TXIOD_COMP_PF_IOD_TX_CLK_PF_IOD.v'.
Reading file 'C:\Users\c79828\Documents\HLS_Work\fpga-hls-libraries\vision\demo_designs\PF_Video_kit\libero\vision_pipeline\component\work\CORERXIODBITALIGN_C2\CORERXIODBITALIGN_C2_0\rtl\vlog\test\user\TXIOD_COMP_PF_IOD_TX_PF_IOD.v'.
Reading file 'C:\Users\c79828\Documents\HLS_Work\fpga-hls-libraries\vision\demo_designs\PF_Video_kit\libero\vision_pipeline\component\work\CORERXIODBITALIGN_C2\CORERXIODBITALIGN_C2_0\rtl\vlog\test\user\TXIOD_COMP.v'.
Reading file 'C:\Users\c79828\Documents\HLS_Work\fpga-hls-libraries\vision\demo_designs\PF_Video_kit\libero\vision_pipeline\component\work\CORERXIODBITALIGN_C2\CORERXIODBITALIGN_C2_0\rtl\vlog\test\user\CoreRxIODBitAlign_SD_wrap.v'.
Reading file 'C:\Users\c79828\Documents\HLS_Work\fpga-hls-libraries\vision\demo_designs\PF_Video_kit\libero\vision_pipeline\component\work\CORERXIODBITALIGN_C2\CORERXIODBITALIGN_C2_0\rtl\vlog\test\user\testbench.v'.
Reading file 'C:\Users\c79828\Documents\HLS_Work\fpga-hls-libraries\vision\demo_designs\PF_Video_kit\libero\vision_pipeline\component\work\CORERXIODBITALIGN_C3\CORERXIODBITALIGN_C3.v'.
Reading file 'C:\Users\c79828\Documents\HLS_Work\fpga-hls-libraries\vision\demo_designs\PF_Video_kit\libero\vision_pipeline\component\work\CORERXIODBITALIGN_C3\CORERXIODBITALIGN_C3_0\rtl\vlog\core\CoreRxIODBitAlign.v'.
Reading file 'C:\Users\c79828\Documents\HLS_Work\fpga-hls-libraries\vision\demo_designs\PF_Video_kit\libero\vision_pipeline\component\work\CORERXIODBITALIGN_C3\CORERXIODBITALIGN_C3_0\rtl\vlog\core\CoreRxIODBitAlign_top.v'.
Reading file 'C:\Users\c79828\Documents\HLS_Work\fpga-hls-libraries\vision\demo_designs\PF_Video_kit\libero\vision_pipeline\component\work\CORERXIODBITALIGN_C3\CORERXIODBITALIGN_C3_0\rtl\vlog\test\user\prbscheck_parallel_fab_x4.v'.
Reading file 'C:\Users\c79828\Documents\HLS_Work\fpga-hls-libraries\vision\demo_designs\PF_Video_kit\libero\vision_pipeline\component\work\CORERXIODBITALIGN_C3\CORERXIODBITALIGN_C3_0\rtl\vlog\test\user\prbsgen_parallel_fab_x4.v'.
Reading file 'C:\Users\c79828\Documents\HLS_Work\fpga-hls-libraries\vision\demo_designs\PF_Video_kit\libero\vision_pipeline\component\work\CORERXIODBITALIGN_C3\CORERXIODBITALIGN_C3_0\rtl\vlog\test\user\rev_bits_x4.v'.
Reading file 'C:\Users\c79828\Documents\HLS_Work\fpga-hls-libraries\vision\demo_designs\PF_Video_kit\libero\vision_pipeline\component\work\CORERXIODBITALIGN_C3\CORERXIODBITALIGN_C3_0\rtl\vlog\test\user\CCC_COMP_CCC_COMP_0_PF_CCC.v'.
Reading file 'C:\Users\c79828\Documents\HLS_Work\fpga-hls-libraries\vision\demo_designs\PF_Video_kit\libero\vision_pipeline\component\work\CORERXIODBITALIGN_C3\CORERXIODBITALIGN_C3_0\rtl\vlog\test\user\CCC_COMP.v'.
Reading file 'C:\Users\c79828\Documents\HLS_Work\fpga-hls-libraries\vision\demo_designs\PF_Video_kit\libero\vision_pipeline\component\work\CORERXIODBITALIGN_C3\CORERXIODBITALIGN_C3_0\rtl\vlog\test\user\CORERXIODBITALIGN_C0.v'.
Reading file 'C:\Users\c79828\Documents\HLS_Work\fpga-hls-libraries\vision\demo_designs\PF_Video_kit\libero\vision_pipeline\component\work\CORERXIODBITALIGN_C3\CORERXIODBITALIGN_C3_0\rtl\vlog\test\user\RXIOD_COMP_PF_CLK_DIV_FIFO_PF_CLK_DIV_DELAY.v'.
Reading file 'C:\Users\c79828\Documents\HLS_Work\fpga-hls-libraries\vision\demo_designs\PF_Video_kit\libero\vision_pipeline\component\work\CORERXIODBITALIGN_C3\CORERXIODBITALIGN_C3_0\rtl\vlog\test\user\RXIOD_COMP_PF_CLK_DIV_RXCLK_PF_CLK_DIV_DELAY.v'.
Reading file 'C:\Users\c79828\Documents\HLS_Work\fpga-hls-libraries\vision\demo_designs\PF_Video_kit\libero\vision_pipeline\component\work\CORERXIODBITALIGN_C3\CORERXIODBITALIGN_C3_0\rtl\vlog\test\user\RXIOD_COMP_PF_IOD_CLK_TRAINING_PF_IOD.v'.
Reading file 'C:\Users\c79828\Documents\HLS_Work\fpga-hls-libraries\vision\demo_designs\PF_Video_kit\libero\vision_pipeline\component\work\CORERXIODBITALIGN_C3\CORERXIODBITALIGN_C3_0\rtl\vlog\test\user\RXIOD_COMP_PF_IOD_RX_PF_IOD.v'.
Reading file 'C:\Users\c79828\Documents\HLS_Work\fpga-hls-libraries\vision\demo_designs\PF_Video_kit\libero\vision_pipeline\component\work\CORERXIODBITALIGN_C3\CORERXIODBITALIGN_C3_0\rtl\vlog\test\user\PF_LANECTRL_PAUSE_SYNC.v'.
Reading file 'C:\Users\c79828\Documents\HLS_Work\fpga-hls-libraries\vision\demo_designs\PF_Video_kit\libero\vision_pipeline\component\work\CORERXIODBITALIGN_C3\CORERXIODBITALIGN_C3_0\rtl\vlog\test\user\RXIOD_COMP_PF_LANECTRL_0_PF_LANECTRL.v'.
Reading file 'C:\Users\c79828\Documents\HLS_Work\fpga-hls-libraries\vision\demo_designs\PF_Video_kit\libero\vision_pipeline\component\work\CORERXIODBITALIGN_C3\CORERXIODBITALIGN_C3_0\rtl\vlog\test\user\PLL_BclkSclkAlign.v'.
Reading file 'C:\Users\c79828\Documents\HLS_Work\fpga-hls-libraries\vision\demo_designs\PF_Video_kit\libero\vision_pipeline\component\work\CORERXIODBITALIGN_C3\CORERXIODBITALIGN_C3_0\rtl\vlog\test\user\ICB_BclkSclkAlign.v'.
Reading file 'C:\Users\c79828\Documents\HLS_Work\fpga-hls-libraries\vision\demo_designs\PF_Video_kit\libero\vision_pipeline\component\work\CORERXIODBITALIGN_C3\CORERXIODBITALIGN_C3_0\rtl\vlog\test\user\CoreBclkSclkAlign.v'.
Reading file 'C:\Users\c79828\Documents\HLS_Work\fpga-hls-libraries\vision\demo_designs\PF_Video_kit\libero\vision_pipeline\component\work\CORERXIODBITALIGN_C3\CORERXIODBITALIGN_C3_0\rtl\vlog\test\user\RXIOD_COMP_TR.v'.
Reading file 'C:\Users\c79828\Documents\HLS_Work\fpga-hls-libraries\vision\demo_designs\PF_Video_kit\libero\vision_pipeline\component\work\CORERXIODBITALIGN_C3\CORERXIODBITALIGN_C3_0\rtl\vlog\test\user\RXIOD_COMP.v'.
Reading file 'C:\Users\c79828\Documents\HLS_Work\fpga-hls-libraries\vision\demo_designs\PF_Video_kit\libero\vision_pipeline\component\work\CORERXIODBITALIGN_C3\CORERXIODBITALIGN_C3_0\rtl\vlog\test\user\PF_LANECTRL_PAUSE_SYNC1.v'.
Reading file 'C:\Users\c79828\Documents\HLS_Work\fpga-hls-libraries\vision\demo_designs\PF_Video_kit\libero\vision_pipeline\component\work\CORERXIODBITALIGN_C3\CORERXIODBITALIGN_C3_0\rtl\vlog\test\user\TXIOD_COMP_LANECTRL_ADDR_CMD_0_PF_LANECTRL.v'.
Reading file 'C:\Users\c79828\Documents\HLS_Work\fpga-hls-libraries\vision\demo_designs\PF_Video_kit\libero\vision_pipeline\component\work\CORERXIODBITALIGN_C3\CORERXIODBITALIGN_C3_0\rtl\vlog\test\user\TXIOD_COMP_PF_IOD_TX_CLK_PF_IOD.v'.
Reading file 'C:\Users\c79828\Documents\HLS_Work\fpga-hls-libraries\vision\demo_designs\PF_Video_kit\libero\vision_pipeline\component\work\CORERXIODBITALIGN_C3\CORERXIODBITALIGN_C3_0\rtl\vlog\test\user\TXIOD_COMP_PF_IOD_TX_PF_IOD.v'.
Reading file 'C:\Users\c79828\Documents\HLS_Work\fpga-hls-libraries\vision\demo_designs\PF_Video_kit\libero\vision_pipeline\component\work\CORERXIODBITALIGN_C3\CORERXIODBITALIGN_C3_0\rtl\vlog\test\user\TXIOD_COMP.v'.
Reading file 'C:\Users\c79828\Documents\HLS_Work\fpga-hls-libraries\vision\demo_designs\PF_Video_kit\libero\vision_pipeline\component\work\CORERXIODBITALIGN_C3\CORERXIODBITALIGN_C3_0\rtl\vlog\test\user\CoreRxIODBitAlign_SD_wrap.v'.
Reading file 'C:\Users\c79828\Documents\HLS_Work\fpga-hls-libraries\vision\demo_designs\PF_Video_kit\libero\vision_pipeline\component\work\CORERXIODBITALIGN_C3\CORERXIODBITALIGN_C3_0\rtl\vlog\test\user\testbench.v'.
Reading file 'C:\Users\c79828\Documents\HLS_Work\fpga-hls-libraries\vision\demo_designs\PF_Video_kit\libero\vision_pipeline\component\work\mipicsi2rxdecoderPF_C0\mipicsi2rxdecoderPF_C0.v'.
Reading file 'C:\Users\c79828\Documents\HLS_Work\fpga-hls-libraries\vision\demo_designs\PF_Video_kit\libero\vision_pipeline\component\Microsemi\SolutionCore\mipicsi2rxdecoderPF\2.2.5\RTL\byte2pixel_conversion.v'.
Reading file 'C:\Users\c79828\Documents\HLS_Work\fpga-hls-libraries\vision\demo_designs\PF_Video_kit\libero\vision_pipeline\component\Microsemi\SolutionCore\mipicsi2rxdecoderPF\2.2.5\RTL\cdcfifo.v'.
Reading file 'C:\Users\c79828\Documents\HLS_Work\fpga-hls-libraries\vision\demo_designs\PF_Video_kit\libero\vision_pipeline\component\Microsemi\SolutionCore\mipicsi2rxdecoderPF\2.2.5\RTL\cdcfiforam.v'.
Reading file 'C:\Users\c79828\Documents\HLS_Work\fpga-hls-libraries\vision\demo_designs\PF_Video_kit\libero\vision_pipeline\component\Microsemi\SolutionCore\mipicsi2rxdecoderPF\2.2.5\RTL\embsync_detect.v'.
Reading file 'C:\Users\c79828\Documents\HLS_Work\fpga-hls-libraries\vision\demo_designs\PF_Video_kit\libero\vision_pipeline\component\Microsemi\SolutionCore\mipicsi2rxdecoderPF\2.2.5\RTL\mipicsi2rxdecoderPF.v'.
Reading file 'C:\Users\c79828\Documents\HLS_Work\fpga-hls-libraries\vision\demo_designs\PF_Video_kit\libero\vision_pipeline\component\Microsemi\SolutionCore\mipicsi2rxdecoderPF\2.2.5\RTL\mipi_csi2_rxdecoder.v'.
Reading file 'C:\Users\c79828\Documents\HLS_Work\fpga-hls-libraries\vision\demo_designs\PF_Video_kit\libero\vision_pipeline\component\work\PF_CCC_C2\PF_CCC_C2.v'.
Reading file 'C:\Users\c79828\Documents\HLS_Work\fpga-hls-libraries\vision\demo_designs\PF_Video_kit\libero\vision_pipeline\component\work\PF_CCC_C2\PF_CCC_C2_0\PF_CCC_C2_PF_CCC_C2_0_PF_CCC.v'.
Reading file 'C:\Users\c79828\Documents\HLS_Work\fpga-hls-libraries\vision\demo_designs\PF_Video_kit\libero\vision_pipeline\component\work\PF_IOD_GENERIC_RX_C0\PF_IOD_GENERIC_RX_C0.v'.
Reading file 'C:\Users\c79828\Documents\HLS_Work\fpga-hls-libraries\vision\demo_designs\PF_Video_kit\libero\vision_pipeline\component\work\PF_IOD_GENERIC_RX_C0\PF_CLK_DIV_FIFO\PF_IOD_GENERIC_RX_C0_PF_CLK_DIV_FIFO_PF_CLK_DIV_DELAY.v'.
Reading file 'C:\Users\c79828\Documents\HLS_Work\fpga-hls-libraries\vision\demo_designs\PF_Video_kit\libero\vision_pipeline\component\work\PF_IOD_GENERIC_RX_C0\PF_CLK_DIV_RXCLK\PF_IOD_GENERIC_RX_C0_PF_CLK_DIV_RXCLK_PF_CLK_DIV_DELAY.v'.
Reading file 'C:\Users\c79828\Documents\HLS_Work\fpga-hls-libraries\vision\demo_designs\PF_Video_kit\libero\vision_pipeline\component\work\PF_IOD_GENERIC_RX_C0\PF_IOD_CLK_TRAINING\PF_IOD_GENERIC_RX_C0_PF_IOD_CLK_TRAINING_PF_IOD.v'.
Reading file 'C:\Users\c79828\Documents\HLS_Work\fpga-hls-libraries\vision\demo_designs\PF_Video_kit\libero\vision_pipeline\component\work\PF_IOD_GENERIC_RX_C0\PF_IOD_RX\PF_IOD_GENERIC_RX_C0_PF_IOD_RX_PF_IOD.v'.
Reading file 'C:\Users\c79828\Documents\HLS_Work\fpga-hls-libraries\vision\demo_designs\PF_Video_kit\libero\vision_pipeline\component\work\PF_IOD_GENERIC_RX_C0\PF_LANECTRL_0\PF_IOD_GENERIC_RX_C0_PF_LANECTRL_0_PF_LANECTRL.v'.
Reading file 'C:\Users\c79828\Documents\HLS_Work\fpga-hls-libraries\vision\demo_designs\PF_Video_kit\libero\vision_pipeline\component\work\PF_IOD_GENERIC_RX_C0\PF_LANECTRL_0\PF_LANECTRL_PAUSE_SYNC.v'.
Reading file 'C:\Users\c79828\Documents\HLS_Work\fpga-hls-libraries\vision\demo_designs\PF_Video_kit\libero\vision_pipeline\component\work\PF_IOD_GENERIC_RX_C0_TR\PF_IOD_GENERIC_RX_C0_TR.v'.
Reading file 'C:\Users\c79828\Documents\HLS_Work\fpga-hls-libraries\vision\demo_designs\PF_Video_kit\libero\vision_pipeline\component\Actel\DirectCore\COREBCLKSCLKALIGN\3.0.100\rtl\vlog\core\PLL_BclkSclkAlign.v'.
Reading file 'C:\Users\c79828\Documents\HLS_Work\fpga-hls-libraries\vision\demo_designs\PF_Video_kit\libero\vision_pipeline\component\Actel\DirectCore\COREBCLKSCLKALIGN\3.0.100\rtl\vlog\core\ICB_BclkSclkAlign.v'.
Reading file 'C:\Users\c79828\Documents\HLS_Work\fpga-hls-libraries\vision\demo_designs\PF_Video_kit\libero\vision_pipeline\component\Actel\DirectCore\COREBCLKSCLKALIGN\3.0.100\rtl\vlog\test\user\CoreBclkSclkAlign.v'.
Reading file 'C:\Users\c79828\Documents\HLS_Work\fpga-hls-libraries\vision\demo_designs\PF_Video_kit\libero\vision_pipeline\component\Actel\DirectCore\COREBCLKSCLKALIGN\3.0.100\rtl\vlog\test\user\ICB_BclkSclkAlign.v'.
Reading file 'C:\Users\c79828\Documents\HLS_Work\fpga-hls-libraries\vision\demo_designs\PF_Video_kit\libero\vision_pipeline\component\Actel\DirectCore\COREBCLKSCLKALIGN\3.0.100\rtl\vlog\test\user\PF_CCC_C0.v'.
Reading file 'C:\Users\c79828\Documents\HLS_Work\fpga-hls-libraries\vision\demo_designs\PF_Video_kit\libero\vision_pipeline\component\Actel\DirectCore\COREBCLKSCLKALIGN\3.0.100\rtl\vlog\test\user\PF_CCC_C0_PF_CCC_C0_0_PF_CCC.v'.
Reading file 'C:\Users\c79828\Documents\HLS_Work\fpga-hls-libraries\vision\demo_designs\PF_Video_kit\libero\vision_pipeline\component\Actel\DirectCore\COREBCLKSCLKALIGN\3.0.100\rtl\vlog\test\user\PF_DRI_C0.v'.
Reading file 'C:\Users\c79828\Documents\HLS_Work\fpga-hls-libraries\vision\demo_designs\PF_Video_kit\libero\vision_pipeline\component\Actel\DirectCore\COREBCLKSCLKALIGN\3.0.100\rtl\vlog\test\user\PF_DRI_C0_PF_DRI_C0_0_PF_DRI.v'.
Reading file 'C:\Users\c79828\Documents\HLS_Work\fpga-hls-libraries\vision\demo_designs\PF_Video_kit\libero\vision_pipeline\component\Actel\DirectCore\COREBCLKSCLKALIGN\3.0.100\rtl\vlog\test\user\PF_IOD_GENERIC_RX_C1.v'.
Reading file 'C:\Users\c79828\Documents\HLS_Work\fpga-hls-libraries\vision\demo_designs\PF_Video_kit\libero\vision_pipeline\component\Actel\DirectCore\COREBCLKSCLKALIGN\3.0.100\rtl\vlog\test\user\PF_IOD_GENERIC_RX_C1_PF_CLK_DIV_FIFO_PF_CLK_DIV_DELAY.v'.
Reading file 'C:\Users\c79828\Documents\HLS_Work\fpga-hls-libraries\vision\demo_designs\PF_Video_kit\libero\vision_pipeline\component\Actel\DirectCore\COREBCLKSCLKALIGN\3.0.100\rtl\vlog\test\user\PF_IOD_GENERIC_RX_C1_PF_CLK_DIV_RXCLK_PF_CLK_DIV_DELAY.v'.
Reading file 'C:\Users\c79828\Documents\HLS_Work\fpga-hls-libraries\vision\demo_designs\PF_Video_kit\libero\vision_pipeline\component\Actel\DirectCore\COREBCLKSCLKALIGN\3.0.100\rtl\vlog\test\user\PF_IOD_GENERIC_RX_C1_PF_IOD_CLK_TRAINING_PF_IOD.v'.
Reading file 'C:\Users\c79828\Documents\HLS_Work\fpga-hls-libraries\vision\demo_designs\PF_Video_kit\libero\vision_pipeline\component\Actel\DirectCore\COREBCLKSCLKALIGN\3.0.100\rtl\vlog\test\user\PF_IOD_GENERIC_RX_C1_PF_IOD_RX_PF_IOD.v'.
Reading file 'C:\Users\c79828\Documents\HLS_Work\fpga-hls-libraries\vision\demo_designs\PF_Video_kit\libero\vision_pipeline\component\Actel\DirectCore\COREBCLKSCLKALIGN\3.0.100\rtl\vlog\test\user\PF_IOD_GENERIC_RX_C1_PF_LANECTRL_0_PF_LANECTRL.v'.
Reading file 'C:\Users\c79828\Documents\HLS_Work\fpga-hls-libraries\vision\demo_designs\PF_Video_kit\libero\vision_pipeline\component\Actel\DirectCore\COREBCLKSCLKALIGN\3.0.100\rtl\vlog\test\user\PF_IOD_GENERIC_TX_C0.v'.
Reading file 'C:\Users\c79828\Documents\HLS_Work\fpga-hls-libraries\vision\demo_designs\PF_Video_kit\libero\vision_pipeline\component\Actel\DirectCore\COREBCLKSCLKALIGN\3.0.100\rtl\vlog\test\user\PF_IOD_GENERIC_TX_C0_LANECTRL_ADDR_CMD_0_PF_LANECTRL.v'.
Reading file 'C:\Users\c79828\Documents\HLS_Work\fpga-hls-libraries\vision\demo_designs\PF_Video_kit\libero\vision_pipeline\component\Actel\DirectCore\COREBCLKSCLKALIGN\3.0.100\rtl\vlog\test\user\PF_IOD_GENERIC_TX_C0_PF_IOD_CLK_TRAINING_PF_IOD.v'.
Reading file 'C:\Users\c79828\Documents\HLS_Work\fpga-hls-libraries\vision\demo_designs\PF_Video_kit\libero\vision_pipeline\component\Actel\DirectCore\COREBCLKSCLKALIGN\3.0.100\rtl\vlog\test\user\PF_IOD_GENERIC_TX_C0_PF_IOD_TX_CLK_PF_IOD.v'.
Reading file 'C:\Users\c79828\Documents\HLS_Work\fpga-hls-libraries\vision\demo_designs\PF_Video_kit\libero\vision_pipeline\component\Actel\DirectCore\COREBCLKSCLKALIGN\3.0.100\rtl\vlog\test\user\PF_IOD_GENERIC_TX_C0_PF_IOD_TX_PF_IOD.v'.
Reading file 'C:\Users\c79828\Documents\HLS_Work\fpga-hls-libraries\vision\demo_designs\PF_Video_kit\libero\vision_pipeline\component\Actel\DirectCore\COREBCLKSCLKALIGN\3.0.100\rtl\vlog\test\user\PF_LANECTRL_PAUSE_SYNC.v'.
Reading file 'C:\Users\c79828\Documents\HLS_Work\fpga-hls-libraries\vision\demo_designs\PF_Video_kit\libero\vision_pipeline\component\Actel\DirectCore\COREBCLKSCLKALIGN\3.0.100\rtl\vlog\test\user\PF_LANECTRL_PAUSE_SYNC_2.v'.
Reading file 'C:\Users\c79828\Documents\HLS_Work\fpga-hls-libraries\vision\demo_designs\PF_Video_kit\libero\vision_pipeline\component\Actel\DirectCore\COREBCLKSCLKALIGN\3.0.100\rtl\vlog\test\user\PLL_BclkSclkAlign.v'.
Reading file 'C:\Users\c79828\Documents\HLS_Work\fpga-hls-libraries\vision\demo_designs\PF_Video_kit\libero\vision_pipeline\component\work\PF_IOD_GENERIC_RX_C0_TR\PF_IOD_GENERIC_RX_C0_TR_0\rtl\vlog\core\CoreBclkSclkAlign.v'.
Reading file 'C:\Users\c79828\Documents\HLS_Work\fpga-hls-libraries\vision\demo_designs\PF_Video_kit\libero\vision_pipeline\component\work\PF_IOD_GENERIC_RX_C0_TR\PF_IOD_GENERIC_RX_C0_TR_0\rtl\vlog\test\user\BclkSclk_PLL_TX2_1200mbps_SD_wrap.v'.
Reading file 'C:\Users\c79828\Documents\HLS_Work\fpga-hls-libraries\vision\demo_designs\PF_Video_kit\libero\vision_pipeline\component\work\PF_IOD_GENERIC_RX_C0_TR\PF_IOD_GENERIC_RX_C0_TR_0\rtl\vlog\test\user\BclkSclk_PLL_TX2_1200mbps_TB.v'.
Reading file 'C:\Users\c79828\Documents\HLS_Work\fpga-hls-libraries\vision\demo_designs\PF_Video_kit\libero\vision_pipeline\component\Actel\DirectCore\COREBCLKSCLKALIGN\3.0.100\rtl\vlog\test\user\CoreBclkSclkAlign.v'.
Reading file 'C:\Users\c79828\Documents\HLS_Work\fpga-hls-libraries\vision\demo_designs\PF_Video_kit\libero\vision_pipeline\component\Actel\DirectCore\COREBCLKSCLKALIGN\3.0.100\rtl\vlog\test\user\ICB_BclkSclkAlign.v'.
Reading file 'C:\Users\c79828\Documents\HLS_Work\fpga-hls-libraries\vision\demo_designs\PF_Video_kit\libero\vision_pipeline\component\Actel\DirectCore\COREBCLKSCLKALIGN\3.0.100\rtl\vlog\test\user\PF_CCC_C0.v'.
Reading file 'C:\Users\c79828\Documents\HLS_Work\fpga-hls-libraries\vision\demo_designs\PF_Video_kit\libero\vision_pipeline\component\Actel\DirectCore\COREBCLKSCLKALIGN\3.0.100\rtl\vlog\test\user\PF_CCC_C0_PF_CCC_C0_0_PF_CCC.v'.
Reading file 'C:\Users\c79828\Documents\HLS_Work\fpga-hls-libraries\vision\demo_designs\PF_Video_kit\libero\vision_pipeline\component\Actel\DirectCore\COREBCLKSCLKALIGN\3.0.100\rtl\vlog\test\user\PF_DRI_C0.v'.
Reading file 'C:\Users\c79828\Documents\HLS_Work\fpga-hls-libraries\vision\demo_designs\PF_Video_kit\libero\vision_pipeline\component\Actel\DirectCore\COREBCLKSCLKALIGN\3.0.100\rtl\vlog\test\user\PF_DRI_C0_PF_DRI_C0_0_PF_DRI.v'.
Reading file 'C:\Users\c79828\Documents\HLS_Work\fpga-hls-libraries\vision\demo_designs\PF_Video_kit\libero\vision_pipeline\component\Actel\DirectCore\COREBCLKSCLKALIGN\3.0.100\rtl\vlog\test\user\PF_IOD_GENERIC_RX_C1.v'.
Reading file 'C:\Users\c79828\Documents\HLS_Work\fpga-hls-libraries\vision\demo_designs\PF_Video_kit\libero\vision_pipeline\component\Actel\DirectCore\COREBCLKSCLKALIGN\3.0.100\rtl\vlog\test\user\PF_IOD_GENERIC_RX_C1_PF_CLK_DIV_FIFO_PF_CLK_DIV_DELAY.v'.
Reading file 'C:\Users\c79828\Documents\HLS_Work\fpga-hls-libraries\vision\demo_designs\PF_Video_kit\libero\vision_pipeline\component\Actel\DirectCore\COREBCLKSCLKALIGN\3.0.100\rtl\vlog\test\user\PF_IOD_GENERIC_RX_C1_PF_CLK_DIV_RXCLK_PF_CLK_DIV_DELAY.v'.
Reading file 'C:\Users\c79828\Documents\HLS_Work\fpga-hls-libraries\vision\demo_designs\PF_Video_kit\libero\vision_pipeline\component\Actel\DirectCore\COREBCLKSCLKALIGN\3.0.100\rtl\vlog\test\user\PF_IOD_GENERIC_RX_C1_PF_IOD_CLK_TRAINING_PF_IOD.v'.
Reading file 'C:\Users\c79828\Documents\HLS_Work\fpga-hls-libraries\vision\demo_designs\PF_Video_kit\libero\vision_pipeline\component\Actel\DirectCore\COREBCLKSCLKALIGN\3.0.100\rtl\vlog\test\user\PF_IOD_GENERIC_RX_C1_PF_IOD_RX_PF_IOD.v'.
Reading file 'C:\Users\c79828\Documents\HLS_Work\fpga-hls-libraries\vision\demo_designs\PF_Video_kit\libero\vision_pipeline\component\Actel\DirectCore\COREBCLKSCLKALIGN\3.0.100\rtl\vlog\test\user\PF_IOD_GENERIC_RX_C1_PF_LANECTRL_0_PF_LANECTRL.v'.
Reading file 'C:\Users\c79828\Documents\HLS_Work\fpga-hls-libraries\vision\demo_designs\PF_Video_kit\libero\vision_pipeline\component\Actel\DirectCore\COREBCLKSCLKALIGN\3.0.100\rtl\vlog\test\user\PF_IOD_GENERIC_TX_C0.v'.
Reading file 'C:\Users\c79828\Documents\HLS_Work\fpga-hls-libraries\vision\demo_designs\PF_Video_kit\libero\vision_pipeline\component\Actel\DirectCore\COREBCLKSCLKALIGN\3.0.100\rtl\vlog\test\user\PF_IOD_GENERIC_TX_C0_LANECTRL_ADDR_CMD_0_PF_LANECTRL.v'.
Reading file 'C:\Users\c79828\Documents\HLS_Work\fpga-hls-libraries\vision\demo_designs\PF_Video_kit\libero\vision_pipeline\component\Actel\DirectCore\COREBCLKSCLKALIGN\3.0.100\rtl\vlog\test\user\PF_IOD_GENERIC_TX_C0_PF_IOD_CLK_TRAINING_PF_IOD.v'.
Reading file 'C:\Users\c79828\Documents\HLS_Work\fpga-hls-libraries\vision\demo_designs\PF_Video_kit\libero\vision_pipeline\component\Actel\DirectCore\COREBCLKSCLKALIGN\3.0.100\rtl\vlog\test\user\PF_IOD_GENERIC_TX_C0_PF_IOD_TX_CLK_PF_IOD.v'.
Reading file 'C:\Users\c79828\Documents\HLS_Work\fpga-hls-libraries\vision\demo_designs\PF_Video_kit\libero\vision_pipeline\component\Actel\DirectCore\COREBCLKSCLKALIGN\3.0.100\rtl\vlog\test\user\PF_IOD_GENERIC_TX_C0_PF_IOD_TX_PF_IOD.v'.
Reading file 'C:\Users\c79828\Documents\HLS_Work\fpga-hls-libraries\vision\demo_designs\PF_Video_kit\libero\vision_pipeline\component\Actel\DirectCore\COREBCLKSCLKALIGN\3.0.100\rtl\vlog\test\user\PF_LANECTRL_PAUSE_SYNC.v'.
Reading file 'C:\Users\c79828\Documents\HLS_Work\fpga-hls-libraries\vision\demo_designs\PF_Video_kit\libero\vision_pipeline\component\Actel\DirectCore\COREBCLKSCLKALIGN\3.0.100\rtl\vlog\test\user\PF_LANECTRL_PAUSE_SYNC_2.v'.
Reading file 'C:\Users\c79828\Documents\HLS_Work\fpga-hls-libraries\vision\demo_designs\PF_Video_kit\libero\vision_pipeline\component\Actel\DirectCore\COREBCLKSCLKALIGN\3.0.100\rtl\vlog\test\user\PLL_BclkSclkAlign.v'.
Reading file 'C:\Users\c79828\Documents\HLS_Work\fpga-hls-libraries\vision\demo_designs\PF_Video_kit\libero\vision_pipeline\component\work\PF_IOD_GENERIC_RX_C0_TR\PF_IOD_GENERIC_RX_C0_TR_0\rtl\vlog\test\user\prbscheck_parallel_fab_x2.v'.
Reading file 'C:\Users\c79828\Documents\HLS_Work\fpga-hls-libraries\vision\demo_designs\PF_Video_kit\libero\vision_pipeline\component\work\PF_IOD_GENERIC_RX_C0_TR\PF_IOD_GENERIC_RX_C0_TR_0\rtl\vlog\test\user\prbsgen_parallel_fab_x2.v'.
Reading file 'C:\Users\c79828\Documents\HLS_Work\fpga-hls-libraries\vision\demo_designs\PF_Video_kit\libero\vision_pipeline\component\work\PF_IOD_GENERIC_RX_C0_TR\PF_IOD_GENERIC_RX_C0_TR_0\rtl\vlog\test\user\rev_bits_x2.v'.
Reading file 'C:\Users\c79828\Documents\HLS_Work\fpga-hls-libraries\vision\demo_designs\PF_Video_kit\libero\vision_pipeline\hdl\camera_to_axis_converter.v'.
Reading file 'C:\Users\c79828\Documents\HLS_Work\fpga-hls-libraries\vision\demo_designs\PF_Video_kit\libero\vision_pipeline\hdl\FrameBufferControl.v'.
Reading file 'C:\Users\c79828\Documents\HLS_Work\fpga-hls-libraries\vision\demo_designs\PF_Video_kit\libero\vision_pipeline\component\work\CAM_IOD_TIP_TOP\CAM_IOD_TIP_TOP.v'.
Reading file 'C:\Users\c79828\Documents\HLS_Work\fpga-hls-libraries\vision\demo_designs\PF_Video_kit\libero\vision_pipeline\component\work\IMX334_IF_TOP\IMX334_IF_TOP.v'.
Downloading Microsemi:SolutionCore:HDMI_TX:1.0.2...

Info:  Core 'Microsemi:SolutionCore:HDMI_TX:1.0.2' was successfully downloaded.
Downloading Actel:SgCore:PF_TX_PLL:2.0.304...

Info:  Core 'Actel:SgCore:PF_TX_PLL:2.0.304' was successfully downloaded.
Downloading Actel:SystemBuilder:PF_XCVR_ERM:3.1.206...

Info:  Core 'Actel:SystemBuilder:PF_XCVR_ERM:3.1.206' was successfully downloaded.
Downloading Actel:SgCore:PF_XCVR_REF_CLK:1.0.103...

Info:  Core 'Actel:SgCore:PF_XCVR_REF_CLK:1.0.103' was successfully downloaded.
Reading file 'C:\Users\c79828\Documents\HLS_Work\fpga-hls-libraries\vision\demo_designs\PF_Video_kit\libero\vision_pipeline\component\work\CORERESET_PF_C1\CORERESET_PF_C1.v'.
Reading file 'C:\Users\c79828\Documents\HLS_Work\fpga-hls-libraries\vision\demo_designs\PF_Video_kit\libero\vision_pipeline\component\work\CORERESET_PF_C1\CORERESET_PF_C1_0\core\corereset_pf.v'.
Reading file 'C:\Users\c79828\Documents\HLS_Work\fpga-hls-libraries\vision\demo_designs\PF_Video_kit\libero\vision_pipeline\component\work\CORERESET_PF_C1\CORERESET_PF_C1_0\test\corereset_pf_tb.v'.
Reading file 'C:\Users\c79828\Documents\HLS_Work\fpga-hls-libraries\vision\demo_designs\PF_Video_kit\libero\vision_pipeline\component\work\CORERESET_PF_C2\CORERESET_PF_C2.v'.
Reading file 'C:\Users\c79828\Documents\HLS_Work\fpga-hls-libraries\vision\demo_designs\PF_Video_kit\libero\vision_pipeline\component\work\CORERESET_PF_C2\CORERESET_PF_C2_0\core\corereset_pf.v'.
Reading file 'C:\Users\c79828\Documents\HLS_Work\fpga-hls-libraries\vision\demo_designs\PF_Video_kit\libero\vision_pipeline\component\work\CORERESET_PF_C2\CORERESET_PF_C2_0\test\corereset_pf_tb.v'.
Reading file 'C:\Users\c79828\Documents\HLS_Work\fpga-hls-libraries\vision\demo_designs\PF_Video_kit\libero\vision_pipeline\component\work\CORERESET_PF_C3\CORERESET_PF_C3.v'.
Reading file 'C:\Users\c79828\Documents\HLS_Work\fpga-hls-libraries\vision\demo_designs\PF_Video_kit\libero\vision_pipeline\component\work\CORERESET_PF_C3\CORERESET_PF_C3_0\core\corereset_pf.v'.
Reading file 'C:\Users\c79828\Documents\HLS_Work\fpga-hls-libraries\vision\demo_designs\PF_Video_kit\libero\vision_pipeline\component\work\CORERESET_PF_C3\CORERESET_PF_C3_0\test\corereset_pf_tb.v'.
Reading file 'C:\Users\c79828\Documents\HLS_Work\fpga-hls-libraries\vision\demo_designs\PF_Video_kit\libero\vision_pipeline\component\work\CORERXIODBITALIGN_C0\CORERXIODBITALIGN_C0.v'.
Reading file 'C:\Users\c79828\Documents\HLS_Work\fpga-hls-libraries\vision\demo_designs\PF_Video_kit\libero\vision_pipeline\component\work\CORERXIODBITALIGN_C0\CORERXIODBITALIGN_C0_0\rtl\vlog\core\CoreRxIODBitAlign.v'.
Reading file 'C:\Users\c79828\Documents\HLS_Work\fpga-hls-libraries\vision\demo_designs\PF_Video_kit\libero\vision_pipeline\component\work\CORERXIODBITALIGN_C0\CORERXIODBITALIGN_C0_0\rtl\vlog\core\CoreRxIODBitAlign_top.v'.
Reading file 'C:\Users\c79828\Documents\HLS_Work\fpga-hls-libraries\vision\demo_designs\PF_Video_kit\libero\vision_pipeline\component\work\CORERXIODBITALIGN_C0\CORERXIODBITALIGN_C0_0\rtl\vlog\test\user\prbscheck_parallel_fab_x4.v'.
Reading file 'C:\Users\c79828\Documents\HLS_Work\fpga-hls-libraries\vision\demo_designs\PF_Video_kit\libero\vision_pipeline\component\work\CORERXIODBITALIGN_C0\CORERXIODBITALIGN_C0_0\rtl\vlog\test\user\prbsgen_parallel_fab_x4.v'.
Reading file 'C:\Users\c79828\Documents\HLS_Work\fpga-hls-libraries\vision\demo_designs\PF_Video_kit\libero\vision_pipeline\component\work\CORERXIODBITALIGN_C0\CORERXIODBITALIGN_C0_0\rtl\vlog\test\user\rev_bits_x4.v'.
Reading file 'C:\Users\c79828\Documents\HLS_Work\fpga-hls-libraries\vision\demo_designs\PF_Video_kit\libero\vision_pipeline\component\work\CORERXIODBITALIGN_C0\CORERXIODBITALIGN_C0_0\rtl\vlog\test\user\CCC_COMP_CCC_COMP_0_PF_CCC.v'.
Reading file 'C:\Users\c79828\Documents\HLS_Work\fpga-hls-libraries\vision\demo_designs\PF_Video_kit\libero\vision_pipeline\component\work\CORERXIODBITALIGN_C0\CORERXIODBITALIGN_C0_0\rtl\vlog\test\user\CCC_COMP.v'.
Reading file 'C:\Users\c79828\Documents\HLS_Work\fpga-hls-libraries\vision\demo_designs\PF_Video_kit\libero\vision_pipeline\component\work\CORERXIODBITALIGN_C0\CORERXIODBITALIGN_C0_0\rtl\vlog\test\user\CORERXIODBITALIGN_C0.v'.
Reading file 'C:\Users\c79828\Documents\HLS_Work\fpga-hls-libraries\vision\demo_designs\PF_Video_kit\libero\vision_pipeline\component\work\CORERXIODBITALIGN_C0\CORERXIODBITALIGN_C0_0\rtl\vlog\test\user\RXIOD_COMP_PF_CLK_DIV_FIFO_PF_CLK_DIV_DELAY.v'.
Reading file 'C:\Users\c79828\Documents\HLS_Work\fpga-hls-libraries\vision\demo_designs\PF_Video_kit\libero\vision_pipeline\component\work\CORERXIODBITALIGN_C0\CORERXIODBITALIGN_C0_0\rtl\vlog\test\user\RXIOD_COMP_PF_CLK_DIV_RXCLK_PF_CLK_DIV_DELAY.v'.
Reading file 'C:\Users\c79828\Documents\HLS_Work\fpga-hls-libraries\vision\demo_designs\PF_Video_kit\libero\vision_pipeline\component\work\CORERXIODBITALIGN_C0\CORERXIODBITALIGN_C0_0\rtl\vlog\test\user\RXIOD_COMP_PF_IOD_CLK_TRAINING_PF_IOD.v'.
Reading file 'C:\Users\c79828\Documents\HLS_Work\fpga-hls-libraries\vision\demo_designs\PF_Video_kit\libero\vision_pipeline\component\work\CORERXIODBITALIGN_C0\CORERXIODBITALIGN_C0_0\rtl\vlog\test\user\RXIOD_COMP_PF_IOD_RX_PF_IOD.v'.
Reading file 'C:\Users\c79828\Documents\HLS_Work\fpga-hls-libraries\vision\demo_designs\PF_Video_kit\libero\vision_pipeline\component\work\CORERXIODBITALIGN_C0\CORERXIODBITALIGN_C0_0\rtl\vlog\test\user\PF_LANECTRL_PAUSE_SYNC.v'.
Reading file 'C:\Users\c79828\Documents\HLS_Work\fpga-hls-libraries\vision\demo_designs\PF_Video_kit\libero\vision_pipeline\component\work\CORERXIODBITALIGN_C0\CORERXIODBITALIGN_C0_0\rtl\vlog\test\user\RXIOD_COMP_PF_LANECTRL_0_PF_LANECTRL.v'.
Reading file 'C:\Users\c79828\Documents\HLS_Work\fpga-hls-libraries\vision\demo_designs\PF_Video_kit\libero\vision_pipeline\component\work\CORERXIODBITALIGN_C0\CORERXIODBITALIGN_C0_0\rtl\vlog\test\user\PLL_BclkSclkAlign.v'.
Reading file 'C:\Users\c79828\Documents\HLS_Work\fpga-hls-libraries\vision\demo_designs\PF_Video_kit\libero\vision_pipeline\component\work\CORERXIODBITALIGN_C0\CORERXIODBITALIGN_C0_0\rtl\vlog\test\user\ICB_BclkSclkAlign.v'.
Reading file 'C:\Users\c79828\Documents\HLS_Work\fpga-hls-libraries\vision\demo_designs\PF_Video_kit\libero\vision_pipeline\component\work\CORERXIODBITALIGN_C0\CORERXIODBITALIGN_C0_0\rtl\vlog\test\user\CoreBclkSclkAlign.v'.
Reading file 'C:\Users\c79828\Documents\HLS_Work\fpga-hls-libraries\vision\demo_designs\PF_Video_kit\libero\vision_pipeline\component\work\CORERXIODBITALIGN_C0\CORERXIODBITALIGN_C0_0\rtl\vlog\test\user\RXIOD_COMP_TR.v'.
Reading file 'C:\Users\c79828\Documents\HLS_Work\fpga-hls-libraries\vision\demo_designs\PF_Video_kit\libero\vision_pipeline\component\work\CORERXIODBITALIGN_C0\CORERXIODBITALIGN_C0_0\rtl\vlog\test\user\RXIOD_COMP.v'.
Reading file 'C:\Users\c79828\Documents\HLS_Work\fpga-hls-libraries\vision\demo_designs\PF_Video_kit\libero\vision_pipeline\component\work\CORERXIODBITALIGN_C0\CORERXIODBITALIGN_C0_0\rtl\vlog\test\user\PF_LANECTRL_PAUSE_SYNC1.v'.
Reading file 'C:\Users\c79828\Documents\HLS_Work\fpga-hls-libraries\vision\demo_designs\PF_Video_kit\libero\vision_pipeline\component\work\CORERXIODBITALIGN_C0\CORERXIODBITALIGN_C0_0\rtl\vlog\test\user\TXIOD_COMP_LANECTRL_ADDR_CMD_0_PF_LANECTRL.v'.
Reading file 'C:\Users\c79828\Documents\HLS_Work\fpga-hls-libraries\vision\demo_designs\PF_Video_kit\libero\vision_pipeline\component\work\CORERXIODBITALIGN_C0\CORERXIODBITALIGN_C0_0\rtl\vlog\test\user\TXIOD_COMP_PF_IOD_TX_CLK_PF_IOD.v'.
Reading file 'C:\Users\c79828\Documents\HLS_Work\fpga-hls-libraries\vision\demo_designs\PF_Video_kit\libero\vision_pipeline\component\work\CORERXIODBITALIGN_C0\CORERXIODBITALIGN_C0_0\rtl\vlog\test\user\TXIOD_COMP_PF_IOD_TX_PF_IOD.v'.
Reading file 'C:\Users\c79828\Documents\HLS_Work\fpga-hls-libraries\vision\demo_designs\PF_Video_kit\libero\vision_pipeline\component\work\CORERXIODBITALIGN_C0\CORERXIODBITALIGN_C0_0\rtl\vlog\test\user\TXIOD_COMP.v'.
Reading file 'C:\Users\c79828\Documents\HLS_Work\fpga-hls-libraries\vision\demo_designs\PF_Video_kit\libero\vision_pipeline\component\work\CORERXIODBITALIGN_C0\CORERXIODBITALIGN_C0_0\rtl\vlog\test\user\CoreRxIODBitAlign_SD_wrap.v'.
Reading file 'C:\Users\c79828\Documents\HLS_Work\fpga-hls-libraries\vision\demo_designs\PF_Video_kit\libero\vision_pipeline\component\work\CORERXIODBITALIGN_C0\CORERXIODBITALIGN_C0_0\rtl\vlog\test\user\testbench.v'.
Reading file 'C:\Users\c79828\Documents\HLS_Work\fpga-hls-libraries\vision\demo_designs\PF_Video_kit\libero\vision_pipeline\component\work\CORERXIODBITALIGN_C1\CORERXIODBITALIGN_C1.v'.
Reading file 'C:\Users\c79828\Documents\HLS_Work\fpga-hls-libraries\vision\demo_designs\PF_Video_kit\libero\vision_pipeline\component\work\CORERXIODBITALIGN_C1\CORERXIODBITALIGN_C1_0\rtl\vlog\core\CoreRxIODBitAlign.v'.
Reading file 'C:\Users\c79828\Documents\HLS_Work\fpga-hls-libraries\vision\demo_designs\PF_Video_kit\libero\vision_pipeline\component\work\CORERXIODBITALIGN_C1\CORERXIODBITALIGN_C1_0\rtl\vlog\core\CoreRxIODBitAlign_top.v'.
Reading file 'C:\Users\c79828\Documents\HLS_Work\fpga-hls-libraries\vision\demo_designs\PF_Video_kit\libero\vision_pipeline\component\work\CORERXIODBITALIGN_C1\CORERXIODBITALIGN_C1_0\rtl\vlog\test\user\prbscheck_parallel_fab_x4.v'.
Reading file 'C:\Users\c79828\Documents\HLS_Work\fpga-hls-libraries\vision\demo_designs\PF_Video_kit\libero\vision_pipeline\component\work\CORERXIODBITALIGN_C1\CORERXIODBITALIGN_C1_0\rtl\vlog\test\user\prbsgen_parallel_fab_x4.v'.
Reading file 'C:\Users\c79828\Documents\HLS_Work\fpga-hls-libraries\vision\demo_designs\PF_Video_kit\libero\vision_pipeline\component\work\CORERXIODBITALIGN_C1\CORERXIODBITALIGN_C1_0\rtl\vlog\test\user\rev_bits_x4.v'.
Reading file 'C:\Users\c79828\Documents\HLS_Work\fpga-hls-libraries\vision\demo_designs\PF_Video_kit\libero\vision_pipeline\component\work\CORERXIODBITALIGN_C1\CORERXIODBITALIGN_C1_0\rtl\vlog\test\user\CCC_COMP_CCC_COMP_0_PF_CCC.v'.
Reading file 'C:\Users\c79828\Documents\HLS_Work\fpga-hls-libraries\vision\demo_designs\PF_Video_kit\libero\vision_pipeline\component\work\CORERXIODBITALIGN_C1\CORERXIODBITALIGN_C1_0\rtl\vlog\test\user\CCC_COMP.v'.
Reading file 'C:\Users\c79828\Documents\HLS_Work\fpga-hls-libraries\vision\demo_designs\PF_Video_kit\libero\vision_pipeline\component\work\CORERXIODBITALIGN_C1\CORERXIODBITALIGN_C1_0\rtl\vlog\test\user\CORERXIODBITALIGN_C0.v'.
Reading file 'C:\Users\c79828\Documents\HLS_Work\fpga-hls-libraries\vision\demo_designs\PF_Video_kit\libero\vision_pipeline\component\work\CORERXIODBITALIGN_C1\CORERXIODBITALIGN_C1_0\rtl\vlog\test\user\RXIOD_COMP_PF_CLK_DIV_FIFO_PF_CLK_DIV_DELAY.v'.
Reading file 'C:\Users\c79828\Documents\HLS_Work\fpga-hls-libraries\vision\demo_designs\PF_Video_kit\libero\vision_pipeline\component\work\CORERXIODBITALIGN_C1\CORERXIODBITALIGN_C1_0\rtl\vlog\test\user\RXIOD_COMP_PF_CLK_DIV_RXCLK_PF_CLK_DIV_DELAY.v'.
Reading file 'C:\Users\c79828\Documents\HLS_Work\fpga-hls-libraries\vision\demo_designs\PF_Video_kit\libero\vision_pipeline\component\work\CORERXIODBITALIGN_C1\CORERXIODBITALIGN_C1_0\rtl\vlog\test\user\RXIOD_COMP_PF_IOD_CLK_TRAINING_PF_IOD.v'.
Reading file 'C:\Users\c79828\Documents\HLS_Work\fpga-hls-libraries\vision\demo_designs\PF_Video_kit\libero\vision_pipeline\component\work\CORERXIODBITALIGN_C1\CORERXIODBITALIGN_C1_0\rtl\vlog\test\user\RXIOD_COMP_PF_IOD_RX_PF_IOD.v'.
Reading file 'C:\Users\c79828\Documents\HLS_Work\fpga-hls-libraries\vision\demo_designs\PF_Video_kit\libero\vision_pipeline\component\work\CORERXIODBITALIGN_C1\CORERXIODBITALIGN_C1_0\rtl\vlog\test\user\PF_LANECTRL_PAUSE_SYNC.v'.
Reading file 'C:\Users\c79828\Documents\HLS_Work\fpga-hls-libraries\vision\demo_designs\PF_Video_kit\libero\vision_pipeline\component\work\CORERXIODBITALIGN_C1\CORERXIODBITALIGN_C1_0\rtl\vlog\test\user\RXIOD_COMP_PF_LANECTRL_0_PF_LANECTRL.v'.
Reading file 'C:\Users\c79828\Documents\HLS_Work\fpga-hls-libraries\vision\demo_designs\PF_Video_kit\libero\vision_pipeline\component\work\CORERXIODBITALIGN_C1\CORERXIODBITALIGN_C1_0\rtl\vlog\test\user\PLL_BclkSclkAlign.v'.
Reading file 'C:\Users\c79828\Documents\HLS_Work\fpga-hls-libraries\vision\demo_designs\PF_Video_kit\libero\vision_pipeline\component\work\CORERXIODBITALIGN_C1\CORERXIODBITALIGN_C1_0\rtl\vlog\test\user\ICB_BclkSclkAlign.v'.
Reading file 'C:\Users\c79828\Documents\HLS_Work\fpga-hls-libraries\vision\demo_designs\PF_Video_kit\libero\vision_pipeline\component\work\CORERXIODBITALIGN_C1\CORERXIODBITALIGN_C1_0\rtl\vlog\test\user\CoreBclkSclkAlign.v'.
Reading file 'C:\Users\c79828\Documents\HLS_Work\fpga-hls-libraries\vision\demo_designs\PF_Video_kit\libero\vision_pipeline\component\work\CORERXIODBITALIGN_C1\CORERXIODBITALIGN_C1_0\rtl\vlog\test\user\RXIOD_COMP_TR.v'.
Reading file 'C:\Users\c79828\Documents\HLS_Work\fpga-hls-libraries\vision\demo_designs\PF_Video_kit\libero\vision_pipeline\component\work\CORERXIODBITALIGN_C1\CORERXIODBITALIGN_C1_0\rtl\vlog\test\user\RXIOD_COMP.v'.
Reading file 'C:\Users\c79828\Documents\HLS_Work\fpga-hls-libraries\vision\demo_designs\PF_Video_kit\libero\vision_pipeline\component\work\CORERXIODBITALIGN_C1\CORERXIODBITALIGN_C1_0\rtl\vlog\test\user\PF_LANECTRL_PAUSE_SYNC1.v'.
Reading file 'C:\Users\c79828\Documents\HLS_Work\fpga-hls-libraries\vision\demo_designs\PF_Video_kit\libero\vision_pipeline\component\work\CORERXIODBITALIGN_C1\CORERXIODBITALIGN_C1_0\rtl\vlog\test\user\TXIOD_COMP_LANECTRL_ADDR_CMD_0_PF_LANECTRL.v'.
Reading file 'C:\Users\c79828\Documents\HLS_Work\fpga-hls-libraries\vision\demo_designs\PF_Video_kit\libero\vision_pipeline\component\work\CORERXIODBITALIGN_C1\CORERXIODBITALIGN_C1_0\rtl\vlog\test\user\TXIOD_COMP_PF_IOD_TX_CLK_PF_IOD.v'.
Reading file 'C:\Users\c79828\Documents\HLS_Work\fpga-hls-libraries\vision\demo_designs\PF_Video_kit\libero\vision_pipeline\component\work\CORERXIODBITALIGN_C1\CORERXIODBITALIGN_C1_0\rtl\vlog\test\user\TXIOD_COMP_PF_IOD_TX_PF_IOD.v'.
Reading file 'C:\Users\c79828\Documents\HLS_Work\fpga-hls-libraries\vision\demo_designs\PF_Video_kit\libero\vision_pipeline\component\work\CORERXIODBITALIGN_C1\CORERXIODBITALIGN_C1_0\rtl\vlog\test\user\TXIOD_COMP.v'.
Reading file 'C:\Users\c79828\Documents\HLS_Work\fpga-hls-libraries\vision\demo_designs\PF_Video_kit\libero\vision_pipeline\component\work\CORERXIODBITALIGN_C1\CORERXIODBITALIGN_C1_0\rtl\vlog\test\user\CoreRxIODBitAlign_SD_wrap.v'.
Reading file 'C:\Users\c79828\Documents\HLS_Work\fpga-hls-libraries\vision\demo_designs\PF_Video_kit\libero\vision_pipeline\component\work\CORERXIODBITALIGN_C1\CORERXIODBITALIGN_C1_0\rtl\vlog\test\user\testbench.v'.
Reading file 'C:\Users\c79828\Documents\HLS_Work\fpga-hls-libraries\vision\demo_designs\PF_Video_kit\libero\vision_pipeline\component\work\CORERXIODBITALIGN_C2\CORERXIODBITALIGN_C2.v'.
Reading file 'C:\Users\c79828\Documents\HLS_Work\fpga-hls-libraries\vision\demo_designs\PF_Video_kit\libero\vision_pipeline\component\work\CORERXIODBITALIGN_C2\CORERXIODBITALIGN_C2_0\rtl\vlog\core\CoreRxIODBitAlign.v'.
Reading file 'C:\Users\c79828\Documents\HLS_Work\fpga-hls-libraries\vision\demo_designs\PF_Video_kit\libero\vision_pipeline\component\work\CORERXIODBITALIGN_C2\CORERXIODBITALIGN_C2_0\rtl\vlog\core\CoreRxIODBitAlign_top.v'.
Reading file 'C:\Users\c79828\Documents\HLS_Work\fpga-hls-libraries\vision\demo_designs\PF_Video_kit\libero\vision_pipeline\component\work\CORERXIODBITALIGN_C2\CORERXIODBITALIGN_C2_0\rtl\vlog\test\user\prbscheck_parallel_fab_x4.v'.
Reading file 'C:\Users\c79828\Documents\HLS_Work\fpga-hls-libraries\vision\demo_designs\PF_Video_kit\libero\vision_pipeline\component\work\CORERXIODBITALIGN_C2\CORERXIODBITALIGN_C2_0\rtl\vlog\test\user\prbsgen_parallel_fab_x4.v'.
Reading file 'C:\Users\c79828\Documents\HLS_Work\fpga-hls-libraries\vision\demo_designs\PF_Video_kit\libero\vision_pipeline\component\work\CORERXIODBITALIGN_C2\CORERXIODBITALIGN_C2_0\rtl\vlog\test\user\rev_bits_x4.v'.
Reading file 'C:\Users\c79828\Documents\HLS_Work\fpga-hls-libraries\vision\demo_designs\PF_Video_kit\libero\vision_pipeline\component\work\CORERXIODBITALIGN_C2\CORERXIODBITALIGN_C2_0\rtl\vlog\test\user\CCC_COMP_CCC_COMP_0_PF_CCC.v'.
Reading file 'C:\Users\c79828\Documents\HLS_Work\fpga-hls-libraries\vision\demo_designs\PF_Video_kit\libero\vision_pipeline\component\work\CORERXIODBITALIGN_C2\CORERXIODBITALIGN_C2_0\rtl\vlog\test\user\CCC_COMP.v'.
Reading file 'C:\Users\c79828\Documents\HLS_Work\fpga-hls-libraries\vision\demo_designs\PF_Video_kit\libero\vision_pipeline\component\work\CORERXIODBITALIGN_C2\CORERXIODBITALIGN_C2_0\rtl\vlog\test\user\CORERXIODBITALIGN_C0.v'.
Reading file 'C:\Users\c79828\Documents\HLS_Work\fpga-hls-libraries\vision\demo_designs\PF_Video_kit\libero\vision_pipeline\component\work\CORERXIODBITALIGN_C2\CORERXIODBITALIGN_C2_0\rtl\vlog\test\user\RXIOD_COMP_PF_CLK_DIV_FIFO_PF_CLK_DIV_DELAY.v'.
Reading file 'C:\Users\c79828\Documents\HLS_Work\fpga-hls-libraries\vision\demo_designs\PF_Video_kit\libero\vision_pipeline\component\work\CORERXIODBITALIGN_C2\CORERXIODBITALIGN_C2_0\rtl\vlog\test\user\RXIOD_COMP_PF_CLK_DIV_RXCLK_PF_CLK_DIV_DELAY.v'.
Reading file 'C:\Users\c79828\Documents\HLS_Work\fpga-hls-libraries\vision\demo_designs\PF_Video_kit\libero\vision_pipeline\component\work\CORERXIODBITALIGN_C2\CORERXIODBITALIGN_C2_0\rtl\vlog\test\user\RXIOD_COMP_PF_IOD_CLK_TRAINING_PF_IOD.v'.
Reading file 'C:\Users\c79828\Documents\HLS_Work\fpga-hls-libraries\vision\demo_designs\PF_Video_kit\libero\vision_pipeline\component\work\CORERXIODBITALIGN_C2\CORERXIODBITALIGN_C2_0\rtl\vlog\test\user\RXIOD_COMP_PF_IOD_RX_PF_IOD.v'.
Reading file 'C:\Users\c79828\Documents\HLS_Work\fpga-hls-libraries\vision\demo_designs\PF_Video_kit\libero\vision_pipeline\component\work\CORERXIODBITALIGN_C2\CORERXIODBITALIGN_C2_0\rtl\vlog\test\user\PF_LANECTRL_PAUSE_SYNC.v'.
Reading file 'C:\Users\c79828\Documents\HLS_Work\fpga-hls-libraries\vision\demo_designs\PF_Video_kit\libero\vision_pipeline\component\work\CORERXIODBITALIGN_C2\CORERXIODBITALIGN_C2_0\rtl\vlog\test\user\RXIOD_COMP_PF_LANECTRL_0_PF_LANECTRL.v'.
Reading file 'C:\Users\c79828\Documents\HLS_Work\fpga-hls-libraries\vision\demo_designs\PF_Video_kit\libero\vision_pipeline\component\work\CORERXIODBITALIGN_C2\CORERXIODBITALIGN_C2_0\rtl\vlog\test\user\PLL_BclkSclkAlign.v'.
Reading file 'C:\Users\c79828\Documents\HLS_Work\fpga-hls-libraries\vision\demo_designs\PF_Video_kit\libero\vision_pipeline\component\work\CORERXIODBITALIGN_C2\CORERXIODBITALIGN_C2_0\rtl\vlog\test\user\ICB_BclkSclkAlign.v'.
Reading file 'C:\Users\c79828\Documents\HLS_Work\fpga-hls-libraries\vision\demo_designs\PF_Video_kit\libero\vision_pipeline\component\work\CORERXIODBITALIGN_C2\CORERXIODBITALIGN_C2_0\rtl\vlog\test\user\CoreBclkSclkAlign.v'.
Reading file 'C:\Users\c79828\Documents\HLS_Work\fpga-hls-libraries\vision\demo_designs\PF_Video_kit\libero\vision_pipeline\component\work\CORERXIODBITALIGN_C2\CORERXIODBITALIGN_C2_0\rtl\vlog\test\user\RXIOD_COMP_TR.v'.
Reading file 'C:\Users\c79828\Documents\HLS_Work\fpga-hls-libraries\vision\demo_designs\PF_Video_kit\libero\vision_pipeline\component\work\CORERXIODBITALIGN_C2\CORERXIODBITALIGN_C2_0\rtl\vlog\test\user\RXIOD_COMP.v'.
Reading file 'C:\Users\c79828\Documents\HLS_Work\fpga-hls-libraries\vision\demo_designs\PF_Video_kit\libero\vision_pipeline\component\work\CORERXIODBITALIGN_C2\CORERXIODBITALIGN_C2_0\rtl\vlog\test\user\PF_LANECTRL_PAUSE_SYNC1.v'.
Reading file 'C:\Users\c79828\Documents\HLS_Work\fpga-hls-libraries\vision\demo_designs\PF_Video_kit\libero\vision_pipeline\component\work\CORERXIODBITALIGN_C2\CORERXIODBITALIGN_C2_0\rtl\vlog\test\user\TXIOD_COMP_LANECTRL_ADDR_CMD_0_PF_LANECTRL.v'.
Reading file 'C:\Users\c79828\Documents\HLS_Work\fpga-hls-libraries\vision\demo_designs\PF_Video_kit\libero\vision_pipeline\component\work\CORERXIODBITALIGN_C2\CORERXIODBITALIGN_C2_0\rtl\vlog\test\user\TXIOD_COMP_PF_IOD_TX_CLK_PF_IOD.v'.
Reading file 'C:\Users\c79828\Documents\HLS_Work\fpga-hls-libraries\vision\demo_designs\PF_Video_kit\libero\vision_pipeline\component\work\CORERXIODBITALIGN_C2\CORERXIODBITALIGN_C2_0\rtl\vlog\test\user\TXIOD_COMP_PF_IOD_TX_PF_IOD.v'.
Reading file 'C:\Users\c79828\Documents\HLS_Work\fpga-hls-libraries\vision\demo_designs\PF_Video_kit\libero\vision_pipeline\component\work\CORERXIODBITALIGN_C2\CORERXIODBITALIGN_C2_0\rtl\vlog\test\user\TXIOD_COMP.v'.
Reading file 'C:\Users\c79828\Documents\HLS_Work\fpga-hls-libraries\vision\demo_designs\PF_Video_kit\libero\vision_pipeline\component\work\CORERXIODBITALIGN_C2\CORERXIODBITALIGN_C2_0\rtl\vlog\test\user\CoreRxIODBitAlign_SD_wrap.v'.
Reading file 'C:\Users\c79828\Documents\HLS_Work\fpga-hls-libraries\vision\demo_designs\PF_Video_kit\libero\vision_pipeline\component\work\CORERXIODBITALIGN_C2\CORERXIODBITALIGN_C2_0\rtl\vlog\test\user\testbench.v'.
Reading file 'C:\Users\c79828\Documents\HLS_Work\fpga-hls-libraries\vision\demo_designs\PF_Video_kit\libero\vision_pipeline\component\work\CORERXIODBITALIGN_C3\CORERXIODBITALIGN_C3.v'.
Reading file 'C:\Users\c79828\Documents\HLS_Work\fpga-hls-libraries\vision\demo_designs\PF_Video_kit\libero\vision_pipeline\component\work\CORERXIODBITALIGN_C3\CORERXIODBITALIGN_C3_0\rtl\vlog\core\CoreRxIODBitAlign.v'.
Reading file 'C:\Users\c79828\Documents\HLS_Work\fpga-hls-libraries\vision\demo_designs\PF_Video_kit\libero\vision_pipeline\component\work\CORERXIODBITALIGN_C3\CORERXIODBITALIGN_C3_0\rtl\vlog\core\CoreRxIODBitAlign_top.v'.
Reading file 'C:\Users\c79828\Documents\HLS_Work\fpga-hls-libraries\vision\demo_designs\PF_Video_kit\libero\vision_pipeline\component\work\CORERXIODBITALIGN_C3\CORERXIODBITALIGN_C3_0\rtl\vlog\test\user\prbscheck_parallel_fab_x4.v'.
Reading file 'C:\Users\c79828\Documents\HLS_Work\fpga-hls-libraries\vision\demo_designs\PF_Video_kit\libero\vision_pipeline\component\work\CORERXIODBITALIGN_C3\CORERXIODBITALIGN_C3_0\rtl\vlog\test\user\prbsgen_parallel_fab_x4.v'.
Reading file 'C:\Users\c79828\Documents\HLS_Work\fpga-hls-libraries\vision\demo_designs\PF_Video_kit\libero\vision_pipeline\component\work\CORERXIODBITALIGN_C3\CORERXIODBITALIGN_C3_0\rtl\vlog\test\user\rev_bits_x4.v'.
Reading file 'C:\Users\c79828\Documents\HLS_Work\fpga-hls-libraries\vision\demo_designs\PF_Video_kit\libero\vision_pipeline\component\work\CORERXIODBITALIGN_C3\CORERXIODBITALIGN_C3_0\rtl\vlog\test\user\CCC_COMP_CCC_COMP_0_PF_CCC.v'.
Reading file 'C:\Users\c79828\Documents\HLS_Work\fpga-hls-libraries\vision\demo_designs\PF_Video_kit\libero\vision_pipeline\component\work\CORERXIODBITALIGN_C3\CORERXIODBITALIGN_C3_0\rtl\vlog\test\user\CCC_COMP.v'.
Reading file 'C:\Users\c79828\Documents\HLS_Work\fpga-hls-libraries\vision\demo_designs\PF_Video_kit\libero\vision_pipeline\component\work\CORERXIODBITALIGN_C3\CORERXIODBITALIGN_C3_0\rtl\vlog\test\user\CORERXIODBITALIGN_C0.v'.
Reading file 'C:\Users\c79828\Documents\HLS_Work\fpga-hls-libraries\vision\demo_designs\PF_Video_kit\libero\vision_pipeline\component\work\CORERXIODBITALIGN_C3\CORERXIODBITALIGN_C3_0\rtl\vlog\test\user\RXIOD_COMP_PF_CLK_DIV_FIFO_PF_CLK_DIV_DELAY.v'.
Reading file 'C:\Users\c79828\Documents\HLS_Work\fpga-hls-libraries\vision\demo_designs\PF_Video_kit\libero\vision_pipeline\component\work\CORERXIODBITALIGN_C3\CORERXIODBITALIGN_C3_0\rtl\vlog\test\user\RXIOD_COMP_PF_CLK_DIV_RXCLK_PF_CLK_DIV_DELAY.v'.
Reading file 'C:\Users\c79828\Documents\HLS_Work\fpga-hls-libraries\vision\demo_designs\PF_Video_kit\libero\vision_pipeline\component\work\CORERXIODBITALIGN_C3\CORERXIODBITALIGN_C3_0\rtl\vlog\test\user\RXIOD_COMP_PF_IOD_CLK_TRAINING_PF_IOD.v'.
Reading file 'C:\Users\c79828\Documents\HLS_Work\fpga-hls-libraries\vision\demo_designs\PF_Video_kit\libero\vision_pipeline\component\work\CORERXIODBITALIGN_C3\CORERXIODBITALIGN_C3_0\rtl\vlog\test\user\RXIOD_COMP_PF_IOD_RX_PF_IOD.v'.
Reading file 'C:\Users\c79828\Documents\HLS_Work\fpga-hls-libraries\vision\demo_designs\PF_Video_kit\libero\vision_pipeline\component\work\CORERXIODBITALIGN_C3\CORERXIODBITALIGN_C3_0\rtl\vlog\test\user\PF_LANECTRL_PAUSE_SYNC.v'.
Reading file 'C:\Users\c79828\Documents\HLS_Work\fpga-hls-libraries\vision\demo_designs\PF_Video_kit\libero\vision_pipeline\component\work\CORERXIODBITALIGN_C3\CORERXIODBITALIGN_C3_0\rtl\vlog\test\user\RXIOD_COMP_PF_LANECTRL_0_PF_LANECTRL.v'.
Reading file 'C:\Users\c79828\Documents\HLS_Work\fpga-hls-libraries\vision\demo_designs\PF_Video_kit\libero\vision_pipeline\component\work\CORERXIODBITALIGN_C3\CORERXIODBITALIGN_C3_0\rtl\vlog\test\user\PLL_BclkSclkAlign.v'.
Reading file 'C:\Users\c79828\Documents\HLS_Work\fpga-hls-libraries\vision\demo_designs\PF_Video_kit\libero\vision_pipeline\component\work\CORERXIODBITALIGN_C3\CORERXIODBITALIGN_C3_0\rtl\vlog\test\user\ICB_BclkSclkAlign.v'.
Reading file 'C:\Users\c79828\Documents\HLS_Work\fpga-hls-libraries\vision\demo_designs\PF_Video_kit\libero\vision_pipeline\component\work\CORERXIODBITALIGN_C3\CORERXIODBITALIGN_C3_0\rtl\vlog\test\user\CoreBclkSclkAlign.v'.
Reading file 'C:\Users\c79828\Documents\HLS_Work\fpga-hls-libraries\vision\demo_designs\PF_Video_kit\libero\vision_pipeline\component\work\CORERXIODBITALIGN_C3\CORERXIODBITALIGN_C3_0\rtl\vlog\test\user\RXIOD_COMP_TR.v'.
Reading file 'C:\Users\c79828\Documents\HLS_Work\fpga-hls-libraries\vision\demo_designs\PF_Video_kit\libero\vision_pipeline\component\work\CORERXIODBITALIGN_C3\CORERXIODBITALIGN_C3_0\rtl\vlog\test\user\RXIOD_COMP.v'.
Reading file 'C:\Users\c79828\Documents\HLS_Work\fpga-hls-libraries\vision\demo_designs\PF_Video_kit\libero\vision_pipeline\component\work\CORERXIODBITALIGN_C3\CORERXIODBITALIGN_C3_0\rtl\vlog\test\user\PF_LANECTRL_PAUSE_SYNC1.v'.
Reading file 'C:\Users\c79828\Documents\HLS_Work\fpga-hls-libraries\vision\demo_designs\PF_Video_kit\libero\vision_pipeline\component\work\CORERXIODBITALIGN_C3\CORERXIODBITALIGN_C3_0\rtl\vlog\test\user\TXIOD_COMP_LANECTRL_ADDR_CMD_0_PF_LANECTRL.v'.
Reading file 'C:\Users\c79828\Documents\HLS_Work\fpga-hls-libraries\vision\demo_designs\PF_Video_kit\libero\vision_pipeline\component\work\CORERXIODBITALIGN_C3\CORERXIODBITALIGN_C3_0\rtl\vlog\test\user\TXIOD_COMP_PF_IOD_TX_CLK_PF_IOD.v'.
Reading file 'C:\Users\c79828\Documents\HLS_Work\fpga-hls-libraries\vision\demo_designs\PF_Video_kit\libero\vision_pipeline\component\work\CORERXIODBITALIGN_C3\CORERXIODBITALIGN_C3_0\rtl\vlog\test\user\TXIOD_COMP_PF_IOD_TX_PF_IOD.v'.
Reading file 'C:\Users\c79828\Documents\HLS_Work\fpga-hls-libraries\vision\demo_designs\PF_Video_kit\libero\vision_pipeline\component\work\CORERXIODBITALIGN_C3\CORERXIODBITALIGN_C3_0\rtl\vlog\test\user\TXIOD_COMP.v'.
Reading file 'C:\Users\c79828\Documents\HLS_Work\fpga-hls-libraries\vision\demo_designs\PF_Video_kit\libero\vision_pipeline\component\work\CORERXIODBITALIGN_C3\CORERXIODBITALIGN_C3_0\rtl\vlog\test\user\CoreRxIODBitAlign_SD_wrap.v'.
Reading file 'C:\Users\c79828\Documents\HLS_Work\fpga-hls-libraries\vision\demo_designs\PF_Video_kit\libero\vision_pipeline\component\work\CORERXIODBITALIGN_C3\CORERXIODBITALIGN_C3_0\rtl\vlog\test\user\testbench.v'.
Reading file 'C:\Users\c79828\Documents\HLS_Work\fpga-hls-libraries\vision\demo_designs\PF_Video_kit\libero\vision_pipeline\component\work\mipicsi2rxdecoderPF_C0\mipicsi2rxdecoderPF_C0.v'.
Reading file 'C:\Users\c79828\Documents\HLS_Work\fpga-hls-libraries\vision\demo_designs\PF_Video_kit\libero\vision_pipeline\component\Microsemi\SolutionCore\mipicsi2rxdecoderPF\2.2.5\RTL\byte2pixel_conversion.v'.
Reading file 'C:\Users\c79828\Documents\HLS_Work\fpga-hls-libraries\vision\demo_designs\PF_Video_kit\libero\vision_pipeline\component\Microsemi\SolutionCore\mipicsi2rxdecoderPF\2.2.5\RTL\cdcfifo.v'.
Reading file 'C:\Users\c79828\Documents\HLS_Work\fpga-hls-libraries\vision\demo_designs\PF_Video_kit\libero\vision_pipeline\component\Microsemi\SolutionCore\mipicsi2rxdecoderPF\2.2.5\RTL\cdcfiforam.v'.
Reading file 'C:\Users\c79828\Documents\HLS_Work\fpga-hls-libraries\vision\demo_designs\PF_Video_kit\libero\vision_pipeline\component\Microsemi\SolutionCore\mipicsi2rxdecoderPF\2.2.5\RTL\embsync_detect.v'.
Reading file 'C:\Users\c79828\Documents\HLS_Work\fpga-hls-libraries\vision\demo_designs\PF_Video_kit\libero\vision_pipeline\component\Microsemi\SolutionCore\mipicsi2rxdecoderPF\2.2.5\RTL\mipicsi2rxdecoderPF.v'.
Reading file 'C:\Users\c79828\Documents\HLS_Work\fpga-hls-libraries\vision\demo_designs\PF_Video_kit\libero\vision_pipeline\component\Microsemi\SolutionCore\mipicsi2rxdecoderPF\2.2.5\RTL\mipi_csi2_rxdecoder.v'.
Reading file 'C:\Users\c79828\Documents\HLS_Work\fpga-hls-libraries\vision\demo_designs\PF_Video_kit\libero\vision_pipeline\component\work\PF_CCC_C2\PF_CCC_C2.v'.
Reading file 'C:\Users\c79828\Documents\HLS_Work\fpga-hls-libraries\vision\demo_designs\PF_Video_kit\libero\vision_pipeline\component\work\PF_CCC_C2\PF_CCC_C2_0\PF_CCC_C2_PF_CCC_C2_0_PF_CCC.v'.
Reading file 'C:\Users\c79828\Documents\HLS_Work\fpga-hls-libraries\vision\demo_designs\PF_Video_kit\libero\vision_pipeline\component\work\PF_IOD_GENERIC_RX_C0\PF_IOD_GENERIC_RX_C0.v'.
Reading file 'C:\Users\c79828\Documents\HLS_Work\fpga-hls-libraries\vision\demo_designs\PF_Video_kit\libero\vision_pipeline\component\work\PF_IOD_GENERIC_RX_C0\PF_CLK_DIV_FIFO\PF_IOD_GENERIC_RX_C0_PF_CLK_DIV_FIFO_PF_CLK_DIV_DELAY.v'.
Reading file 'C:\Users\c79828\Documents\HLS_Work\fpga-hls-libraries\vision\demo_designs\PF_Video_kit\libero\vision_pipeline\component\work\PF_IOD_GENERIC_RX_C0\PF_CLK_DIV_RXCLK\PF_IOD_GENERIC_RX_C0_PF_CLK_DIV_RXCLK_PF_CLK_DIV_DELAY.v'.
Reading file 'C:\Users\c79828\Documents\HLS_Work\fpga-hls-libraries\vision\demo_designs\PF_Video_kit\libero\vision_pipeline\component\work\PF_IOD_GENERIC_RX_C0\PF_IOD_CLK_TRAINING\PF_IOD_GENERIC_RX_C0_PF_IOD_CLK_TRAINING_PF_IOD.v'.
Reading file 'C:\Users\c79828\Documents\HLS_Work\fpga-hls-libraries\vision\demo_designs\PF_Video_kit\libero\vision_pipeline\component\work\PF_IOD_GENERIC_RX_C0\PF_IOD_RX\PF_IOD_GENERIC_RX_C0_PF_IOD_RX_PF_IOD.v'.
Reading file 'C:\Users\c79828\Documents\HLS_Work\fpga-hls-libraries\vision\demo_designs\PF_Video_kit\libero\vision_pipeline\component\work\PF_IOD_GENERIC_RX_C0\PF_LANECTRL_0\PF_IOD_GENERIC_RX_C0_PF_LANECTRL_0_PF_LANECTRL.v'.
Reading file 'C:\Users\c79828\Documents\HLS_Work\fpga-hls-libraries\vision\demo_designs\PF_Video_kit\libero\vision_pipeline\component\work\PF_IOD_GENERIC_RX_C0\PF_LANECTRL_0\PF_LANECTRL_PAUSE_SYNC.v'.
Reading file 'C:\Users\c79828\Documents\HLS_Work\fpga-hls-libraries\vision\demo_designs\PF_Video_kit\libero\vision_pipeline\component\work\PF_IOD_GENERIC_RX_C0_TR\PF_IOD_GENERIC_RX_C0_TR.v'.
Reading file 'C:\Users\c79828\Documents\HLS_Work\fpga-hls-libraries\vision\demo_designs\PF_Video_kit\libero\vision_pipeline\component\Actel\DirectCore\COREBCLKSCLKALIGN\3.0.100\rtl\vlog\core\PLL_BclkSclkAlign.v'.
Reading file 'C:\Users\c79828\Documents\HLS_Work\fpga-hls-libraries\vision\demo_designs\PF_Video_kit\libero\vision_pipeline\component\Actel\DirectCore\COREBCLKSCLKALIGN\3.0.100\rtl\vlog\core\ICB_BclkSclkAlign.v'.
Reading file 'C:\Users\c79828\Documents\HLS_Work\fpga-hls-libraries\vision\demo_designs\PF_Video_kit\libero\vision_pipeline\component\Actel\DirectCore\COREBCLKSCLKALIGN\3.0.100\rtl\vlog\test\user\CoreBclkSclkAlign.v'.
Reading file 'C:\Users\c79828\Documents\HLS_Work\fpga-hls-libraries\vision\demo_designs\PF_Video_kit\libero\vision_pipeline\component\Actel\DirectCore\COREBCLKSCLKALIGN\3.0.100\rtl\vlog\test\user\ICB_BclkSclkAlign.v'.
Reading file 'C:\Users\c79828\Documents\HLS_Work\fpga-hls-libraries\vision\demo_designs\PF_Video_kit\libero\vision_pipeline\component\Actel\DirectCore\COREBCLKSCLKALIGN\3.0.100\rtl\vlog\test\user\PF_CCC_C0.v'.
Reading file 'C:\Users\c79828\Documents\HLS_Work\fpga-hls-libraries\vision\demo_designs\PF_Video_kit\libero\vision_pipeline\component\Actel\DirectCore\COREBCLKSCLKALIGN\3.0.100\rtl\vlog\test\user\PF_CCC_C0_PF_CCC_C0_0_PF_CCC.v'.
Reading file 'C:\Users\c79828\Documents\HLS_Work\fpga-hls-libraries\vision\demo_designs\PF_Video_kit\libero\vision_pipeline\component\Actel\DirectCore\COREBCLKSCLKALIGN\3.0.100\rtl\vlog\test\user\PF_DRI_C0.v'.
Reading file 'C:\Users\c79828\Documents\HLS_Work\fpga-hls-libraries\vision\demo_designs\PF_Video_kit\libero\vision_pipeline\component\Actel\DirectCore\COREBCLKSCLKALIGN\3.0.100\rtl\vlog\test\user\PF_DRI_C0_PF_DRI_C0_0_PF_DRI.v'.
Reading file 'C:\Users\c79828\Documents\HLS_Work\fpga-hls-libraries\vision\demo_designs\PF_Video_kit\libero\vision_pipeline\component\Actel\DirectCore\COREBCLKSCLKALIGN\3.0.100\rtl\vlog\test\user\PF_IOD_GENERIC_RX_C1.v'.
Reading file 'C:\Users\c79828\Documents\HLS_Work\fpga-hls-libraries\vision\demo_designs\PF_Video_kit\libero\vision_pipeline\component\Actel\DirectCore\COREBCLKSCLKALIGN\3.0.100\rtl\vlog\test\user\PF_IOD_GENERIC_RX_C1_PF_CLK_DIV_FIFO_PF_CLK_DIV_DELAY.v'.
Reading file 'C:\Users\c79828\Documents\HLS_Work\fpga-hls-libraries\vision\demo_designs\PF_Video_kit\libero\vision_pipeline\component\Actel\DirectCore\COREBCLKSCLKALIGN\3.0.100\rtl\vlog\test\user\PF_IOD_GENERIC_RX_C1_PF_CLK_DIV_RXCLK_PF_CLK_DIV_DELAY.v'.
Reading file 'C:\Users\c79828\Documents\HLS_Work\fpga-hls-libraries\vision\demo_designs\PF_Video_kit\libero\vision_pipeline\component\Actel\DirectCore\COREBCLKSCLKALIGN\3.0.100\rtl\vlog\test\user\PF_IOD_GENERIC_RX_C1_PF_IOD_CLK_TRAINING_PF_IOD.v'.
Reading file 'C:\Users\c79828\Documents\HLS_Work\fpga-hls-libraries\vision\demo_designs\PF_Video_kit\libero\vision_pipeline\component\Actel\DirectCore\COREBCLKSCLKALIGN\3.0.100\rtl\vlog\test\user\PF_IOD_GENERIC_RX_C1_PF_IOD_RX_PF_IOD.v'.
Reading file 'C:\Users\c79828\Documents\HLS_Work\fpga-hls-libraries\vision\demo_designs\PF_Video_kit\libero\vision_pipeline\component\Actel\DirectCore\COREBCLKSCLKALIGN\3.0.100\rtl\vlog\test\user\PF_IOD_GENERIC_RX_C1_PF_LANECTRL_0_PF_LANECTRL.v'.
Reading file 'C:\Users\c79828\Documents\HLS_Work\fpga-hls-libraries\vision\demo_designs\PF_Video_kit\libero\vision_pipeline\component\Actel\DirectCore\COREBCLKSCLKALIGN\3.0.100\rtl\vlog\test\user\PF_IOD_GENERIC_TX_C0.v'.
Reading file 'C:\Users\c79828\Documents\HLS_Work\fpga-hls-libraries\vision\demo_designs\PF_Video_kit\libero\vision_pipeline\component\Actel\DirectCore\COREBCLKSCLKALIGN\3.0.100\rtl\vlog\test\user\PF_IOD_GENERIC_TX_C0_LANECTRL_ADDR_CMD_0_PF_LANECTRL.v'.
Reading file 'C:\Users\c79828\Documents\HLS_Work\fpga-hls-libraries\vision\demo_designs\PF_Video_kit\libero\vision_pipeline\component\Actel\DirectCore\COREBCLKSCLKALIGN\3.0.100\rtl\vlog\test\user\PF_IOD_GENERIC_TX_C0_PF_IOD_CLK_TRAINING_PF_IOD.v'.
Reading file 'C:\Users\c79828\Documents\HLS_Work\fpga-hls-libraries\vision\demo_designs\PF_Video_kit\libero\vision_pipeline\component\Actel\DirectCore\COREBCLKSCLKALIGN\3.0.100\rtl\vlog\test\user\PF_IOD_GENERIC_TX_C0_PF_IOD_TX_CLK_PF_IOD.v'.
Reading file 'C:\Users\c79828\Documents\HLS_Work\fpga-hls-libraries\vision\demo_designs\PF_Video_kit\libero\vision_pipeline\component\Actel\DirectCore\COREBCLKSCLKALIGN\3.0.100\rtl\vlog\test\user\PF_IOD_GENERIC_TX_C0_PF_IOD_TX_PF_IOD.v'.
Reading file 'C:\Users\c79828\Documents\HLS_Work\fpga-hls-libraries\vision\demo_designs\PF_Video_kit\libero\vision_pipeline\component\Actel\DirectCore\COREBCLKSCLKALIGN\3.0.100\rtl\vlog\test\user\PF_LANECTRL_PAUSE_SYNC.v'.
Reading file 'C:\Users\c79828\Documents\HLS_Work\fpga-hls-libraries\vision\demo_designs\PF_Video_kit\libero\vision_pipeline\component\Actel\DirectCore\COREBCLKSCLKALIGN\3.0.100\rtl\vlog\test\user\PF_LANECTRL_PAUSE_SYNC_2.v'.
Reading file 'C:\Users\c79828\Documents\HLS_Work\fpga-hls-libraries\vision\demo_designs\PF_Video_kit\libero\vision_pipeline\component\Actel\DirectCore\COREBCLKSCLKALIGN\3.0.100\rtl\vlog\test\user\PLL_BclkSclkAlign.v'.
Reading file 'C:\Users\c79828\Documents\HLS_Work\fpga-hls-libraries\vision\demo_designs\PF_Video_kit\libero\vision_pipeline\component\work\PF_IOD_GENERIC_RX_C0_TR\PF_IOD_GENERIC_RX_C0_TR_0\rtl\vlog\core\CoreBclkSclkAlign.v'.
Reading file 'C:\Users\c79828\Documents\HLS_Work\fpga-hls-libraries\vision\demo_designs\PF_Video_kit\libero\vision_pipeline\component\work\PF_IOD_GENERIC_RX_C0_TR\PF_IOD_GENERIC_RX_C0_TR_0\rtl\vlog\test\user\BclkSclk_PLL_TX2_1200mbps_SD_wrap.v'.
Reading file 'C:\Users\c79828\Documents\HLS_Work\fpga-hls-libraries\vision\demo_designs\PF_Video_kit\libero\vision_pipeline\component\work\PF_IOD_GENERIC_RX_C0_TR\PF_IOD_GENERIC_RX_C0_TR_0\rtl\vlog\test\user\BclkSclk_PLL_TX2_1200mbps_TB.v'.
Reading file 'C:\Users\c79828\Documents\HLS_Work\fpga-hls-libraries\vision\demo_designs\PF_Video_kit\libero\vision_pipeline\component\Actel\DirectCore\COREBCLKSCLKALIGN\3.0.100\rtl\vlog\test\user\CoreBclkSclkAlign.v'.
Reading file 'C:\Users\c79828\Documents\HLS_Work\fpga-hls-libraries\vision\demo_designs\PF_Video_kit\libero\vision_pipeline\component\Actel\DirectCore\COREBCLKSCLKALIGN\3.0.100\rtl\vlog\test\user\ICB_BclkSclkAlign.v'.
Reading file 'C:\Users\c79828\Documents\HLS_Work\fpga-hls-libraries\vision\demo_designs\PF_Video_kit\libero\vision_pipeline\component\Actel\DirectCore\COREBCLKSCLKALIGN\3.0.100\rtl\vlog\test\user\PF_CCC_C0.v'.
Reading file 'C:\Users\c79828\Documents\HLS_Work\fpga-hls-libraries\vision\demo_designs\PF_Video_kit\libero\vision_pipeline\component\Actel\DirectCore\COREBCLKSCLKALIGN\3.0.100\rtl\vlog\test\user\PF_CCC_C0_PF_CCC_C0_0_PF_CCC.v'.
Reading file 'C:\Users\c79828\Documents\HLS_Work\fpga-hls-libraries\vision\demo_designs\PF_Video_kit\libero\vision_pipeline\component\Actel\DirectCore\COREBCLKSCLKALIGN\3.0.100\rtl\vlog\test\user\PF_DRI_C0.v'.
Reading file 'C:\Users\c79828\Documents\HLS_Work\fpga-hls-libraries\vision\demo_designs\PF_Video_kit\libero\vision_pipeline\component\Actel\DirectCore\COREBCLKSCLKALIGN\3.0.100\rtl\vlog\test\user\PF_DRI_C0_PF_DRI_C0_0_PF_DRI.v'.
Reading file 'C:\Users\c79828\Documents\HLS_Work\fpga-hls-libraries\vision\demo_designs\PF_Video_kit\libero\vision_pipeline\component\Actel\DirectCore\COREBCLKSCLKALIGN\3.0.100\rtl\vlog\test\user\PF_IOD_GENERIC_RX_C1.v'.
Reading file 'C:\Users\c79828\Documents\HLS_Work\fpga-hls-libraries\vision\demo_designs\PF_Video_kit\libero\vision_pipeline\component\Actel\DirectCore\COREBCLKSCLKALIGN\3.0.100\rtl\vlog\test\user\PF_IOD_GENERIC_RX_C1_PF_CLK_DIV_FIFO_PF_CLK_DIV_DELAY.v'.
Reading file 'C:\Users\c79828\Documents\HLS_Work\fpga-hls-libraries\vision\demo_designs\PF_Video_kit\libero\vision_pipeline\component\Actel\DirectCore\COREBCLKSCLKALIGN\3.0.100\rtl\vlog\test\user\PF_IOD_GENERIC_RX_C1_PF_CLK_DIV_RXCLK_PF_CLK_DIV_DELAY.v'.
Reading file 'C:\Users\c79828\Documents\HLS_Work\fpga-hls-libraries\vision\demo_designs\PF_Video_kit\libero\vision_pipeline\component\Actel\DirectCore\COREBCLKSCLKALIGN\3.0.100\rtl\vlog\test\user\PF_IOD_GENERIC_RX_C1_PF_IOD_CLK_TRAINING_PF_IOD.v'.
Reading file 'C:\Users\c79828\Documents\HLS_Work\fpga-hls-libraries\vision\demo_designs\PF_Video_kit\libero\vision_pipeline\component\Actel\DirectCore\COREBCLKSCLKALIGN\3.0.100\rtl\vlog\test\user\PF_IOD_GENERIC_RX_C1_PF_IOD_RX_PF_IOD.v'.
Reading file 'C:\Users\c79828\Documents\HLS_Work\fpga-hls-libraries\vision\demo_designs\PF_Video_kit\libero\vision_pipeline\component\Actel\DirectCore\COREBCLKSCLKALIGN\3.0.100\rtl\vlog\test\user\PF_IOD_GENERIC_RX_C1_PF_LANECTRL_0_PF_LANECTRL.v'.
Reading file 'C:\Users\c79828\Documents\HLS_Work\fpga-hls-libraries\vision\demo_designs\PF_Video_kit\libero\vision_pipeline\component\Actel\DirectCore\COREBCLKSCLKALIGN\3.0.100\rtl\vlog\test\user\PF_IOD_GENERIC_TX_C0.v'.
Reading file 'C:\Users\c79828\Documents\HLS_Work\fpga-hls-libraries\vision\demo_designs\PF_Video_kit\libero\vision_pipeline\component\Actel\DirectCore\COREBCLKSCLKALIGN\3.0.100\rtl\vlog\test\user\PF_IOD_GENERIC_TX_C0_LANECTRL_ADDR_CMD_0_PF_LANECTRL.v'.
Reading file 'C:\Users\c79828\Documents\HLS_Work\fpga-hls-libraries\vision\demo_designs\PF_Video_kit\libero\vision_pipeline\component\Actel\DirectCore\COREBCLKSCLKALIGN\3.0.100\rtl\vlog\test\user\PF_IOD_GENERIC_TX_C0_PF_IOD_CLK_TRAINING_PF_IOD.v'.
Reading file 'C:\Users\c79828\Documents\HLS_Work\fpga-hls-libraries\vision\demo_designs\PF_Video_kit\libero\vision_pipeline\component\Actel\DirectCore\COREBCLKSCLKALIGN\3.0.100\rtl\vlog\test\user\PF_IOD_GENERIC_TX_C0_PF_IOD_TX_CLK_PF_IOD.v'.
Reading file 'C:\Users\c79828\Documents\HLS_Work\fpga-hls-libraries\vision\demo_designs\PF_Video_kit\libero\vision_pipeline\component\Actel\DirectCore\COREBCLKSCLKALIGN\3.0.100\rtl\vlog\test\user\PF_IOD_GENERIC_TX_C0_PF_IOD_TX_PF_IOD.v'.
Reading file 'C:\Users\c79828\Documents\HLS_Work\fpga-hls-libraries\vision\demo_designs\PF_Video_kit\libero\vision_pipeline\component\Actel\DirectCore\COREBCLKSCLKALIGN\3.0.100\rtl\vlog\test\user\PF_LANECTRL_PAUSE_SYNC.v'.
Reading file 'C:\Users\c79828\Documents\HLS_Work\fpga-hls-libraries\vision\demo_designs\PF_Video_kit\libero\vision_pipeline\component\Actel\DirectCore\COREBCLKSCLKALIGN\3.0.100\rtl\vlog\test\user\PF_LANECTRL_PAUSE_SYNC_2.v'.
Reading file 'C:\Users\c79828\Documents\HLS_Work\fpga-hls-libraries\vision\demo_designs\PF_Video_kit\libero\vision_pipeline\component\Actel\DirectCore\COREBCLKSCLKALIGN\3.0.100\rtl\vlog\test\user\PLL_BclkSclkAlign.v'.
Reading file 'C:\Users\c79828\Documents\HLS_Work\fpga-hls-libraries\vision\demo_designs\PF_Video_kit\libero\vision_pipeline\component\work\PF_IOD_GENERIC_RX_C0_TR\PF_IOD_GENERIC_RX_C0_TR_0\rtl\vlog\test\user\prbscheck_parallel_fab_x2.v'.
Reading file 'C:\Users\c79828\Documents\HLS_Work\fpga-hls-libraries\vision\demo_designs\PF_Video_kit\libero\vision_pipeline\component\work\PF_IOD_GENERIC_RX_C0_TR\PF_IOD_GENERIC_RX_C0_TR_0\rtl\vlog\test\user\prbsgen_parallel_fab_x2.v'.
Reading file 'C:\Users\c79828\Documents\HLS_Work\fpga-hls-libraries\vision\demo_designs\PF_Video_kit\libero\vision_pipeline\component\work\PF_IOD_GENERIC_RX_C0_TR\PF_IOD_GENERIC_RX_C0_TR_0\rtl\vlog\test\user\rev_bits_x2.v'.
Reading file 'C:\Users\c79828\Documents\HLS_Work\fpga-hls-libraries\vision\demo_designs\PF_Video_kit\libero\vision_pipeline\hdl\axis_to_vga_converter.v'.
Reading file 'C:\Users\c79828\Documents\HLS_Work\fpga-hls-libraries\vision\demo_designs\PF_Video_kit\libero\vision_pipeline\hdl\camera_to_axis_converter.v'.
Reading file 'C:\Users\c79828\Documents\HLS_Work\fpga-hls-libraries\vision\demo_designs\PF_Video_kit\libero\vision_pipeline\hdl\FrameBufferControl.v'.
Reading file 'C:\Users\c79828\Documents\HLS_Work\fpga-hls-libraries\vision\demo_designs\PF_Video_kit\libero\vision_pipeline\hdl\VGA_Controller_SHLS.vhd'.
Reading file 'C:\Users\c79828\Documents\HLS_Work\fpga-hls-libraries\vision\demo_designs\PF_Video_kit\libero\vision_pipeline\component\work\CAM_IOD_TIP_TOP\CAM_IOD_TIP_TOP.v'.
Reading file 'C:\Users\c79828\Documents\HLS_Work\fpga-hls-libraries\vision\demo_designs\PF_Video_kit\libero\vision_pipeline\component\work\IMX334_IF_TOP\IMX334_IF_TOP.v'.
Info: Core has been created successfully from 'AXIS_To_VGA_Converter' HDL module.
Info:  <a href="liberoaction://open_online_help/70004">Read more</a> on how to create a core from your HDL module.
Info:  This feature enables you to add bus interfaces to your HDL module and configure any generics/parameters in your HDL module.

Reading file 'C:\Users\c79828\Documents\HLS_Work\fpga-hls-libraries\vision\demo_designs\PF_Video_kit\libero\vision_pipeline\component\work\CORERESET_PF_C1\CORERESET_PF_C1.v'.
Reading file 'C:\Users\c79828\Documents\HLS_Work\fpga-hls-libraries\vision\demo_designs\PF_Video_kit\libero\vision_pipeline\component\work\CORERESET_PF_C1\CORERESET_PF_C1_0\core\corereset_pf.v'.
Reading file 'C:\Users\c79828\Documents\HLS_Work\fpga-hls-libraries\vision\demo_designs\PF_Video_kit\libero\vision_pipeline\component\work\CORERESET_PF_C1\CORERESET_PF_C1_0\test\corereset_pf_tb.v'.
Reading file 'C:\Users\c79828\Documents\HLS_Work\fpga-hls-libraries\vision\demo_designs\PF_Video_kit\libero\vision_pipeline\component\work\CORERESET_PF_C2\CORERESET_PF_C2.v'.
Reading file 'C:\Users\c79828\Documents\HLS_Work\fpga-hls-libraries\vision\demo_designs\PF_Video_kit\libero\vision_pipeline\component\work\CORERESET_PF_C2\CORERESET_PF_C2_0\core\corereset_pf.v'.
Reading file 'C:\Users\c79828\Documents\HLS_Work\fpga-hls-libraries\vision\demo_designs\PF_Video_kit\libero\vision_pipeline\component\work\CORERESET_PF_C2\CORERESET_PF_C2_0\test\corereset_pf_tb.v'.
Reading file 'C:\Users\c79828\Documents\HLS_Work\fpga-hls-libraries\vision\demo_designs\PF_Video_kit\libero\vision_pipeline\component\work\CORERESET_PF_C3\CORERESET_PF_C3.v'.
Reading file 'C:\Users\c79828\Documents\HLS_Work\fpga-hls-libraries\vision\demo_designs\PF_Video_kit\libero\vision_pipeline\component\work\CORERESET_PF_C3\CORERESET_PF_C3_0\core\corereset_pf.v'.
Reading file 'C:\Users\c79828\Documents\HLS_Work\fpga-hls-libraries\vision\demo_designs\PF_Video_kit\libero\vision_pipeline\component\work\CORERESET_PF_C3\CORERESET_PF_C3_0\test\corereset_pf_tb.v'.
Reading file 'C:\Users\c79828\Documents\HLS_Work\fpga-hls-libraries\vision\demo_designs\PF_Video_kit\libero\vision_pipeline\component\work\CORERXIODBITALIGN_C0\CORERXIODBITALIGN_C0.v'.
Reading file 'C:\Users\c79828\Documents\HLS_Work\fpga-hls-libraries\vision\demo_designs\PF_Video_kit\libero\vision_pipeline\component\work\CORERXIODBITALIGN_C0\CORERXIODBITALIGN_C0_0\rtl\vlog\core\CoreRxIODBitAlign.v'.
Reading file 'C:\Users\c79828\Documents\HLS_Work\fpga-hls-libraries\vision\demo_designs\PF_Video_kit\libero\vision_pipeline\component\work\CORERXIODBITALIGN_C0\CORERXIODBITALIGN_C0_0\rtl\vlog\core\CoreRxIODBitAlign_top.v'.
Reading file 'C:\Users\c79828\Documents\HLS_Work\fpga-hls-libraries\vision\demo_designs\PF_Video_kit\libero\vision_pipeline\component\work\CORERXIODBITALIGN_C0\CORERXIODBITALIGN_C0_0\rtl\vlog\test\user\prbscheck_parallel_fab_x4.v'.
Reading file 'C:\Users\c79828\Documents\HLS_Work\fpga-hls-libraries\vision\demo_designs\PF_Video_kit\libero\vision_pipeline\component\work\CORERXIODBITALIGN_C0\CORERXIODBITALIGN_C0_0\rtl\vlog\test\user\prbsgen_parallel_fab_x4.v'.
Reading file 'C:\Users\c79828\Documents\HLS_Work\fpga-hls-libraries\vision\demo_designs\PF_Video_kit\libero\vision_pipeline\component\work\CORERXIODBITALIGN_C0\CORERXIODBITALIGN_C0_0\rtl\vlog\test\user\rev_bits_x4.v'.
Reading file 'C:\Users\c79828\Documents\HLS_Work\fpga-hls-libraries\vision\demo_designs\PF_Video_kit\libero\vision_pipeline\component\work\CORERXIODBITALIGN_C0\CORERXIODBITALIGN_C0_0\rtl\vlog\test\user\CCC_COMP_CCC_COMP_0_PF_CCC.v'.
Reading file 'C:\Users\c79828\Documents\HLS_Work\fpga-hls-libraries\vision\demo_designs\PF_Video_kit\libero\vision_pipeline\component\work\CORERXIODBITALIGN_C0\CORERXIODBITALIGN_C0_0\rtl\vlog\test\user\CCC_COMP.v'.
Reading file 'C:\Users\c79828\Documents\HLS_Work\fpga-hls-libraries\vision\demo_designs\PF_Video_kit\libero\vision_pipeline\component\work\CORERXIODBITALIGN_C0\CORERXIODBITALIGN_C0_0\rtl\vlog\test\user\CORERXIODBITALIGN_C0.v'.
Reading file 'C:\Users\c79828\Documents\HLS_Work\fpga-hls-libraries\vision\demo_designs\PF_Video_kit\libero\vision_pipeline\component\work\CORERXIODBITALIGN_C0\CORERXIODBITALIGN_C0_0\rtl\vlog\test\user\RXIOD_COMP_PF_CLK_DIV_FIFO_PF_CLK_DIV_DELAY.v'.
Reading file 'C:\Users\c79828\Documents\HLS_Work\fpga-hls-libraries\vision\demo_designs\PF_Video_kit\libero\vision_pipeline\component\work\CORERXIODBITALIGN_C0\CORERXIODBITALIGN_C0_0\rtl\vlog\test\user\RXIOD_COMP_PF_CLK_DIV_RXCLK_PF_CLK_DIV_DELAY.v'.
Reading file 'C:\Users\c79828\Documents\HLS_Work\fpga-hls-libraries\vision\demo_designs\PF_Video_kit\libero\vision_pipeline\component\work\CORERXIODBITALIGN_C0\CORERXIODBITALIGN_C0_0\rtl\vlog\test\user\RXIOD_COMP_PF_IOD_CLK_TRAINING_PF_IOD.v'.
Reading file 'C:\Users\c79828\Documents\HLS_Work\fpga-hls-libraries\vision\demo_designs\PF_Video_kit\libero\vision_pipeline\component\work\CORERXIODBITALIGN_C0\CORERXIODBITALIGN_C0_0\rtl\vlog\test\user\RXIOD_COMP_PF_IOD_RX_PF_IOD.v'.
Reading file 'C:\Users\c79828\Documents\HLS_Work\fpga-hls-libraries\vision\demo_designs\PF_Video_kit\libero\vision_pipeline\component\work\CORERXIODBITALIGN_C0\CORERXIODBITALIGN_C0_0\rtl\vlog\test\user\PF_LANECTRL_PAUSE_SYNC.v'.
Reading file 'C:\Users\c79828\Documents\HLS_Work\fpga-hls-libraries\vision\demo_designs\PF_Video_kit\libero\vision_pipeline\component\work\CORERXIODBITALIGN_C0\CORERXIODBITALIGN_C0_0\rtl\vlog\test\user\RXIOD_COMP_PF_LANECTRL_0_PF_LANECTRL.v'.
Reading file 'C:\Users\c79828\Documents\HLS_Work\fpga-hls-libraries\vision\demo_designs\PF_Video_kit\libero\vision_pipeline\component\work\CORERXIODBITALIGN_C0\CORERXIODBITALIGN_C0_0\rtl\vlog\test\user\PLL_BclkSclkAlign.v'.
Reading file 'C:\Users\c79828\Documents\HLS_Work\fpga-hls-libraries\vision\demo_designs\PF_Video_kit\libero\vision_pipeline\component\work\CORERXIODBITALIGN_C0\CORERXIODBITALIGN_C0_0\rtl\vlog\test\user\ICB_BclkSclkAlign.v'.
Reading file 'C:\Users\c79828\Documents\HLS_Work\fpga-hls-libraries\vision\demo_designs\PF_Video_kit\libero\vision_pipeline\component\work\CORERXIODBITALIGN_C0\CORERXIODBITALIGN_C0_0\rtl\vlog\test\user\CoreBclkSclkAlign.v'.
Reading file 'C:\Users\c79828\Documents\HLS_Work\fpga-hls-libraries\vision\demo_designs\PF_Video_kit\libero\vision_pipeline\component\work\CORERXIODBITALIGN_C0\CORERXIODBITALIGN_C0_0\rtl\vlog\test\user\RXIOD_COMP_TR.v'.
Reading file 'C:\Users\c79828\Documents\HLS_Work\fpga-hls-libraries\vision\demo_designs\PF_Video_kit\libero\vision_pipeline\component\work\CORERXIODBITALIGN_C0\CORERXIODBITALIGN_C0_0\rtl\vlog\test\user\RXIOD_COMP.v'.
Reading file 'C:\Users\c79828\Documents\HLS_Work\fpga-hls-libraries\vision\demo_designs\PF_Video_kit\libero\vision_pipeline\component\work\CORERXIODBITALIGN_C0\CORERXIODBITALIGN_C0_0\rtl\vlog\test\user\PF_LANECTRL_PAUSE_SYNC1.v'.
Reading file 'C:\Users\c79828\Documents\HLS_Work\fpga-hls-libraries\vision\demo_designs\PF_Video_kit\libero\vision_pipeline\component\work\CORERXIODBITALIGN_C0\CORERXIODBITALIGN_C0_0\rtl\vlog\test\user\TXIOD_COMP_LANECTRL_ADDR_CMD_0_PF_LANECTRL.v'.
Reading file 'C:\Users\c79828\Documents\HLS_Work\fpga-hls-libraries\vision\demo_designs\PF_Video_kit\libero\vision_pipeline\component\work\CORERXIODBITALIGN_C0\CORERXIODBITALIGN_C0_0\rtl\vlog\test\user\TXIOD_COMP_PF_IOD_TX_CLK_PF_IOD.v'.
Reading file 'C:\Users\c79828\Documents\HLS_Work\fpga-hls-libraries\vision\demo_designs\PF_Video_kit\libero\vision_pipeline\component\work\CORERXIODBITALIGN_C0\CORERXIODBITALIGN_C0_0\rtl\vlog\test\user\TXIOD_COMP_PF_IOD_TX_PF_IOD.v'.
Reading file 'C:\Users\c79828\Documents\HLS_Work\fpga-hls-libraries\vision\demo_designs\PF_Video_kit\libero\vision_pipeline\component\work\CORERXIODBITALIGN_C0\CORERXIODBITALIGN_C0_0\rtl\vlog\test\user\TXIOD_COMP.v'.
Reading file 'C:\Users\c79828\Documents\HLS_Work\fpga-hls-libraries\vision\demo_designs\PF_Video_kit\libero\vision_pipeline\component\work\CORERXIODBITALIGN_C0\CORERXIODBITALIGN_C0_0\rtl\vlog\test\user\CoreRxIODBitAlign_SD_wrap.v'.
Reading file 'C:\Users\c79828\Documents\HLS_Work\fpga-hls-libraries\vision\demo_designs\PF_Video_kit\libero\vision_pipeline\component\work\CORERXIODBITALIGN_C0\CORERXIODBITALIGN_C0_0\rtl\vlog\test\user\testbench.v'.
Reading file 'C:\Users\c79828\Documents\HLS_Work\fpga-hls-libraries\vision\demo_designs\PF_Video_kit\libero\vision_pipeline\component\work\CORERXIODBITALIGN_C1\CORERXIODBITALIGN_C1.v'.
Reading file 'C:\Users\c79828\Documents\HLS_Work\fpga-hls-libraries\vision\demo_designs\PF_Video_kit\libero\vision_pipeline\component\work\CORERXIODBITALIGN_C1\CORERXIODBITALIGN_C1_0\rtl\vlog\core\CoreRxIODBitAlign.v'.
Reading file 'C:\Users\c79828\Documents\HLS_Work\fpga-hls-libraries\vision\demo_designs\PF_Video_kit\libero\vision_pipeline\component\work\CORERXIODBITALIGN_C1\CORERXIODBITALIGN_C1_0\rtl\vlog\core\CoreRxIODBitAlign_top.v'.
Reading file 'C:\Users\c79828\Documents\HLS_Work\fpga-hls-libraries\vision\demo_designs\PF_Video_kit\libero\vision_pipeline\component\work\CORERXIODBITALIGN_C1\CORERXIODBITALIGN_C1_0\rtl\vlog\test\user\prbscheck_parallel_fab_x4.v'.
Reading file 'C:\Users\c79828\Documents\HLS_Work\fpga-hls-libraries\vision\demo_designs\PF_Video_kit\libero\vision_pipeline\component\work\CORERXIODBITALIGN_C1\CORERXIODBITALIGN_C1_0\rtl\vlog\test\user\prbsgen_parallel_fab_x4.v'.
Reading file 'C:\Users\c79828\Documents\HLS_Work\fpga-hls-libraries\vision\demo_designs\PF_Video_kit\libero\vision_pipeline\component\work\CORERXIODBITALIGN_C1\CORERXIODBITALIGN_C1_0\rtl\vlog\test\user\rev_bits_x4.v'.
Reading file 'C:\Users\c79828\Documents\HLS_Work\fpga-hls-libraries\vision\demo_designs\PF_Video_kit\libero\vision_pipeline\component\work\CORERXIODBITALIGN_C1\CORERXIODBITALIGN_C1_0\rtl\vlog\test\user\CCC_COMP_CCC_COMP_0_PF_CCC.v'.
Reading file 'C:\Users\c79828\Documents\HLS_Work\fpga-hls-libraries\vision\demo_designs\PF_Video_kit\libero\vision_pipeline\component\work\CORERXIODBITALIGN_C1\CORERXIODBITALIGN_C1_0\rtl\vlog\test\user\CCC_COMP.v'.
Reading file 'C:\Users\c79828\Documents\HLS_Work\fpga-hls-libraries\vision\demo_designs\PF_Video_kit\libero\vision_pipeline\component\work\CORERXIODBITALIGN_C1\CORERXIODBITALIGN_C1_0\rtl\vlog\test\user\CORERXIODBITALIGN_C0.v'.
Reading file 'C:\Users\c79828\Documents\HLS_Work\fpga-hls-libraries\vision\demo_designs\PF_Video_kit\libero\vision_pipeline\component\work\CORERXIODBITALIGN_C1\CORERXIODBITALIGN_C1_0\rtl\vlog\test\user\RXIOD_COMP_PF_CLK_DIV_FIFO_PF_CLK_DIV_DELAY.v'.
Reading file 'C:\Users\c79828\Documents\HLS_Work\fpga-hls-libraries\vision\demo_designs\PF_Video_kit\libero\vision_pipeline\component\work\CORERXIODBITALIGN_C1\CORERXIODBITALIGN_C1_0\rtl\vlog\test\user\RXIOD_COMP_PF_CLK_DIV_RXCLK_PF_CLK_DIV_DELAY.v'.
Reading file 'C:\Users\c79828\Documents\HLS_Work\fpga-hls-libraries\vision\demo_designs\PF_Video_kit\libero\vision_pipeline\component\work\CORERXIODBITALIGN_C1\CORERXIODBITALIGN_C1_0\rtl\vlog\test\user\RXIOD_COMP_PF_IOD_CLK_TRAINING_PF_IOD.v'.
Reading file 'C:\Users\c79828\Documents\HLS_Work\fpga-hls-libraries\vision\demo_designs\PF_Video_kit\libero\vision_pipeline\component\work\CORERXIODBITALIGN_C1\CORERXIODBITALIGN_C1_0\rtl\vlog\test\user\RXIOD_COMP_PF_IOD_RX_PF_IOD.v'.
Reading file 'C:\Users\c79828\Documents\HLS_Work\fpga-hls-libraries\vision\demo_designs\PF_Video_kit\libero\vision_pipeline\component\work\CORERXIODBITALIGN_C1\CORERXIODBITALIGN_C1_0\rtl\vlog\test\user\PF_LANECTRL_PAUSE_SYNC.v'.
Reading file 'C:\Users\c79828\Documents\HLS_Work\fpga-hls-libraries\vision\demo_designs\PF_Video_kit\libero\vision_pipeline\component\work\CORERXIODBITALIGN_C1\CORERXIODBITALIGN_C1_0\rtl\vlog\test\user\RXIOD_COMP_PF_LANECTRL_0_PF_LANECTRL.v'.
Reading file 'C:\Users\c79828\Documents\HLS_Work\fpga-hls-libraries\vision\demo_designs\PF_Video_kit\libero\vision_pipeline\component\work\CORERXIODBITALIGN_C1\CORERXIODBITALIGN_C1_0\rtl\vlog\test\user\PLL_BclkSclkAlign.v'.
Reading file 'C:\Users\c79828\Documents\HLS_Work\fpga-hls-libraries\vision\demo_designs\PF_Video_kit\libero\vision_pipeline\component\work\CORERXIODBITALIGN_C1\CORERXIODBITALIGN_C1_0\rtl\vlog\test\user\ICB_BclkSclkAlign.v'.
Reading file 'C:\Users\c79828\Documents\HLS_Work\fpga-hls-libraries\vision\demo_designs\PF_Video_kit\libero\vision_pipeline\component\work\CORERXIODBITALIGN_C1\CORERXIODBITALIGN_C1_0\rtl\vlog\test\user\CoreBclkSclkAlign.v'.
Reading file 'C:\Users\c79828\Documents\HLS_Work\fpga-hls-libraries\vision\demo_designs\PF_Video_kit\libero\vision_pipeline\component\work\CORERXIODBITALIGN_C1\CORERXIODBITALIGN_C1_0\rtl\vlog\test\user\RXIOD_COMP_TR.v'.
Reading file 'C:\Users\c79828\Documents\HLS_Work\fpga-hls-libraries\vision\demo_designs\PF_Video_kit\libero\vision_pipeline\component\work\CORERXIODBITALIGN_C1\CORERXIODBITALIGN_C1_0\rtl\vlog\test\user\RXIOD_COMP.v'.
Reading file 'C:\Users\c79828\Documents\HLS_Work\fpga-hls-libraries\vision\demo_designs\PF_Video_kit\libero\vision_pipeline\component\work\CORERXIODBITALIGN_C1\CORERXIODBITALIGN_C1_0\rtl\vlog\test\user\PF_LANECTRL_PAUSE_SYNC1.v'.
Reading file 'C:\Users\c79828\Documents\HLS_Work\fpga-hls-libraries\vision\demo_designs\PF_Video_kit\libero\vision_pipeline\component\work\CORERXIODBITALIGN_C1\CORERXIODBITALIGN_C1_0\rtl\vlog\test\user\TXIOD_COMP_LANECTRL_ADDR_CMD_0_PF_LANECTRL.v'.
Reading file 'C:\Users\c79828\Documents\HLS_Work\fpga-hls-libraries\vision\demo_designs\PF_Video_kit\libero\vision_pipeline\component\work\CORERXIODBITALIGN_C1\CORERXIODBITALIGN_C1_0\rtl\vlog\test\user\TXIOD_COMP_PF_IOD_TX_CLK_PF_IOD.v'.
Reading file 'C:\Users\c79828\Documents\HLS_Work\fpga-hls-libraries\vision\demo_designs\PF_Video_kit\libero\vision_pipeline\component\work\CORERXIODBITALIGN_C1\CORERXIODBITALIGN_C1_0\rtl\vlog\test\user\TXIOD_COMP_PF_IOD_TX_PF_IOD.v'.
Reading file 'C:\Users\c79828\Documents\HLS_Work\fpga-hls-libraries\vision\demo_designs\PF_Video_kit\libero\vision_pipeline\component\work\CORERXIODBITALIGN_C1\CORERXIODBITALIGN_C1_0\rtl\vlog\test\user\TXIOD_COMP.v'.
Reading file 'C:\Users\c79828\Documents\HLS_Work\fpga-hls-libraries\vision\demo_designs\PF_Video_kit\libero\vision_pipeline\component\work\CORERXIODBITALIGN_C1\CORERXIODBITALIGN_C1_0\rtl\vlog\test\user\CoreRxIODBitAlign_SD_wrap.v'.
Reading file 'C:\Users\c79828\Documents\HLS_Work\fpga-hls-libraries\vision\demo_designs\PF_Video_kit\libero\vision_pipeline\component\work\CORERXIODBITALIGN_C1\CORERXIODBITALIGN_C1_0\rtl\vlog\test\user\testbench.v'.
Reading file 'C:\Users\c79828\Documents\HLS_Work\fpga-hls-libraries\vision\demo_designs\PF_Video_kit\libero\vision_pipeline\component\work\CORERXIODBITALIGN_C2\CORERXIODBITALIGN_C2.v'.
Reading file 'C:\Users\c79828\Documents\HLS_Work\fpga-hls-libraries\vision\demo_designs\PF_Video_kit\libero\vision_pipeline\component\work\CORERXIODBITALIGN_C2\CORERXIODBITALIGN_C2_0\rtl\vlog\core\CoreRxIODBitAlign.v'.
Reading file 'C:\Users\c79828\Documents\HLS_Work\fpga-hls-libraries\vision\demo_designs\PF_Video_kit\libero\vision_pipeline\component\work\CORERXIODBITALIGN_C2\CORERXIODBITALIGN_C2_0\rtl\vlog\core\CoreRxIODBitAlign_top.v'.
Reading file 'C:\Users\c79828\Documents\HLS_Work\fpga-hls-libraries\vision\demo_designs\PF_Video_kit\libero\vision_pipeline\component\work\CORERXIODBITALIGN_C2\CORERXIODBITALIGN_C2_0\rtl\vlog\test\user\prbscheck_parallel_fab_x4.v'.
Reading file 'C:\Users\c79828\Documents\HLS_Work\fpga-hls-libraries\vision\demo_designs\PF_Video_kit\libero\vision_pipeline\component\work\CORERXIODBITALIGN_C2\CORERXIODBITALIGN_C2_0\rtl\vlog\test\user\prbsgen_parallel_fab_x4.v'.
Reading file 'C:\Users\c79828\Documents\HLS_Work\fpga-hls-libraries\vision\demo_designs\PF_Video_kit\libero\vision_pipeline\component\work\CORERXIODBITALIGN_C2\CORERXIODBITALIGN_C2_0\rtl\vlog\test\user\rev_bits_x4.v'.
Reading file 'C:\Users\c79828\Documents\HLS_Work\fpga-hls-libraries\vision\demo_designs\PF_Video_kit\libero\vision_pipeline\component\work\CORERXIODBITALIGN_C2\CORERXIODBITALIGN_C2_0\rtl\vlog\test\user\CCC_COMP_CCC_COMP_0_PF_CCC.v'.
Reading file 'C:\Users\c79828\Documents\HLS_Work\fpga-hls-libraries\vision\demo_designs\PF_Video_kit\libero\vision_pipeline\component\work\CORERXIODBITALIGN_C2\CORERXIODBITALIGN_C2_0\rtl\vlog\test\user\CCC_COMP.v'.
Reading file 'C:\Users\c79828\Documents\HLS_Work\fpga-hls-libraries\vision\demo_designs\PF_Video_kit\libero\vision_pipeline\component\work\CORERXIODBITALIGN_C2\CORERXIODBITALIGN_C2_0\rtl\vlog\test\user\CORERXIODBITALIGN_C0.v'.
Reading file 'C:\Users\c79828\Documents\HLS_Work\fpga-hls-libraries\vision\demo_designs\PF_Video_kit\libero\vision_pipeline\component\work\CORERXIODBITALIGN_C2\CORERXIODBITALIGN_C2_0\rtl\vlog\test\user\RXIOD_COMP_PF_CLK_DIV_FIFO_PF_CLK_DIV_DELAY.v'.
Reading file 'C:\Users\c79828\Documents\HLS_Work\fpga-hls-libraries\vision\demo_designs\PF_Video_kit\libero\vision_pipeline\component\work\CORERXIODBITALIGN_C2\CORERXIODBITALIGN_C2_0\rtl\vlog\test\user\RXIOD_COMP_PF_CLK_DIV_RXCLK_PF_CLK_DIV_DELAY.v'.
Reading file 'C:\Users\c79828\Documents\HLS_Work\fpga-hls-libraries\vision\demo_designs\PF_Video_kit\libero\vision_pipeline\component\work\CORERXIODBITALIGN_C2\CORERXIODBITALIGN_C2_0\rtl\vlog\test\user\RXIOD_COMP_PF_IOD_CLK_TRAINING_PF_IOD.v'.
Reading file 'C:\Users\c79828\Documents\HLS_Work\fpga-hls-libraries\vision\demo_designs\PF_Video_kit\libero\vision_pipeline\component\work\CORERXIODBITALIGN_C2\CORERXIODBITALIGN_C2_0\rtl\vlog\test\user\RXIOD_COMP_PF_IOD_RX_PF_IOD.v'.
Reading file 'C:\Users\c79828\Documents\HLS_Work\fpga-hls-libraries\vision\demo_designs\PF_Video_kit\libero\vision_pipeline\component\work\CORERXIODBITALIGN_C2\CORERXIODBITALIGN_C2_0\rtl\vlog\test\user\PF_LANECTRL_PAUSE_SYNC.v'.
Reading file 'C:\Users\c79828\Documents\HLS_Work\fpga-hls-libraries\vision\demo_designs\PF_Video_kit\libero\vision_pipeline\component\work\CORERXIODBITALIGN_C2\CORERXIODBITALIGN_C2_0\rtl\vlog\test\user\RXIOD_COMP_PF_LANECTRL_0_PF_LANECTRL.v'.
Reading file 'C:\Users\c79828\Documents\HLS_Work\fpga-hls-libraries\vision\demo_designs\PF_Video_kit\libero\vision_pipeline\component\work\CORERXIODBITALIGN_C2\CORERXIODBITALIGN_C2_0\rtl\vlog\test\user\PLL_BclkSclkAlign.v'.
Reading file 'C:\Users\c79828\Documents\HLS_Work\fpga-hls-libraries\vision\demo_designs\PF_Video_kit\libero\vision_pipeline\component\work\CORERXIODBITALIGN_C2\CORERXIODBITALIGN_C2_0\rtl\vlog\test\user\ICB_BclkSclkAlign.v'.
Reading file 'C:\Users\c79828\Documents\HLS_Work\fpga-hls-libraries\vision\demo_designs\PF_Video_kit\libero\vision_pipeline\component\work\CORERXIODBITALIGN_C2\CORERXIODBITALIGN_C2_0\rtl\vlog\test\user\CoreBclkSclkAlign.v'.
Reading file 'C:\Users\c79828\Documents\HLS_Work\fpga-hls-libraries\vision\demo_designs\PF_Video_kit\libero\vision_pipeline\component\work\CORERXIODBITALIGN_C2\CORERXIODBITALIGN_C2_0\rtl\vlog\test\user\RXIOD_COMP_TR.v'.
Reading file 'C:\Users\c79828\Documents\HLS_Work\fpga-hls-libraries\vision\demo_designs\PF_Video_kit\libero\vision_pipeline\component\work\CORERXIODBITALIGN_C2\CORERXIODBITALIGN_C2_0\rtl\vlog\test\user\RXIOD_COMP.v'.
Reading file 'C:\Users\c79828\Documents\HLS_Work\fpga-hls-libraries\vision\demo_designs\PF_Video_kit\libero\vision_pipeline\component\work\CORERXIODBITALIGN_C2\CORERXIODBITALIGN_C2_0\rtl\vlog\test\user\PF_LANECTRL_PAUSE_SYNC1.v'.
Reading file 'C:\Users\c79828\Documents\HLS_Work\fpga-hls-libraries\vision\demo_designs\PF_Video_kit\libero\vision_pipeline\component\work\CORERXIODBITALIGN_C2\CORERXIODBITALIGN_C2_0\rtl\vlog\test\user\TXIOD_COMP_LANECTRL_ADDR_CMD_0_PF_LANECTRL.v'.
Reading file 'C:\Users\c79828\Documents\HLS_Work\fpga-hls-libraries\vision\demo_designs\PF_Video_kit\libero\vision_pipeline\component\work\CORERXIODBITALIGN_C2\CORERXIODBITALIGN_C2_0\rtl\vlog\test\user\TXIOD_COMP_PF_IOD_TX_CLK_PF_IOD.v'.
Reading file 'C:\Users\c79828\Documents\HLS_Work\fpga-hls-libraries\vision\demo_designs\PF_Video_kit\libero\vision_pipeline\component\work\CORERXIODBITALIGN_C2\CORERXIODBITALIGN_C2_0\rtl\vlog\test\user\TXIOD_COMP_PF_IOD_TX_PF_IOD.v'.
Reading file 'C:\Users\c79828\Documents\HLS_Work\fpga-hls-libraries\vision\demo_designs\PF_Video_kit\libero\vision_pipeline\component\work\CORERXIODBITALIGN_C2\CORERXIODBITALIGN_C2_0\rtl\vlog\test\user\TXIOD_COMP.v'.
Reading file 'C:\Users\c79828\Documents\HLS_Work\fpga-hls-libraries\vision\demo_designs\PF_Video_kit\libero\vision_pipeline\component\work\CORERXIODBITALIGN_C2\CORERXIODBITALIGN_C2_0\rtl\vlog\test\user\CoreRxIODBitAlign_SD_wrap.v'.
Reading file 'C:\Users\c79828\Documents\HLS_Work\fpga-hls-libraries\vision\demo_designs\PF_Video_kit\libero\vision_pipeline\component\work\CORERXIODBITALIGN_C2\CORERXIODBITALIGN_C2_0\rtl\vlog\test\user\testbench.v'.
Reading file 'C:\Users\c79828\Documents\HLS_Work\fpga-hls-libraries\vision\demo_designs\PF_Video_kit\libero\vision_pipeline\component\work\CORERXIODBITALIGN_C3\CORERXIODBITALIGN_C3.v'.
Reading file 'C:\Users\c79828\Documents\HLS_Work\fpga-hls-libraries\vision\demo_designs\PF_Video_kit\libero\vision_pipeline\component\work\CORERXIODBITALIGN_C3\CORERXIODBITALIGN_C3_0\rtl\vlog\core\CoreRxIODBitAlign.v'.
Reading file 'C:\Users\c79828\Documents\HLS_Work\fpga-hls-libraries\vision\demo_designs\PF_Video_kit\libero\vision_pipeline\component\work\CORERXIODBITALIGN_C3\CORERXIODBITALIGN_C3_0\rtl\vlog\core\CoreRxIODBitAlign_top.v'.
Reading file 'C:\Users\c79828\Documents\HLS_Work\fpga-hls-libraries\vision\demo_designs\PF_Video_kit\libero\vision_pipeline\component\work\CORERXIODBITALIGN_C3\CORERXIODBITALIGN_C3_0\rtl\vlog\test\user\prbscheck_parallel_fab_x4.v'.
Reading file 'C:\Users\c79828\Documents\HLS_Work\fpga-hls-libraries\vision\demo_designs\PF_Video_kit\libero\vision_pipeline\component\work\CORERXIODBITALIGN_C3\CORERXIODBITALIGN_C3_0\rtl\vlog\test\user\prbsgen_parallel_fab_x4.v'.
Reading file 'C:\Users\c79828\Documents\HLS_Work\fpga-hls-libraries\vision\demo_designs\PF_Video_kit\libero\vision_pipeline\component\work\CORERXIODBITALIGN_C3\CORERXIODBITALIGN_C3_0\rtl\vlog\test\user\rev_bits_x4.v'.
Reading file 'C:\Users\c79828\Documents\HLS_Work\fpga-hls-libraries\vision\demo_designs\PF_Video_kit\libero\vision_pipeline\component\work\CORERXIODBITALIGN_C3\CORERXIODBITALIGN_C3_0\rtl\vlog\test\user\CCC_COMP_CCC_COMP_0_PF_CCC.v'.
Reading file 'C:\Users\c79828\Documents\HLS_Work\fpga-hls-libraries\vision\demo_designs\PF_Video_kit\libero\vision_pipeline\component\work\CORERXIODBITALIGN_C3\CORERXIODBITALIGN_C3_0\rtl\vlog\test\user\CCC_COMP.v'.
Reading file 'C:\Users\c79828\Documents\HLS_Work\fpga-hls-libraries\vision\demo_designs\PF_Video_kit\libero\vision_pipeline\component\work\CORERXIODBITALIGN_C3\CORERXIODBITALIGN_C3_0\rtl\vlog\test\user\CORERXIODBITALIGN_C0.v'.
Reading file 'C:\Users\c79828\Documents\HLS_Work\fpga-hls-libraries\vision\demo_designs\PF_Video_kit\libero\vision_pipeline\component\work\CORERXIODBITALIGN_C3\CORERXIODBITALIGN_C3_0\rtl\vlog\test\user\RXIOD_COMP_PF_CLK_DIV_FIFO_PF_CLK_DIV_DELAY.v'.
Reading file 'C:\Users\c79828\Documents\HLS_Work\fpga-hls-libraries\vision\demo_designs\PF_Video_kit\libero\vision_pipeline\component\work\CORERXIODBITALIGN_C3\CORERXIODBITALIGN_C3_0\rtl\vlog\test\user\RXIOD_COMP_PF_CLK_DIV_RXCLK_PF_CLK_DIV_DELAY.v'.
Reading file 'C:\Users\c79828\Documents\HLS_Work\fpga-hls-libraries\vision\demo_designs\PF_Video_kit\libero\vision_pipeline\component\work\CORERXIODBITALIGN_C3\CORERXIODBITALIGN_C3_0\rtl\vlog\test\user\RXIOD_COMP_PF_IOD_CLK_TRAINING_PF_IOD.v'.
Reading file 'C:\Users\c79828\Documents\HLS_Work\fpga-hls-libraries\vision\demo_designs\PF_Video_kit\libero\vision_pipeline\component\work\CORERXIODBITALIGN_C3\CORERXIODBITALIGN_C3_0\rtl\vlog\test\user\RXIOD_COMP_PF_IOD_RX_PF_IOD.v'.
Reading file 'C:\Users\c79828\Documents\HLS_Work\fpga-hls-libraries\vision\demo_designs\PF_Video_kit\libero\vision_pipeline\component\work\CORERXIODBITALIGN_C3\CORERXIODBITALIGN_C3_0\rtl\vlog\test\user\PF_LANECTRL_PAUSE_SYNC.v'.
Reading file 'C:\Users\c79828\Documents\HLS_Work\fpga-hls-libraries\vision\demo_designs\PF_Video_kit\libero\vision_pipeline\component\work\CORERXIODBITALIGN_C3\CORERXIODBITALIGN_C3_0\rtl\vlog\test\user\RXIOD_COMP_PF_LANECTRL_0_PF_LANECTRL.v'.
Reading file 'C:\Users\c79828\Documents\HLS_Work\fpga-hls-libraries\vision\demo_designs\PF_Video_kit\libero\vision_pipeline\component\work\CORERXIODBITALIGN_C3\CORERXIODBITALIGN_C3_0\rtl\vlog\test\user\PLL_BclkSclkAlign.v'.
Reading file 'C:\Users\c79828\Documents\HLS_Work\fpga-hls-libraries\vision\demo_designs\PF_Video_kit\libero\vision_pipeline\component\work\CORERXIODBITALIGN_C3\CORERXIODBITALIGN_C3_0\rtl\vlog\test\user\ICB_BclkSclkAlign.v'.
Reading file 'C:\Users\c79828\Documents\HLS_Work\fpga-hls-libraries\vision\demo_designs\PF_Video_kit\libero\vision_pipeline\component\work\CORERXIODBITALIGN_C3\CORERXIODBITALIGN_C3_0\rtl\vlog\test\user\CoreBclkSclkAlign.v'.
Reading file 'C:\Users\c79828\Documents\HLS_Work\fpga-hls-libraries\vision\demo_designs\PF_Video_kit\libero\vision_pipeline\component\work\CORERXIODBITALIGN_C3\CORERXIODBITALIGN_C3_0\rtl\vlog\test\user\RXIOD_COMP_TR.v'.
Reading file 'C:\Users\c79828\Documents\HLS_Work\fpga-hls-libraries\vision\demo_designs\PF_Video_kit\libero\vision_pipeline\component\work\CORERXIODBITALIGN_C3\CORERXIODBITALIGN_C3_0\rtl\vlog\test\user\RXIOD_COMP.v'.
Reading file 'C:\Users\c79828\Documents\HLS_Work\fpga-hls-libraries\vision\demo_designs\PF_Video_kit\libero\vision_pipeline\component\work\CORERXIODBITALIGN_C3\CORERXIODBITALIGN_C3_0\rtl\vlog\test\user\PF_LANECTRL_PAUSE_SYNC1.v'.
Reading file 'C:\Users\c79828\Documents\HLS_Work\fpga-hls-libraries\vision\demo_designs\PF_Video_kit\libero\vision_pipeline\component\work\CORERXIODBITALIGN_C3\CORERXIODBITALIGN_C3_0\rtl\vlog\test\user\TXIOD_COMP_LANECTRL_ADDR_CMD_0_PF_LANECTRL.v'.
Reading file 'C:\Users\c79828\Documents\HLS_Work\fpga-hls-libraries\vision\demo_designs\PF_Video_kit\libero\vision_pipeline\component\work\CORERXIODBITALIGN_C3\CORERXIODBITALIGN_C3_0\rtl\vlog\test\user\TXIOD_COMP_PF_IOD_TX_CLK_PF_IOD.v'.
Reading file 'C:\Users\c79828\Documents\HLS_Work\fpga-hls-libraries\vision\demo_designs\PF_Video_kit\libero\vision_pipeline\component\work\CORERXIODBITALIGN_C3\CORERXIODBITALIGN_C3_0\rtl\vlog\test\user\TXIOD_COMP_PF_IOD_TX_PF_IOD.v'.
Reading file 'C:\Users\c79828\Documents\HLS_Work\fpga-hls-libraries\vision\demo_designs\PF_Video_kit\libero\vision_pipeline\component\work\CORERXIODBITALIGN_C3\CORERXIODBITALIGN_C3_0\rtl\vlog\test\user\TXIOD_COMP.v'.
Reading file 'C:\Users\c79828\Documents\HLS_Work\fpga-hls-libraries\vision\demo_designs\PF_Video_kit\libero\vision_pipeline\component\work\CORERXIODBITALIGN_C3\CORERXIODBITALIGN_C3_0\rtl\vlog\test\user\CoreRxIODBitAlign_SD_wrap.v'.
Reading file 'C:\Users\c79828\Documents\HLS_Work\fpga-hls-libraries\vision\demo_designs\PF_Video_kit\libero\vision_pipeline\component\work\CORERXIODBITALIGN_C3\CORERXIODBITALIGN_C3_0\rtl\vlog\test\user\testbench.v'.
Reading file 'C:\Users\c79828\Documents\HLS_Work\fpga-hls-libraries\vision\demo_designs\PF_Video_kit\libero\vision_pipeline\component\work\mipicsi2rxdecoderPF_C0\mipicsi2rxdecoderPF_C0.v'.
Reading file 'C:\Users\c79828\Documents\HLS_Work\fpga-hls-libraries\vision\demo_designs\PF_Video_kit\libero\vision_pipeline\component\Microsemi\SolutionCore\mipicsi2rxdecoderPF\2.2.5\RTL\byte2pixel_conversion.v'.
Reading file 'C:\Users\c79828\Documents\HLS_Work\fpga-hls-libraries\vision\demo_designs\PF_Video_kit\libero\vision_pipeline\component\Microsemi\SolutionCore\mipicsi2rxdecoderPF\2.2.5\RTL\cdcfifo.v'.
Reading file 'C:\Users\c79828\Documents\HLS_Work\fpga-hls-libraries\vision\demo_designs\PF_Video_kit\libero\vision_pipeline\component\Microsemi\SolutionCore\mipicsi2rxdecoderPF\2.2.5\RTL\cdcfiforam.v'.
Reading file 'C:\Users\c79828\Documents\HLS_Work\fpga-hls-libraries\vision\demo_designs\PF_Video_kit\libero\vision_pipeline\component\Microsemi\SolutionCore\mipicsi2rxdecoderPF\2.2.5\RTL\embsync_detect.v'.
Reading file 'C:\Users\c79828\Documents\HLS_Work\fpga-hls-libraries\vision\demo_designs\PF_Video_kit\libero\vision_pipeline\component\Microsemi\SolutionCore\mipicsi2rxdecoderPF\2.2.5\RTL\mipicsi2rxdecoderPF.v'.
Reading file 'C:\Users\c79828\Documents\HLS_Work\fpga-hls-libraries\vision\demo_designs\PF_Video_kit\libero\vision_pipeline\component\Microsemi\SolutionCore\mipicsi2rxdecoderPF\2.2.5\RTL\mipi_csi2_rxdecoder.v'.
Reading file 'C:\Users\c79828\Documents\HLS_Work\fpga-hls-libraries\vision\demo_designs\PF_Video_kit\libero\vision_pipeline\component\work\PF_CCC_C2\PF_CCC_C2.v'.
Reading file 'C:\Users\c79828\Documents\HLS_Work\fpga-hls-libraries\vision\demo_designs\PF_Video_kit\libero\vision_pipeline\component\work\PF_CCC_C2\PF_CCC_C2_0\PF_CCC_C2_PF_CCC_C2_0_PF_CCC.v'.
Reading file 'C:\Users\c79828\Documents\HLS_Work\fpga-hls-libraries\vision\demo_designs\PF_Video_kit\libero\vision_pipeline\component\work\PF_IOD_GENERIC_RX_C0\PF_IOD_GENERIC_RX_C0.v'.
Reading file 'C:\Users\c79828\Documents\HLS_Work\fpga-hls-libraries\vision\demo_designs\PF_Video_kit\libero\vision_pipeline\component\work\PF_IOD_GENERIC_RX_C0\PF_CLK_DIV_FIFO\PF_IOD_GENERIC_RX_C0_PF_CLK_DIV_FIFO_PF_CLK_DIV_DELAY.v'.
Reading file 'C:\Users\c79828\Documents\HLS_Work\fpga-hls-libraries\vision\demo_designs\PF_Video_kit\libero\vision_pipeline\component\work\PF_IOD_GENERIC_RX_C0\PF_CLK_DIV_RXCLK\PF_IOD_GENERIC_RX_C0_PF_CLK_DIV_RXCLK_PF_CLK_DIV_DELAY.v'.
Reading file 'C:\Users\c79828\Documents\HLS_Work\fpga-hls-libraries\vision\demo_designs\PF_Video_kit\libero\vision_pipeline\component\work\PF_IOD_GENERIC_RX_C0\PF_IOD_CLK_TRAINING\PF_IOD_GENERIC_RX_C0_PF_IOD_CLK_TRAINING_PF_IOD.v'.
Reading file 'C:\Users\c79828\Documents\HLS_Work\fpga-hls-libraries\vision\demo_designs\PF_Video_kit\libero\vision_pipeline\component\work\PF_IOD_GENERIC_RX_C0\PF_IOD_RX\PF_IOD_GENERIC_RX_C0_PF_IOD_RX_PF_IOD.v'.
Reading file 'C:\Users\c79828\Documents\HLS_Work\fpga-hls-libraries\vision\demo_designs\PF_Video_kit\libero\vision_pipeline\component\work\PF_IOD_GENERIC_RX_C0\PF_LANECTRL_0\PF_IOD_GENERIC_RX_C0_PF_LANECTRL_0_PF_LANECTRL.v'.
Reading file 'C:\Users\c79828\Documents\HLS_Work\fpga-hls-libraries\vision\demo_designs\PF_Video_kit\libero\vision_pipeline\component\work\PF_IOD_GENERIC_RX_C0\PF_LANECTRL_0\PF_LANECTRL_PAUSE_SYNC.v'.
Reading file 'C:\Users\c79828\Documents\HLS_Work\fpga-hls-libraries\vision\demo_designs\PF_Video_kit\libero\vision_pipeline\component\work\PF_IOD_GENERIC_RX_C0_TR\PF_IOD_GENERIC_RX_C0_TR.v'.
Reading file 'C:\Users\c79828\Documents\HLS_Work\fpga-hls-libraries\vision\demo_designs\PF_Video_kit\libero\vision_pipeline\component\Actel\DirectCore\COREBCLKSCLKALIGN\3.0.100\rtl\vlog\core\PLL_BclkSclkAlign.v'.
Reading file 'C:\Users\c79828\Documents\HLS_Work\fpga-hls-libraries\vision\demo_designs\PF_Video_kit\libero\vision_pipeline\component\Actel\DirectCore\COREBCLKSCLKALIGN\3.0.100\rtl\vlog\core\ICB_BclkSclkAlign.v'.
Reading file 'C:\Users\c79828\Documents\HLS_Work\fpga-hls-libraries\vision\demo_designs\PF_Video_kit\libero\vision_pipeline\component\Actel\DirectCore\COREBCLKSCLKALIGN\3.0.100\rtl\vlog\test\user\CoreBclkSclkAlign.v'.
Reading file 'C:\Users\c79828\Documents\HLS_Work\fpga-hls-libraries\vision\demo_designs\PF_Video_kit\libero\vision_pipeline\component\Actel\DirectCore\COREBCLKSCLKALIGN\3.0.100\rtl\vlog\test\user\ICB_BclkSclkAlign.v'.
Reading file 'C:\Users\c79828\Documents\HLS_Work\fpga-hls-libraries\vision\demo_designs\PF_Video_kit\libero\vision_pipeline\component\Actel\DirectCore\COREBCLKSCLKALIGN\3.0.100\rtl\vlog\test\user\PF_CCC_C0.v'.
Reading file 'C:\Users\c79828\Documents\HLS_Work\fpga-hls-libraries\vision\demo_designs\PF_Video_kit\libero\vision_pipeline\component\Actel\DirectCore\COREBCLKSCLKALIGN\3.0.100\rtl\vlog\test\user\PF_CCC_C0_PF_CCC_C0_0_PF_CCC.v'.
Reading file 'C:\Users\c79828\Documents\HLS_Work\fpga-hls-libraries\vision\demo_designs\PF_Video_kit\libero\vision_pipeline\component\Actel\DirectCore\COREBCLKSCLKALIGN\3.0.100\rtl\vlog\test\user\PF_DRI_C0.v'.
Reading file 'C:\Users\c79828\Documents\HLS_Work\fpga-hls-libraries\vision\demo_designs\PF_Video_kit\libero\vision_pipeline\component\Actel\DirectCore\COREBCLKSCLKALIGN\3.0.100\rtl\vlog\test\user\PF_DRI_C0_PF_DRI_C0_0_PF_DRI.v'.
Reading file 'C:\Users\c79828\Documents\HLS_Work\fpga-hls-libraries\vision\demo_designs\PF_Video_kit\libero\vision_pipeline\component\Actel\DirectCore\COREBCLKSCLKALIGN\3.0.100\rtl\vlog\test\user\PF_IOD_GENERIC_RX_C1.v'.
Reading file 'C:\Users\c79828\Documents\HLS_Work\fpga-hls-libraries\vision\demo_designs\PF_Video_kit\libero\vision_pipeline\component\Actel\DirectCore\COREBCLKSCLKALIGN\3.0.100\rtl\vlog\test\user\PF_IOD_GENERIC_RX_C1_PF_CLK_DIV_FIFO_PF_CLK_DIV_DELAY.v'.
Reading file 'C:\Users\c79828\Documents\HLS_Work\fpga-hls-libraries\vision\demo_designs\PF_Video_kit\libero\vision_pipeline\component\Actel\DirectCore\COREBCLKSCLKALIGN\3.0.100\rtl\vlog\test\user\PF_IOD_GENERIC_RX_C1_PF_CLK_DIV_RXCLK_PF_CLK_DIV_DELAY.v'.
Reading file 'C:\Users\c79828\Documents\HLS_Work\fpga-hls-libraries\vision\demo_designs\PF_Video_kit\libero\vision_pipeline\component\Actel\DirectCore\COREBCLKSCLKALIGN\3.0.100\rtl\vlog\test\user\PF_IOD_GENERIC_RX_C1_PF_IOD_CLK_TRAINING_PF_IOD.v'.
Reading file 'C:\Users\c79828\Documents\HLS_Work\fpga-hls-libraries\vision\demo_designs\PF_Video_kit\libero\vision_pipeline\component\Actel\DirectCore\COREBCLKSCLKALIGN\3.0.100\rtl\vlog\test\user\PF_IOD_GENERIC_RX_C1_PF_IOD_RX_PF_IOD.v'.
Reading file 'C:\Users\c79828\Documents\HLS_Work\fpga-hls-libraries\vision\demo_designs\PF_Video_kit\libero\vision_pipeline\component\Actel\DirectCore\COREBCLKSCLKALIGN\3.0.100\rtl\vlog\test\user\PF_IOD_GENERIC_RX_C1_PF_LANECTRL_0_PF_LANECTRL.v'.
Reading file 'C:\Users\c79828\Documents\HLS_Work\fpga-hls-libraries\vision\demo_designs\PF_Video_kit\libero\vision_pipeline\component\Actel\DirectCore\COREBCLKSCLKALIGN\3.0.100\rtl\vlog\test\user\PF_IOD_GENERIC_TX_C0.v'.
Reading file 'C:\Users\c79828\Documents\HLS_Work\fpga-hls-libraries\vision\demo_designs\PF_Video_kit\libero\vision_pipeline\component\Actel\DirectCore\COREBCLKSCLKALIGN\3.0.100\rtl\vlog\test\user\PF_IOD_GENERIC_TX_C0_LANECTRL_ADDR_CMD_0_PF_LANECTRL.v'.
Reading file 'C:\Users\c79828\Documents\HLS_Work\fpga-hls-libraries\vision\demo_designs\PF_Video_kit\libero\vision_pipeline\component\Actel\DirectCore\COREBCLKSCLKALIGN\3.0.100\rtl\vlog\test\user\PF_IOD_GENERIC_TX_C0_PF_IOD_CLK_TRAINING_PF_IOD.v'.
Reading file 'C:\Users\c79828\Documents\HLS_Work\fpga-hls-libraries\vision\demo_designs\PF_Video_kit\libero\vision_pipeline\component\Actel\DirectCore\COREBCLKSCLKALIGN\3.0.100\rtl\vlog\test\user\PF_IOD_GENERIC_TX_C0_PF_IOD_TX_CLK_PF_IOD.v'.
Reading file 'C:\Users\c79828\Documents\HLS_Work\fpga-hls-libraries\vision\demo_designs\PF_Video_kit\libero\vision_pipeline\component\Actel\DirectCore\COREBCLKSCLKALIGN\3.0.100\rtl\vlog\test\user\PF_IOD_GENERIC_TX_C0_PF_IOD_TX_PF_IOD.v'.
Reading file 'C:\Users\c79828\Documents\HLS_Work\fpga-hls-libraries\vision\demo_designs\PF_Video_kit\libero\vision_pipeline\component\Actel\DirectCore\COREBCLKSCLKALIGN\3.0.100\rtl\vlog\test\user\PF_LANECTRL_PAUSE_SYNC.v'.
Reading file 'C:\Users\c79828\Documents\HLS_Work\fpga-hls-libraries\vision\demo_designs\PF_Video_kit\libero\vision_pipeline\component\Actel\DirectCore\COREBCLKSCLKALIGN\3.0.100\rtl\vlog\test\user\PF_LANECTRL_PAUSE_SYNC_2.v'.
Reading file 'C:\Users\c79828\Documents\HLS_Work\fpga-hls-libraries\vision\demo_designs\PF_Video_kit\libero\vision_pipeline\component\Actel\DirectCore\COREBCLKSCLKALIGN\3.0.100\rtl\vlog\test\user\PLL_BclkSclkAlign.v'.
Reading file 'C:\Users\c79828\Documents\HLS_Work\fpga-hls-libraries\vision\demo_designs\PF_Video_kit\libero\vision_pipeline\component\work\PF_IOD_GENERIC_RX_C0_TR\PF_IOD_GENERIC_RX_C0_TR_0\rtl\vlog\core\CoreBclkSclkAlign.v'.
Reading file 'C:\Users\c79828\Documents\HLS_Work\fpga-hls-libraries\vision\demo_designs\PF_Video_kit\libero\vision_pipeline\component\work\PF_IOD_GENERIC_RX_C0_TR\PF_IOD_GENERIC_RX_C0_TR_0\rtl\vlog\test\user\BclkSclk_PLL_TX2_1200mbps_SD_wrap.v'.
Reading file 'C:\Users\c79828\Documents\HLS_Work\fpga-hls-libraries\vision\demo_designs\PF_Video_kit\libero\vision_pipeline\component\work\PF_IOD_GENERIC_RX_C0_TR\PF_IOD_GENERIC_RX_C0_TR_0\rtl\vlog\test\user\BclkSclk_PLL_TX2_1200mbps_TB.v'.
Reading file 'C:\Users\c79828\Documents\HLS_Work\fpga-hls-libraries\vision\demo_designs\PF_Video_kit\libero\vision_pipeline\component\Actel\DirectCore\COREBCLKSCLKALIGN\3.0.100\rtl\vlog\test\user\CoreBclkSclkAlign.v'.
Reading file 'C:\Users\c79828\Documents\HLS_Work\fpga-hls-libraries\vision\demo_designs\PF_Video_kit\libero\vision_pipeline\component\Actel\DirectCore\COREBCLKSCLKALIGN\3.0.100\rtl\vlog\test\user\ICB_BclkSclkAlign.v'.
Reading file 'C:\Users\c79828\Documents\HLS_Work\fpga-hls-libraries\vision\demo_designs\PF_Video_kit\libero\vision_pipeline\component\Actel\DirectCore\COREBCLKSCLKALIGN\3.0.100\rtl\vlog\test\user\PF_CCC_C0.v'.
Reading file 'C:\Users\c79828\Documents\HLS_Work\fpga-hls-libraries\vision\demo_designs\PF_Video_kit\libero\vision_pipeline\component\Actel\DirectCore\COREBCLKSCLKALIGN\3.0.100\rtl\vlog\test\user\PF_CCC_C0_PF_CCC_C0_0_PF_CCC.v'.
Reading file 'C:\Users\c79828\Documents\HLS_Work\fpga-hls-libraries\vision\demo_designs\PF_Video_kit\libero\vision_pipeline\component\Actel\DirectCore\COREBCLKSCLKALIGN\3.0.100\rtl\vlog\test\user\PF_DRI_C0.v'.
Reading file 'C:\Users\c79828\Documents\HLS_Work\fpga-hls-libraries\vision\demo_designs\PF_Video_kit\libero\vision_pipeline\component\Actel\DirectCore\COREBCLKSCLKALIGN\3.0.100\rtl\vlog\test\user\PF_DRI_C0_PF_DRI_C0_0_PF_DRI.v'.
Reading file 'C:\Users\c79828\Documents\HLS_Work\fpga-hls-libraries\vision\demo_designs\PF_Video_kit\libero\vision_pipeline\component\Actel\DirectCore\COREBCLKSCLKALIGN\3.0.100\rtl\vlog\test\user\PF_IOD_GENERIC_RX_C1.v'.
Reading file 'C:\Users\c79828\Documents\HLS_Work\fpga-hls-libraries\vision\demo_designs\PF_Video_kit\libero\vision_pipeline\component\Actel\DirectCore\COREBCLKSCLKALIGN\3.0.100\rtl\vlog\test\user\PF_IOD_GENERIC_RX_C1_PF_CLK_DIV_FIFO_PF_CLK_DIV_DELAY.v'.
Reading file 'C:\Users\c79828\Documents\HLS_Work\fpga-hls-libraries\vision\demo_designs\PF_Video_kit\libero\vision_pipeline\component\Actel\DirectCore\COREBCLKSCLKALIGN\3.0.100\rtl\vlog\test\user\PF_IOD_GENERIC_RX_C1_PF_CLK_DIV_RXCLK_PF_CLK_DIV_DELAY.v'.
Reading file 'C:\Users\c79828\Documents\HLS_Work\fpga-hls-libraries\vision\demo_designs\PF_Video_kit\libero\vision_pipeline\component\Actel\DirectCore\COREBCLKSCLKALIGN\3.0.100\rtl\vlog\test\user\PF_IOD_GENERIC_RX_C1_PF_IOD_CLK_TRAINING_PF_IOD.v'.
Reading file 'C:\Users\c79828\Documents\HLS_Work\fpga-hls-libraries\vision\demo_designs\PF_Video_kit\libero\vision_pipeline\component\Actel\DirectCore\COREBCLKSCLKALIGN\3.0.100\rtl\vlog\test\user\PF_IOD_GENERIC_RX_C1_PF_IOD_RX_PF_IOD.v'.
Reading file 'C:\Users\c79828\Documents\HLS_Work\fpga-hls-libraries\vision\demo_designs\PF_Video_kit\libero\vision_pipeline\component\Actel\DirectCore\COREBCLKSCLKALIGN\3.0.100\rtl\vlog\test\user\PF_IOD_GENERIC_RX_C1_PF_LANECTRL_0_PF_LANECTRL.v'.
Reading file 'C:\Users\c79828\Documents\HLS_Work\fpga-hls-libraries\vision\demo_designs\PF_Video_kit\libero\vision_pipeline\component\Actel\DirectCore\COREBCLKSCLKALIGN\3.0.100\rtl\vlog\test\user\PF_IOD_GENERIC_TX_C0.v'.
Reading file 'C:\Users\c79828\Documents\HLS_Work\fpga-hls-libraries\vision\demo_designs\PF_Video_kit\libero\vision_pipeline\component\Actel\DirectCore\COREBCLKSCLKALIGN\3.0.100\rtl\vlog\test\user\PF_IOD_GENERIC_TX_C0_LANECTRL_ADDR_CMD_0_PF_LANECTRL.v'.
Reading file 'C:\Users\c79828\Documents\HLS_Work\fpga-hls-libraries\vision\demo_designs\PF_Video_kit\libero\vision_pipeline\component\Actel\DirectCore\COREBCLKSCLKALIGN\3.0.100\rtl\vlog\test\user\PF_IOD_GENERIC_TX_C0_PF_IOD_CLK_TRAINING_PF_IOD.v'.
Reading file 'C:\Users\c79828\Documents\HLS_Work\fpga-hls-libraries\vision\demo_designs\PF_Video_kit\libero\vision_pipeline\component\Actel\DirectCore\COREBCLKSCLKALIGN\3.0.100\rtl\vlog\test\user\PF_IOD_GENERIC_TX_C0_PF_IOD_TX_CLK_PF_IOD.v'.
Reading file 'C:\Users\c79828\Documents\HLS_Work\fpga-hls-libraries\vision\demo_designs\PF_Video_kit\libero\vision_pipeline\component\Actel\DirectCore\COREBCLKSCLKALIGN\3.0.100\rtl\vlog\test\user\PF_IOD_GENERIC_TX_C0_PF_IOD_TX_PF_IOD.v'.
Reading file 'C:\Users\c79828\Documents\HLS_Work\fpga-hls-libraries\vision\demo_designs\PF_Video_kit\libero\vision_pipeline\component\Actel\DirectCore\COREBCLKSCLKALIGN\3.0.100\rtl\vlog\test\user\PF_LANECTRL_PAUSE_SYNC.v'.
Reading file 'C:\Users\c79828\Documents\HLS_Work\fpga-hls-libraries\vision\demo_designs\PF_Video_kit\libero\vision_pipeline\component\Actel\DirectCore\COREBCLKSCLKALIGN\3.0.100\rtl\vlog\test\user\PF_LANECTRL_PAUSE_SYNC_2.v'.
Reading file 'C:\Users\c79828\Documents\HLS_Work\fpga-hls-libraries\vision\demo_designs\PF_Video_kit\libero\vision_pipeline\component\Actel\DirectCore\COREBCLKSCLKALIGN\3.0.100\rtl\vlog\test\user\PLL_BclkSclkAlign.v'.
Reading file 'C:\Users\c79828\Documents\HLS_Work\fpga-hls-libraries\vision\demo_designs\PF_Video_kit\libero\vision_pipeline\component\work\PF_IOD_GENERIC_RX_C0_TR\PF_IOD_GENERIC_RX_C0_TR_0\rtl\vlog\test\user\prbscheck_parallel_fab_x2.v'.
Reading file 'C:\Users\c79828\Documents\HLS_Work\fpga-hls-libraries\vision\demo_designs\PF_Video_kit\libero\vision_pipeline\component\work\PF_IOD_GENERIC_RX_C0_TR\PF_IOD_GENERIC_RX_C0_TR_0\rtl\vlog\test\user\prbsgen_parallel_fab_x2.v'.
Reading file 'C:\Users\c79828\Documents\HLS_Work\fpga-hls-libraries\vision\demo_designs\PF_Video_kit\libero\vision_pipeline\component\work\PF_IOD_GENERIC_RX_C0_TR\PF_IOD_GENERIC_RX_C0_TR_0\rtl\vlog\test\user\rev_bits_x2.v'.
Reading file 'C:\Users\c79828\Documents\HLS_Work\fpga-hls-libraries\vision\demo_designs\PF_Video_kit\libero\vision_pipeline\hdl\axis_to_vga_converter.v'.
Reading file 'C:\Users\c79828\Documents\HLS_Work\fpga-hls-libraries\vision\demo_designs\PF_Video_kit\libero\vision_pipeline\hdl\camera_to_axis_converter.v'.
Reading file 'C:\Users\c79828\Documents\HLS_Work\fpga-hls-libraries\vision\demo_designs\PF_Video_kit\libero\vision_pipeline\hdl\FrameBufferControl.v'.
Reading file 'C:\Users\c79828\Documents\HLS_Work\fpga-hls-libraries\vision\demo_designs\PF_Video_kit\libero\vision_pipeline\hdl\VGA_Controller_SHLS.vhd'.
Reading file 'C:\Users\c79828\Documents\HLS_Work\fpga-hls-libraries\vision\demo_designs\PF_Video_kit\libero\vision_pipeline\component\work\CAM_IOD_TIP_TOP\CAM_IOD_TIP_TOP.v'.
Reading file 'C:\Users\c79828\Documents\HLS_Work\fpga-hls-libraries\vision\demo_designs\PF_Video_kit\libero\vision_pipeline\component\work\IMX334_IF_TOP\IMX334_IF_TOP.v'.
Info:  Disconnecting pin 'DATA_R_I' from net 'DATA_R_I' because it is no longer a valid connection.
Info:  Disconnecting pin 'DATA_G_I' from net 'DATA_G_I' because it is no longer a valid connection.
Info:  Disconnecting pin 'DATA_B_I' from net 'DATA_B_I' because it is no longer a valid connection.
Info:  Disconnecting pin 'TMDS_R_O' from net 'TMDS_R_O' because it is no longer a valid connection.
Info:  Disconnecting pin 'TMDS_G_O' from net 'TMDS_G_O' because it is no longer a valid connection.
Info:  Disconnecting pin 'TMDS_B_O' from net 'TMDS_B_O' because it is no longer a valid connection.
Info: 'HDMI_TX_C0' was successfully generated.
Info: 'HDMI_TX_C0' manifest file 'C:/Users/c79828/Documents/HLS_Work/fpga-hls-libraries/vision/demo_designs/PF_Video_kit/libero/vision_pipeline/component/work/HDMI_TX_C0/HDMI_TX_C0_manifest.txt' was successfully generated.

Info:  Component 'HDMI_TX_C0' was successfully created and configured with vendor:Microsemi library:SolutionCore name:HDMI_TX version:1.0.2.
Info: 'PF_TX_PLL_C0' was successfully generated.
Info: 'PF_TX_PLL_C0' manifest file 'C:/Users/c79828/Documents/HLS_Work/fpga-hls-libraries/vision/demo_designs/PF_Video_kit/libero/vision_pipeline/component/work/PF_TX_PLL_C0/PF_TX_PLL_C0_manifest.txt' was successfully generated.

Info:  Component 'PF_TX_PLL_C0' was successfully created and configured with vendor:Actel library:SgCore name:PF_TX_PLL version:2.0.304.
Info:  Group pin `I_XCVR:PADs_IN` cannot be promoted because it has pins which are already grouped on the top level.
Info:  PAD pin `I_XCVR:PADs_IN` of `I_XCVR` is automatically connected to a top-level port.
Info:  Group pin `I_XCVR:PADs_OUT` cannot be promoted because it has pins which are already grouped on the top level.
Info:  PAD pin `I_XCVR:PADs_OUT` of `I_XCVR` is automatically connected to a top-level port.
Info:  Group pin `I_XCVR:PADs_IN` cannot be promoted because it has pins which are already grouped on the top level.
Info:  Group pin `I_XCVR:PADs_OUT` cannot be promoted because it has pins which are already grouped on the top level.
Info: 'PF_XCVR_ERM_C0' was successfully generated.
Info: 'PF_XCVR_ERM_C0' manifest file 'C:/Users/c79828/Documents/HLS_Work/fpga-hls-libraries/vision/demo_designs/PF_Video_kit/libero/vision_pipeline/component/work/PF_XCVR_ERM_C0/PF_XCVR_ERM_C0_manifest.txt' was successfully generated.

Info:  Component 'PF_XCVR_ERM_C0' was successfully created and configured with vendor:Actel library:SystemBuilder name:PF_XCVR_ERM version:3.1.206.
Info: 'PF_XCVR_REF_CLK_C0' was successfully generated.
Info: 'PF_XCVR_REF_CLK_C0' manifest file 'C:/Users/c79828/Documents/HLS_Work/fpga-hls-libraries/vision/demo_designs/PF_Video_kit/libero/vision_pipeline/component/work/PF_XCVR_REF_CLK_C0/PF_XCVR_REF_CLK_C0_manifest.txt' was successfully generated.

Info:  Component 'PF_XCVR_REF_CLK_C0' was successfully created and configured with vendor:Actel library:SgCore name:PF_XCVR_REF_CLK version:1.0.103.
Warning: SmartDesign 'HDMI_2p0' design rules check succeeded, but with warnings
Warning: Floating output pin PF_XCVR_ERM_C0_0:LANE0_TX_CLK_STABLE
Warning: Floating output bus pin PF_XCVR_ERM_C0_0:LANE1_RX_DATA[9:0]
Warning: Floating output pin PF_XCVR_ERM_C0_0:LANE1_RX_CLK_R
Warning: Floating output pin PF_XCVR_ERM_C0_0:LANE1_RX_VAL
Warning: Floating output bus pin PF_XCVR_ERM_C0_0:LANE2_RX_DATA[9:0]
Warning: Floating output pin PF_XCVR_ERM_C0_0:LANE2_RX_CLK_R
Warning: Floating output pin PF_XCVR_ERM_C0_0:LANE2_RX_VAL
Warning: Floating output bus pin PF_XCVR_ERM_C0_0:LANE3_RX_DATA[9:0]
Warning: Floating output pin PF_XCVR_ERM_C0_0:LANE3_RX_CLK_R
Warning: Floating output pin PF_XCVR_ERM_C0_0:LANE3_RX_VAL
Info: 'HDMI_2p0' was successfully generated.
Info: 'HDMI_2p0' manifest file 'C:/Users/c79828/Documents/HLS_Work/fpga-hls-libraries/vision/demo_designs/PF_Video_kit/libero/vision_pipeline/component/work/HDMI_2p0/HDMI_2p0_manifest.txt' was successfully generated.

Info:  Successfully generated component 'HDMI_2p0'.
Reading file 'C:\Users\c79828\Documents\HLS_Work\fpga-hls-libraries\vision\demo_designs\PF_Video_kit\libero\vision_pipeline\component\work\CORERESET_PF_C1\CORERESET_PF_C1.v'.
Reading file 'C:\Users\c79828\Documents\HLS_Work\fpga-hls-libraries\vision\demo_designs\PF_Video_kit\libero\vision_pipeline\component\work\CORERESET_PF_C1\CORERESET_PF_C1_0\core\corereset_pf.v'.
Reading file 'C:\Users\c79828\Documents\HLS_Work\fpga-hls-libraries\vision\demo_designs\PF_Video_kit\libero\vision_pipeline\component\work\CORERESET_PF_C1\CORERESET_PF_C1_0\test\corereset_pf_tb.v'.
Reading file 'C:\Users\c79828\Documents\HLS_Work\fpga-hls-libraries\vision\demo_designs\PF_Video_kit\libero\vision_pipeline\component\work\CORERESET_PF_C2\CORERESET_PF_C2.v'.
Reading file 'C:\Users\c79828\Documents\HLS_Work\fpga-hls-libraries\vision\demo_designs\PF_Video_kit\libero\vision_pipeline\component\work\CORERESET_PF_C2\CORERESET_PF_C2_0\core\corereset_pf.v'.
Reading file 'C:\Users\c79828\Documents\HLS_Work\fpga-hls-libraries\vision\demo_designs\PF_Video_kit\libero\vision_pipeline\component\work\CORERESET_PF_C2\CORERESET_PF_C2_0\test\corereset_pf_tb.v'.
Reading file 'C:\Users\c79828\Documents\HLS_Work\fpga-hls-libraries\vision\demo_designs\PF_Video_kit\libero\vision_pipeline\component\work\CORERESET_PF_C3\CORERESET_PF_C3.v'.
Reading file 'C:\Users\c79828\Documents\HLS_Work\fpga-hls-libraries\vision\demo_designs\PF_Video_kit\libero\vision_pipeline\component\work\CORERESET_PF_C3\CORERESET_PF_C3_0\core\corereset_pf.v'.
Reading file 'C:\Users\c79828\Documents\HLS_Work\fpga-hls-libraries\vision\demo_designs\PF_Video_kit\libero\vision_pipeline\component\work\CORERESET_PF_C3\CORERESET_PF_C3_0\test\corereset_pf_tb.v'.
Reading file 'C:\Users\c79828\Documents\HLS_Work\fpga-hls-libraries\vision\demo_designs\PF_Video_kit\libero\vision_pipeline\component\work\CORERXIODBITALIGN_C0\CORERXIODBITALIGN_C0.v'.
Reading file 'C:\Users\c79828\Documents\HLS_Work\fpga-hls-libraries\vision\demo_designs\PF_Video_kit\libero\vision_pipeline\component\work\CORERXIODBITALIGN_C0\CORERXIODBITALIGN_C0_0\rtl\vlog\core\CoreRxIODBitAlign.v'.
Reading file 'C:\Users\c79828\Documents\HLS_Work\fpga-hls-libraries\vision\demo_designs\PF_Video_kit\libero\vision_pipeline\component\work\CORERXIODBITALIGN_C0\CORERXIODBITALIGN_C0_0\rtl\vlog\core\CoreRxIODBitAlign_top.v'.
Reading file 'C:\Users\c79828\Documents\HLS_Work\fpga-hls-libraries\vision\demo_designs\PF_Video_kit\libero\vision_pipeline\component\work\CORERXIODBITALIGN_C0\CORERXIODBITALIGN_C0_0\rtl\vlog\test\user\prbscheck_parallel_fab_x4.v'.
Reading file 'C:\Users\c79828\Documents\HLS_Work\fpga-hls-libraries\vision\demo_designs\PF_Video_kit\libero\vision_pipeline\component\work\CORERXIODBITALIGN_C0\CORERXIODBITALIGN_C0_0\rtl\vlog\test\user\prbsgen_parallel_fab_x4.v'.
Reading file 'C:\Users\c79828\Documents\HLS_Work\fpga-hls-libraries\vision\demo_designs\PF_Video_kit\libero\vision_pipeline\component\work\CORERXIODBITALIGN_C0\CORERXIODBITALIGN_C0_0\rtl\vlog\test\user\rev_bits_x4.v'.
Reading file 'C:\Users\c79828\Documents\HLS_Work\fpga-hls-libraries\vision\demo_designs\PF_Video_kit\libero\vision_pipeline\component\work\CORERXIODBITALIGN_C0\CORERXIODBITALIGN_C0_0\rtl\vlog\test\user\CCC_COMP_CCC_COMP_0_PF_CCC.v'.
Reading file 'C:\Users\c79828\Documents\HLS_Work\fpga-hls-libraries\vision\demo_designs\PF_Video_kit\libero\vision_pipeline\component\work\CORERXIODBITALIGN_C0\CORERXIODBITALIGN_C0_0\rtl\vlog\test\user\CCC_COMP.v'.
Reading file 'C:\Users\c79828\Documents\HLS_Work\fpga-hls-libraries\vision\demo_designs\PF_Video_kit\libero\vision_pipeline\component\work\CORERXIODBITALIGN_C0\CORERXIODBITALIGN_C0_0\rtl\vlog\test\user\CORERXIODBITALIGN_C0.v'.
Reading file 'C:\Users\c79828\Documents\HLS_Work\fpga-hls-libraries\vision\demo_designs\PF_Video_kit\libero\vision_pipeline\component\work\CORERXIODBITALIGN_C0\CORERXIODBITALIGN_C0_0\rtl\vlog\test\user\RXIOD_COMP_PF_CLK_DIV_FIFO_PF_CLK_DIV_DELAY.v'.
Reading file 'C:\Users\c79828\Documents\HLS_Work\fpga-hls-libraries\vision\demo_designs\PF_Video_kit\libero\vision_pipeline\component\work\CORERXIODBITALIGN_C0\CORERXIODBITALIGN_C0_0\rtl\vlog\test\user\RXIOD_COMP_PF_CLK_DIV_RXCLK_PF_CLK_DIV_DELAY.v'.
Reading file 'C:\Users\c79828\Documents\HLS_Work\fpga-hls-libraries\vision\demo_designs\PF_Video_kit\libero\vision_pipeline\component\work\CORERXIODBITALIGN_C0\CORERXIODBITALIGN_C0_0\rtl\vlog\test\user\RXIOD_COMP_PF_IOD_CLK_TRAINING_PF_IOD.v'.
Reading file 'C:\Users\c79828\Documents\HLS_Work\fpga-hls-libraries\vision\demo_designs\PF_Video_kit\libero\vision_pipeline\component\work\CORERXIODBITALIGN_C0\CORERXIODBITALIGN_C0_0\rtl\vlog\test\user\RXIOD_COMP_PF_IOD_RX_PF_IOD.v'.
Reading file 'C:\Users\c79828\Documents\HLS_Work\fpga-hls-libraries\vision\demo_designs\PF_Video_kit\libero\vision_pipeline\component\work\CORERXIODBITALIGN_C0\CORERXIODBITALIGN_C0_0\rtl\vlog\test\user\PF_LANECTRL_PAUSE_SYNC.v'.
Reading file 'C:\Users\c79828\Documents\HLS_Work\fpga-hls-libraries\vision\demo_designs\PF_Video_kit\libero\vision_pipeline\component\work\CORERXIODBITALIGN_C0\CORERXIODBITALIGN_C0_0\rtl\vlog\test\user\RXIOD_COMP_PF_LANECTRL_0_PF_LANECTRL.v'.
Reading file 'C:\Users\c79828\Documents\HLS_Work\fpga-hls-libraries\vision\demo_designs\PF_Video_kit\libero\vision_pipeline\component\work\CORERXIODBITALIGN_C0\CORERXIODBITALIGN_C0_0\rtl\vlog\test\user\PLL_BclkSclkAlign.v'.
Reading file 'C:\Users\c79828\Documents\HLS_Work\fpga-hls-libraries\vision\demo_designs\PF_Video_kit\libero\vision_pipeline\component\work\CORERXIODBITALIGN_C0\CORERXIODBITALIGN_C0_0\rtl\vlog\test\user\ICB_BclkSclkAlign.v'.
Reading file 'C:\Users\c79828\Documents\HLS_Work\fpga-hls-libraries\vision\demo_designs\PF_Video_kit\libero\vision_pipeline\component\work\CORERXIODBITALIGN_C0\CORERXIODBITALIGN_C0_0\rtl\vlog\test\user\CoreBclkSclkAlign.v'.
Reading file 'C:\Users\c79828\Documents\HLS_Work\fpga-hls-libraries\vision\demo_designs\PF_Video_kit\libero\vision_pipeline\component\work\CORERXIODBITALIGN_C0\CORERXIODBITALIGN_C0_0\rtl\vlog\test\user\RXIOD_COMP_TR.v'.
Reading file 'C:\Users\c79828\Documents\HLS_Work\fpga-hls-libraries\vision\demo_designs\PF_Video_kit\libero\vision_pipeline\component\work\CORERXIODBITALIGN_C0\CORERXIODBITALIGN_C0_0\rtl\vlog\test\user\RXIOD_COMP.v'.
Reading file 'C:\Users\c79828\Documents\HLS_Work\fpga-hls-libraries\vision\demo_designs\PF_Video_kit\libero\vision_pipeline\component\work\CORERXIODBITALIGN_C0\CORERXIODBITALIGN_C0_0\rtl\vlog\test\user\PF_LANECTRL_PAUSE_SYNC1.v'.
Reading file 'C:\Users\c79828\Documents\HLS_Work\fpga-hls-libraries\vision\demo_designs\PF_Video_kit\libero\vision_pipeline\component\work\CORERXIODBITALIGN_C0\CORERXIODBITALIGN_C0_0\rtl\vlog\test\user\TXIOD_COMP_LANECTRL_ADDR_CMD_0_PF_LANECTRL.v'.
Reading file 'C:\Users\c79828\Documents\HLS_Work\fpga-hls-libraries\vision\demo_designs\PF_Video_kit\libero\vision_pipeline\component\work\CORERXIODBITALIGN_C0\CORERXIODBITALIGN_C0_0\rtl\vlog\test\user\TXIOD_COMP_PF_IOD_TX_CLK_PF_IOD.v'.
Reading file 'C:\Users\c79828\Documents\HLS_Work\fpga-hls-libraries\vision\demo_designs\PF_Video_kit\libero\vision_pipeline\component\work\CORERXIODBITALIGN_C0\CORERXIODBITALIGN_C0_0\rtl\vlog\test\user\TXIOD_COMP_PF_IOD_TX_PF_IOD.v'.
Reading file 'C:\Users\c79828\Documents\HLS_Work\fpga-hls-libraries\vision\demo_designs\PF_Video_kit\libero\vision_pipeline\component\work\CORERXIODBITALIGN_C0\CORERXIODBITALIGN_C0_0\rtl\vlog\test\user\TXIOD_COMP.v'.
Reading file 'C:\Users\c79828\Documents\HLS_Work\fpga-hls-libraries\vision\demo_designs\PF_Video_kit\libero\vision_pipeline\component\work\CORERXIODBITALIGN_C0\CORERXIODBITALIGN_C0_0\rtl\vlog\test\user\CoreRxIODBitAlign_SD_wrap.v'.
Reading file 'C:\Users\c79828\Documents\HLS_Work\fpga-hls-libraries\vision\demo_designs\PF_Video_kit\libero\vision_pipeline\component\work\CORERXIODBITALIGN_C0\CORERXIODBITALIGN_C0_0\rtl\vlog\test\user\testbench.v'.
Reading file 'C:\Users\c79828\Documents\HLS_Work\fpga-hls-libraries\vision\demo_designs\PF_Video_kit\libero\vision_pipeline\component\work\CORERXIODBITALIGN_C1\CORERXIODBITALIGN_C1.v'.
Reading file 'C:\Users\c79828\Documents\HLS_Work\fpga-hls-libraries\vision\demo_designs\PF_Video_kit\libero\vision_pipeline\component\work\CORERXIODBITALIGN_C1\CORERXIODBITALIGN_C1_0\rtl\vlog\core\CoreRxIODBitAlign.v'.
Reading file 'C:\Users\c79828\Documents\HLS_Work\fpga-hls-libraries\vision\demo_designs\PF_Video_kit\libero\vision_pipeline\component\work\CORERXIODBITALIGN_C1\CORERXIODBITALIGN_C1_0\rtl\vlog\core\CoreRxIODBitAlign_top.v'.
Reading file 'C:\Users\c79828\Documents\HLS_Work\fpga-hls-libraries\vision\demo_designs\PF_Video_kit\libero\vision_pipeline\component\work\CORERXIODBITALIGN_C1\CORERXIODBITALIGN_C1_0\rtl\vlog\test\user\prbscheck_parallel_fab_x4.v'.
Reading file 'C:\Users\c79828\Documents\HLS_Work\fpga-hls-libraries\vision\demo_designs\PF_Video_kit\libero\vision_pipeline\component\work\CORERXIODBITALIGN_C1\CORERXIODBITALIGN_C1_0\rtl\vlog\test\user\prbsgen_parallel_fab_x4.v'.
Reading file 'C:\Users\c79828\Documents\HLS_Work\fpga-hls-libraries\vision\demo_designs\PF_Video_kit\libero\vision_pipeline\component\work\CORERXIODBITALIGN_C1\CORERXIODBITALIGN_C1_0\rtl\vlog\test\user\rev_bits_x4.v'.
Reading file 'C:\Users\c79828\Documents\HLS_Work\fpga-hls-libraries\vision\demo_designs\PF_Video_kit\libero\vision_pipeline\component\work\CORERXIODBITALIGN_C1\CORERXIODBITALIGN_C1_0\rtl\vlog\test\user\CCC_COMP_CCC_COMP_0_PF_CCC.v'.
Reading file 'C:\Users\c79828\Documents\HLS_Work\fpga-hls-libraries\vision\demo_designs\PF_Video_kit\libero\vision_pipeline\component\work\CORERXIODBITALIGN_C1\CORERXIODBITALIGN_C1_0\rtl\vlog\test\user\CCC_COMP.v'.
Reading file 'C:\Users\c79828\Documents\HLS_Work\fpga-hls-libraries\vision\demo_designs\PF_Video_kit\libero\vision_pipeline\component\work\CORERXIODBITALIGN_C1\CORERXIODBITALIGN_C1_0\rtl\vlog\test\user\CORERXIODBITALIGN_C0.v'.
Reading file 'C:\Users\c79828\Documents\HLS_Work\fpga-hls-libraries\vision\demo_designs\PF_Video_kit\libero\vision_pipeline\component\work\CORERXIODBITALIGN_C1\CORERXIODBITALIGN_C1_0\rtl\vlog\test\user\RXIOD_COMP_PF_CLK_DIV_FIFO_PF_CLK_DIV_DELAY.v'.
Reading file 'C:\Users\c79828\Documents\HLS_Work\fpga-hls-libraries\vision\demo_designs\PF_Video_kit\libero\vision_pipeline\component\work\CORERXIODBITALIGN_C1\CORERXIODBITALIGN_C1_0\rtl\vlog\test\user\RXIOD_COMP_PF_CLK_DIV_RXCLK_PF_CLK_DIV_DELAY.v'.
Reading file 'C:\Users\c79828\Documents\HLS_Work\fpga-hls-libraries\vision\demo_designs\PF_Video_kit\libero\vision_pipeline\component\work\CORERXIODBITALIGN_C1\CORERXIODBITALIGN_C1_0\rtl\vlog\test\user\RXIOD_COMP_PF_IOD_CLK_TRAINING_PF_IOD.v'.
Reading file 'C:\Users\c79828\Documents\HLS_Work\fpga-hls-libraries\vision\demo_designs\PF_Video_kit\libero\vision_pipeline\component\work\CORERXIODBITALIGN_C1\CORERXIODBITALIGN_C1_0\rtl\vlog\test\user\RXIOD_COMP_PF_IOD_RX_PF_IOD.v'.
Reading file 'C:\Users\c79828\Documents\HLS_Work\fpga-hls-libraries\vision\demo_designs\PF_Video_kit\libero\vision_pipeline\component\work\CORERXIODBITALIGN_C1\CORERXIODBITALIGN_C1_0\rtl\vlog\test\user\PF_LANECTRL_PAUSE_SYNC.v'.
Reading file 'C:\Users\c79828\Documents\HLS_Work\fpga-hls-libraries\vision\demo_designs\PF_Video_kit\libero\vision_pipeline\component\work\CORERXIODBITALIGN_C1\CORERXIODBITALIGN_C1_0\rtl\vlog\test\user\RXIOD_COMP_PF_LANECTRL_0_PF_LANECTRL.v'.
Reading file 'C:\Users\c79828\Documents\HLS_Work\fpga-hls-libraries\vision\demo_designs\PF_Video_kit\libero\vision_pipeline\component\work\CORERXIODBITALIGN_C1\CORERXIODBITALIGN_C1_0\rtl\vlog\test\user\PLL_BclkSclkAlign.v'.
Reading file 'C:\Users\c79828\Documents\HLS_Work\fpga-hls-libraries\vision\demo_designs\PF_Video_kit\libero\vision_pipeline\component\work\CORERXIODBITALIGN_C1\CORERXIODBITALIGN_C1_0\rtl\vlog\test\user\ICB_BclkSclkAlign.v'.
Reading file 'C:\Users\c79828\Documents\HLS_Work\fpga-hls-libraries\vision\demo_designs\PF_Video_kit\libero\vision_pipeline\component\work\CORERXIODBITALIGN_C1\CORERXIODBITALIGN_C1_0\rtl\vlog\test\user\CoreBclkSclkAlign.v'.
Reading file 'C:\Users\c79828\Documents\HLS_Work\fpga-hls-libraries\vision\demo_designs\PF_Video_kit\libero\vision_pipeline\component\work\CORERXIODBITALIGN_C1\CORERXIODBITALIGN_C1_0\rtl\vlog\test\user\RXIOD_COMP_TR.v'.
Reading file 'C:\Users\c79828\Documents\HLS_Work\fpga-hls-libraries\vision\demo_designs\PF_Video_kit\libero\vision_pipeline\component\work\CORERXIODBITALIGN_C1\CORERXIODBITALIGN_C1_0\rtl\vlog\test\user\RXIOD_COMP.v'.
Reading file 'C:\Users\c79828\Documents\HLS_Work\fpga-hls-libraries\vision\demo_designs\PF_Video_kit\libero\vision_pipeline\component\work\CORERXIODBITALIGN_C1\CORERXIODBITALIGN_C1_0\rtl\vlog\test\user\PF_LANECTRL_PAUSE_SYNC1.v'.
Reading file 'C:\Users\c79828\Documents\HLS_Work\fpga-hls-libraries\vision\demo_designs\PF_Video_kit\libero\vision_pipeline\component\work\CORERXIODBITALIGN_C1\CORERXIODBITALIGN_C1_0\rtl\vlog\test\user\TXIOD_COMP_LANECTRL_ADDR_CMD_0_PF_LANECTRL.v'.
Reading file 'C:\Users\c79828\Documents\HLS_Work\fpga-hls-libraries\vision\demo_designs\PF_Video_kit\libero\vision_pipeline\component\work\CORERXIODBITALIGN_C1\CORERXIODBITALIGN_C1_0\rtl\vlog\test\user\TXIOD_COMP_PF_IOD_TX_CLK_PF_IOD.v'.
Reading file 'C:\Users\c79828\Documents\HLS_Work\fpga-hls-libraries\vision\demo_designs\PF_Video_kit\libero\vision_pipeline\component\work\CORERXIODBITALIGN_C1\CORERXIODBITALIGN_C1_0\rtl\vlog\test\user\TXIOD_COMP_PF_IOD_TX_PF_IOD.v'.
Reading file 'C:\Users\c79828\Documents\HLS_Work\fpga-hls-libraries\vision\demo_designs\PF_Video_kit\libero\vision_pipeline\component\work\CORERXIODBITALIGN_C1\CORERXIODBITALIGN_C1_0\rtl\vlog\test\user\TXIOD_COMP.v'.
Reading file 'C:\Users\c79828\Documents\HLS_Work\fpga-hls-libraries\vision\demo_designs\PF_Video_kit\libero\vision_pipeline\component\work\CORERXIODBITALIGN_C1\CORERXIODBITALIGN_C1_0\rtl\vlog\test\user\CoreRxIODBitAlign_SD_wrap.v'.
Reading file 'C:\Users\c79828\Documents\HLS_Work\fpga-hls-libraries\vision\demo_designs\PF_Video_kit\libero\vision_pipeline\component\work\CORERXIODBITALIGN_C1\CORERXIODBITALIGN_C1_0\rtl\vlog\test\user\testbench.v'.
Reading file 'C:\Users\c79828\Documents\HLS_Work\fpga-hls-libraries\vision\demo_designs\PF_Video_kit\libero\vision_pipeline\component\work\CORERXIODBITALIGN_C2\CORERXIODBITALIGN_C2.v'.
Reading file 'C:\Users\c79828\Documents\HLS_Work\fpga-hls-libraries\vision\demo_designs\PF_Video_kit\libero\vision_pipeline\component\work\CORERXIODBITALIGN_C2\CORERXIODBITALIGN_C2_0\rtl\vlog\core\CoreRxIODBitAlign.v'.
Reading file 'C:\Users\c79828\Documents\HLS_Work\fpga-hls-libraries\vision\demo_designs\PF_Video_kit\libero\vision_pipeline\component\work\CORERXIODBITALIGN_C2\CORERXIODBITALIGN_C2_0\rtl\vlog\core\CoreRxIODBitAlign_top.v'.
Reading file 'C:\Users\c79828\Documents\HLS_Work\fpga-hls-libraries\vision\demo_designs\PF_Video_kit\libero\vision_pipeline\component\work\CORERXIODBITALIGN_C2\CORERXIODBITALIGN_C2_0\rtl\vlog\test\user\prbscheck_parallel_fab_x4.v'.
Reading file 'C:\Users\c79828\Documents\HLS_Work\fpga-hls-libraries\vision\demo_designs\PF_Video_kit\libero\vision_pipeline\component\work\CORERXIODBITALIGN_C2\CORERXIODBITALIGN_C2_0\rtl\vlog\test\user\prbsgen_parallel_fab_x4.v'.
Reading file 'C:\Users\c79828\Documents\HLS_Work\fpga-hls-libraries\vision\demo_designs\PF_Video_kit\libero\vision_pipeline\component\work\CORERXIODBITALIGN_C2\CORERXIODBITALIGN_C2_0\rtl\vlog\test\user\rev_bits_x4.v'.
Reading file 'C:\Users\c79828\Documents\HLS_Work\fpga-hls-libraries\vision\demo_designs\PF_Video_kit\libero\vision_pipeline\component\work\CORERXIODBITALIGN_C2\CORERXIODBITALIGN_C2_0\rtl\vlog\test\user\CCC_COMP_CCC_COMP_0_PF_CCC.v'.
Reading file 'C:\Users\c79828\Documents\HLS_Work\fpga-hls-libraries\vision\demo_designs\PF_Video_kit\libero\vision_pipeline\component\work\CORERXIODBITALIGN_C2\CORERXIODBITALIGN_C2_0\rtl\vlog\test\user\CCC_COMP.v'.
Reading file 'C:\Users\c79828\Documents\HLS_Work\fpga-hls-libraries\vision\demo_designs\PF_Video_kit\libero\vision_pipeline\component\work\CORERXIODBITALIGN_C2\CORERXIODBITALIGN_C2_0\rtl\vlog\test\user\CORERXIODBITALIGN_C0.v'.
Reading file 'C:\Users\c79828\Documents\HLS_Work\fpga-hls-libraries\vision\demo_designs\PF_Video_kit\libero\vision_pipeline\component\work\CORERXIODBITALIGN_C2\CORERXIODBITALIGN_C2_0\rtl\vlog\test\user\RXIOD_COMP_PF_CLK_DIV_FIFO_PF_CLK_DIV_DELAY.v'.
Reading file 'C:\Users\c79828\Documents\HLS_Work\fpga-hls-libraries\vision\demo_designs\PF_Video_kit\libero\vision_pipeline\component\work\CORERXIODBITALIGN_C2\CORERXIODBITALIGN_C2_0\rtl\vlog\test\user\RXIOD_COMP_PF_CLK_DIV_RXCLK_PF_CLK_DIV_DELAY.v'.
Reading file 'C:\Users\c79828\Documents\HLS_Work\fpga-hls-libraries\vision\demo_designs\PF_Video_kit\libero\vision_pipeline\component\work\CORERXIODBITALIGN_C2\CORERXIODBITALIGN_C2_0\rtl\vlog\test\user\RXIOD_COMP_PF_IOD_CLK_TRAINING_PF_IOD.v'.
Reading file 'C:\Users\c79828\Documents\HLS_Work\fpga-hls-libraries\vision\demo_designs\PF_Video_kit\libero\vision_pipeline\component\work\CORERXIODBITALIGN_C2\CORERXIODBITALIGN_C2_0\rtl\vlog\test\user\RXIOD_COMP_PF_IOD_RX_PF_IOD.v'.
Reading file 'C:\Users\c79828\Documents\HLS_Work\fpga-hls-libraries\vision\demo_designs\PF_Video_kit\libero\vision_pipeline\component\work\CORERXIODBITALIGN_C2\CORERXIODBITALIGN_C2_0\rtl\vlog\test\user\PF_LANECTRL_PAUSE_SYNC.v'.
Reading file 'C:\Users\c79828\Documents\HLS_Work\fpga-hls-libraries\vision\demo_designs\PF_Video_kit\libero\vision_pipeline\component\work\CORERXIODBITALIGN_C2\CORERXIODBITALIGN_C2_0\rtl\vlog\test\user\RXIOD_COMP_PF_LANECTRL_0_PF_LANECTRL.v'.
Reading file 'C:\Users\c79828\Documents\HLS_Work\fpga-hls-libraries\vision\demo_designs\PF_Video_kit\libero\vision_pipeline\component\work\CORERXIODBITALIGN_C2\CORERXIODBITALIGN_C2_0\rtl\vlog\test\user\PLL_BclkSclkAlign.v'.
Reading file 'C:\Users\c79828\Documents\HLS_Work\fpga-hls-libraries\vision\demo_designs\PF_Video_kit\libero\vision_pipeline\component\work\CORERXIODBITALIGN_C2\CORERXIODBITALIGN_C2_0\rtl\vlog\test\user\ICB_BclkSclkAlign.v'.
Reading file 'C:\Users\c79828\Documents\HLS_Work\fpga-hls-libraries\vision\demo_designs\PF_Video_kit\libero\vision_pipeline\component\work\CORERXIODBITALIGN_C2\CORERXIODBITALIGN_C2_0\rtl\vlog\test\user\CoreBclkSclkAlign.v'.
Reading file 'C:\Users\c79828\Documents\HLS_Work\fpga-hls-libraries\vision\demo_designs\PF_Video_kit\libero\vision_pipeline\component\work\CORERXIODBITALIGN_C2\CORERXIODBITALIGN_C2_0\rtl\vlog\test\user\RXIOD_COMP_TR.v'.
Reading file 'C:\Users\c79828\Documents\HLS_Work\fpga-hls-libraries\vision\demo_designs\PF_Video_kit\libero\vision_pipeline\component\work\CORERXIODBITALIGN_C2\CORERXIODBITALIGN_C2_0\rtl\vlog\test\user\RXIOD_COMP.v'.
Reading file 'C:\Users\c79828\Documents\HLS_Work\fpga-hls-libraries\vision\demo_designs\PF_Video_kit\libero\vision_pipeline\component\work\CORERXIODBITALIGN_C2\CORERXIODBITALIGN_C2_0\rtl\vlog\test\user\PF_LANECTRL_PAUSE_SYNC1.v'.
Reading file 'C:\Users\c79828\Documents\HLS_Work\fpga-hls-libraries\vision\demo_designs\PF_Video_kit\libero\vision_pipeline\component\work\CORERXIODBITALIGN_C2\CORERXIODBITALIGN_C2_0\rtl\vlog\test\user\TXIOD_COMP_LANECTRL_ADDR_CMD_0_PF_LANECTRL.v'.
Reading file 'C:\Users\c79828\Documents\HLS_Work\fpga-hls-libraries\vision\demo_designs\PF_Video_kit\libero\vision_pipeline\component\work\CORERXIODBITALIGN_C2\CORERXIODBITALIGN_C2_0\rtl\vlog\test\user\TXIOD_COMP_PF_IOD_TX_CLK_PF_IOD.v'.
Reading file 'C:\Users\c79828\Documents\HLS_Work\fpga-hls-libraries\vision\demo_designs\PF_Video_kit\libero\vision_pipeline\component\work\CORERXIODBITALIGN_C2\CORERXIODBITALIGN_C2_0\rtl\vlog\test\user\TXIOD_COMP_PF_IOD_TX_PF_IOD.v'.
Reading file 'C:\Users\c79828\Documents\HLS_Work\fpga-hls-libraries\vision\demo_designs\PF_Video_kit\libero\vision_pipeline\component\work\CORERXIODBITALIGN_C2\CORERXIODBITALIGN_C2_0\rtl\vlog\test\user\TXIOD_COMP.v'.
Reading file 'C:\Users\c79828\Documents\HLS_Work\fpga-hls-libraries\vision\demo_designs\PF_Video_kit\libero\vision_pipeline\component\work\CORERXIODBITALIGN_C2\CORERXIODBITALIGN_C2_0\rtl\vlog\test\user\CoreRxIODBitAlign_SD_wrap.v'.
Reading file 'C:\Users\c79828\Documents\HLS_Work\fpga-hls-libraries\vision\demo_designs\PF_Video_kit\libero\vision_pipeline\component\work\CORERXIODBITALIGN_C2\CORERXIODBITALIGN_C2_0\rtl\vlog\test\user\testbench.v'.
Reading file 'C:\Users\c79828\Documents\HLS_Work\fpga-hls-libraries\vision\demo_designs\PF_Video_kit\libero\vision_pipeline\component\work\CORERXIODBITALIGN_C3\CORERXIODBITALIGN_C3.v'.
Reading file 'C:\Users\c79828\Documents\HLS_Work\fpga-hls-libraries\vision\demo_designs\PF_Video_kit\libero\vision_pipeline\component\work\CORERXIODBITALIGN_C3\CORERXIODBITALIGN_C3_0\rtl\vlog\core\CoreRxIODBitAlign.v'.
Reading file 'C:\Users\c79828\Documents\HLS_Work\fpga-hls-libraries\vision\demo_designs\PF_Video_kit\libero\vision_pipeline\component\work\CORERXIODBITALIGN_C3\CORERXIODBITALIGN_C3_0\rtl\vlog\core\CoreRxIODBitAlign_top.v'.
Reading file 'C:\Users\c79828\Documents\HLS_Work\fpga-hls-libraries\vision\demo_designs\PF_Video_kit\libero\vision_pipeline\component\work\CORERXIODBITALIGN_C3\CORERXIODBITALIGN_C3_0\rtl\vlog\test\user\prbscheck_parallel_fab_x4.v'.
Reading file 'C:\Users\c79828\Documents\HLS_Work\fpga-hls-libraries\vision\demo_designs\PF_Video_kit\libero\vision_pipeline\component\work\CORERXIODBITALIGN_C3\CORERXIODBITALIGN_C3_0\rtl\vlog\test\user\prbsgen_parallel_fab_x4.v'.
Reading file 'C:\Users\c79828\Documents\HLS_Work\fpga-hls-libraries\vision\demo_designs\PF_Video_kit\libero\vision_pipeline\component\work\CORERXIODBITALIGN_C3\CORERXIODBITALIGN_C3_0\rtl\vlog\test\user\rev_bits_x4.v'.
Reading file 'C:\Users\c79828\Documents\HLS_Work\fpga-hls-libraries\vision\demo_designs\PF_Video_kit\libero\vision_pipeline\component\work\CORERXIODBITALIGN_C3\CORERXIODBITALIGN_C3_0\rtl\vlog\test\user\CCC_COMP_CCC_COMP_0_PF_CCC.v'.
Reading file 'C:\Users\c79828\Documents\HLS_Work\fpga-hls-libraries\vision\demo_designs\PF_Video_kit\libero\vision_pipeline\component\work\CORERXIODBITALIGN_C3\CORERXIODBITALIGN_C3_0\rtl\vlog\test\user\CCC_COMP.v'.
Reading file 'C:\Users\c79828\Documents\HLS_Work\fpga-hls-libraries\vision\demo_designs\PF_Video_kit\libero\vision_pipeline\component\work\CORERXIODBITALIGN_C3\CORERXIODBITALIGN_C3_0\rtl\vlog\test\user\CORERXIODBITALIGN_C0.v'.
Reading file 'C:\Users\c79828\Documents\HLS_Work\fpga-hls-libraries\vision\demo_designs\PF_Video_kit\libero\vision_pipeline\component\work\CORERXIODBITALIGN_C3\CORERXIODBITALIGN_C3_0\rtl\vlog\test\user\RXIOD_COMP_PF_CLK_DIV_FIFO_PF_CLK_DIV_DELAY.v'.
Reading file 'C:\Users\c79828\Documents\HLS_Work\fpga-hls-libraries\vision\demo_designs\PF_Video_kit\libero\vision_pipeline\component\work\CORERXIODBITALIGN_C3\CORERXIODBITALIGN_C3_0\rtl\vlog\test\user\RXIOD_COMP_PF_CLK_DIV_RXCLK_PF_CLK_DIV_DELAY.v'.
Reading file 'C:\Users\c79828\Documents\HLS_Work\fpga-hls-libraries\vision\demo_designs\PF_Video_kit\libero\vision_pipeline\component\work\CORERXIODBITALIGN_C3\CORERXIODBITALIGN_C3_0\rtl\vlog\test\user\RXIOD_COMP_PF_IOD_CLK_TRAINING_PF_IOD.v'.
Reading file 'C:\Users\c79828\Documents\HLS_Work\fpga-hls-libraries\vision\demo_designs\PF_Video_kit\libero\vision_pipeline\component\work\CORERXIODBITALIGN_C3\CORERXIODBITALIGN_C3_0\rtl\vlog\test\user\RXIOD_COMP_PF_IOD_RX_PF_IOD.v'.
Reading file 'C:\Users\c79828\Documents\HLS_Work\fpga-hls-libraries\vision\demo_designs\PF_Video_kit\libero\vision_pipeline\component\work\CORERXIODBITALIGN_C3\CORERXIODBITALIGN_C3_0\rtl\vlog\test\user\PF_LANECTRL_PAUSE_SYNC.v'.
Reading file 'C:\Users\c79828\Documents\HLS_Work\fpga-hls-libraries\vision\demo_designs\PF_Video_kit\libero\vision_pipeline\component\work\CORERXIODBITALIGN_C3\CORERXIODBITALIGN_C3_0\rtl\vlog\test\user\RXIOD_COMP_PF_LANECTRL_0_PF_LANECTRL.v'.
Reading file 'C:\Users\c79828\Documents\HLS_Work\fpga-hls-libraries\vision\demo_designs\PF_Video_kit\libero\vision_pipeline\component\work\CORERXIODBITALIGN_C3\CORERXIODBITALIGN_C3_0\rtl\vlog\test\user\PLL_BclkSclkAlign.v'.
Reading file 'C:\Users\c79828\Documents\HLS_Work\fpga-hls-libraries\vision\demo_designs\PF_Video_kit\libero\vision_pipeline\component\work\CORERXIODBITALIGN_C3\CORERXIODBITALIGN_C3_0\rtl\vlog\test\user\ICB_BclkSclkAlign.v'.
Reading file 'C:\Users\c79828\Documents\HLS_Work\fpga-hls-libraries\vision\demo_designs\PF_Video_kit\libero\vision_pipeline\component\work\CORERXIODBITALIGN_C3\CORERXIODBITALIGN_C3_0\rtl\vlog\test\user\CoreBclkSclkAlign.v'.
Reading file 'C:\Users\c79828\Documents\HLS_Work\fpga-hls-libraries\vision\demo_designs\PF_Video_kit\libero\vision_pipeline\component\work\CORERXIODBITALIGN_C3\CORERXIODBITALIGN_C3_0\rtl\vlog\test\user\RXIOD_COMP_TR.v'.
Reading file 'C:\Users\c79828\Documents\HLS_Work\fpga-hls-libraries\vision\demo_designs\PF_Video_kit\libero\vision_pipeline\component\work\CORERXIODBITALIGN_C3\CORERXIODBITALIGN_C3_0\rtl\vlog\test\user\RXIOD_COMP.v'.
Reading file 'C:\Users\c79828\Documents\HLS_Work\fpga-hls-libraries\vision\demo_designs\PF_Video_kit\libero\vision_pipeline\component\work\CORERXIODBITALIGN_C3\CORERXIODBITALIGN_C3_0\rtl\vlog\test\user\PF_LANECTRL_PAUSE_SYNC1.v'.
Reading file 'C:\Users\c79828\Documents\HLS_Work\fpga-hls-libraries\vision\demo_designs\PF_Video_kit\libero\vision_pipeline\component\work\CORERXIODBITALIGN_C3\CORERXIODBITALIGN_C3_0\rtl\vlog\test\user\TXIOD_COMP_LANECTRL_ADDR_CMD_0_PF_LANECTRL.v'.
Reading file 'C:\Users\c79828\Documents\HLS_Work\fpga-hls-libraries\vision\demo_designs\PF_Video_kit\libero\vision_pipeline\component\work\CORERXIODBITALIGN_C3\CORERXIODBITALIGN_C3_0\rtl\vlog\test\user\TXIOD_COMP_PF_IOD_TX_CLK_PF_IOD.v'.
Reading file 'C:\Users\c79828\Documents\HLS_Work\fpga-hls-libraries\vision\demo_designs\PF_Video_kit\libero\vision_pipeline\component\work\CORERXIODBITALIGN_C3\CORERXIODBITALIGN_C3_0\rtl\vlog\test\user\TXIOD_COMP_PF_IOD_TX_PF_IOD.v'.
Reading file 'C:\Users\c79828\Documents\HLS_Work\fpga-hls-libraries\vision\demo_designs\PF_Video_kit\libero\vision_pipeline\component\work\CORERXIODBITALIGN_C3\CORERXIODBITALIGN_C3_0\rtl\vlog\test\user\TXIOD_COMP.v'.
Reading file 'C:\Users\c79828\Documents\HLS_Work\fpga-hls-libraries\vision\demo_designs\PF_Video_kit\libero\vision_pipeline\component\work\CORERXIODBITALIGN_C3\CORERXIODBITALIGN_C3_0\rtl\vlog\test\user\CoreRxIODBitAlign_SD_wrap.v'.
Reading file 'C:\Users\c79828\Documents\HLS_Work\fpga-hls-libraries\vision\demo_designs\PF_Video_kit\libero\vision_pipeline\component\work\CORERXIODBITALIGN_C3\CORERXIODBITALIGN_C3_0\rtl\vlog\test\user\testbench.v'.
Reading file 'C:\Users\c79828\Documents\HLS_Work\fpga-hls-libraries\vision\demo_designs\PF_Video_kit\libero\vision_pipeline\component\work\HDMI_TX_C0\HDMI_TX_C0.vhd'.
Reading file 'C:\Users\c79828\Documents\HLS_Work\fpga-hls-libraries\vision\demo_designs\PF_Video_kit\libero\vision_pipeline\component\Microsemi\SolutionCore\HDMI_TX\1.0.2\HDL\HDMI_TX.vhd'.
Reading file 'C:\Users\c79828\Documents\HLS_Work\fpga-hls-libraries\vision\demo_designs\PF_Video_kit\libero\vision_pipeline\component\Microsemi\SolutionCore\HDMI_TX\1.0.2\HDL\tmds_encoder.vhd'.
Reading file 'C:\Users\c79828\Documents\HLS_Work\fpga-hls-libraries\vision\demo_designs\PF_Video_kit\libero\vision_pipeline\component\Microsemi\SolutionCore\HDMI_TX\1.0.2\stimulus\HDMI_TX_TB.vhd'.
Reading file 'C:\Users\c79828\Documents\HLS_Work\fpga-hls-libraries\vision\demo_designs\PF_Video_kit\libero\vision_pipeline\component\work\mipicsi2rxdecoderPF_C0\mipicsi2rxdecoderPF_C0.v'.
Reading file 'C:\Users\c79828\Documents\HLS_Work\fpga-hls-libraries\vision\demo_designs\PF_Video_kit\libero\vision_pipeline\component\Microsemi\SolutionCore\mipicsi2rxdecoderPF\2.2.5\RTL\byte2pixel_conversion.v'.
Reading file 'C:\Users\c79828\Documents\HLS_Work\fpga-hls-libraries\vision\demo_designs\PF_Video_kit\libero\vision_pipeline\component\Microsemi\SolutionCore\mipicsi2rxdecoderPF\2.2.5\RTL\cdcfifo.v'.
Reading file 'C:\Users\c79828\Documents\HLS_Work\fpga-hls-libraries\vision\demo_designs\PF_Video_kit\libero\vision_pipeline\component\Microsemi\SolutionCore\mipicsi2rxdecoderPF\2.2.5\RTL\cdcfiforam.v'.
Reading file 'C:\Users\c79828\Documents\HLS_Work\fpga-hls-libraries\vision\demo_designs\PF_Video_kit\libero\vision_pipeline\component\Microsemi\SolutionCore\mipicsi2rxdecoderPF\2.2.5\RTL\embsync_detect.v'.
Reading file 'C:\Users\c79828\Documents\HLS_Work\fpga-hls-libraries\vision\demo_designs\PF_Video_kit\libero\vision_pipeline\component\Microsemi\SolutionCore\mipicsi2rxdecoderPF\2.2.5\RTL\mipicsi2rxdecoderPF.v'.
Reading file 'C:\Users\c79828\Documents\HLS_Work\fpga-hls-libraries\vision\demo_designs\PF_Video_kit\libero\vision_pipeline\component\Microsemi\SolutionCore\mipicsi2rxdecoderPF\2.2.5\RTL\mipi_csi2_rxdecoder.v'.
Reading file 'C:\Users\c79828\Documents\HLS_Work\fpga-hls-libraries\vision\demo_designs\PF_Video_kit\libero\vision_pipeline\component\work\PF_CCC_C2\PF_CCC_C2.v'.
Reading file 'C:\Users\c79828\Documents\HLS_Work\fpga-hls-libraries\vision\demo_designs\PF_Video_kit\libero\vision_pipeline\component\work\PF_CCC_C2\PF_CCC_C2_0\PF_CCC_C2_PF_CCC_C2_0_PF_CCC.v'.
Reading file 'C:\Users\c79828\Documents\HLS_Work\fpga-hls-libraries\vision\demo_designs\PF_Video_kit\libero\vision_pipeline\component\work\PF_IOD_GENERIC_RX_C0\PF_IOD_GENERIC_RX_C0.v'.
Reading file 'C:\Users\c79828\Documents\HLS_Work\fpga-hls-libraries\vision\demo_designs\PF_Video_kit\libero\vision_pipeline\component\work\PF_IOD_GENERIC_RX_C0\PF_CLK_DIV_FIFO\PF_IOD_GENERIC_RX_C0_PF_CLK_DIV_FIFO_PF_CLK_DIV_DELAY.v'.
Reading file 'C:\Users\c79828\Documents\HLS_Work\fpga-hls-libraries\vision\demo_designs\PF_Video_kit\libero\vision_pipeline\component\work\PF_IOD_GENERIC_RX_C0\PF_CLK_DIV_RXCLK\PF_IOD_GENERIC_RX_C0_PF_CLK_DIV_RXCLK_PF_CLK_DIV_DELAY.v'.
Reading file 'C:\Users\c79828\Documents\HLS_Work\fpga-hls-libraries\vision\demo_designs\PF_Video_kit\libero\vision_pipeline\component\work\PF_IOD_GENERIC_RX_C0\PF_IOD_CLK_TRAINING\PF_IOD_GENERIC_RX_C0_PF_IOD_CLK_TRAINING_PF_IOD.v'.
Reading file 'C:\Users\c79828\Documents\HLS_Work\fpga-hls-libraries\vision\demo_designs\PF_Video_kit\libero\vision_pipeline\component\work\PF_IOD_GENERIC_RX_C0\PF_IOD_RX\PF_IOD_GENERIC_RX_C0_PF_IOD_RX_PF_IOD.v'.
Reading file 'C:\Users\c79828\Documents\HLS_Work\fpga-hls-libraries\vision\demo_designs\PF_Video_kit\libero\vision_pipeline\component\work\PF_IOD_GENERIC_RX_C0\PF_LANECTRL_0\PF_IOD_GENERIC_RX_C0_PF_LANECTRL_0_PF_LANECTRL.v'.
Reading file 'C:\Users\c79828\Documents\HLS_Work\fpga-hls-libraries\vision\demo_designs\PF_Video_kit\libero\vision_pipeline\component\work\PF_IOD_GENERIC_RX_C0\PF_LANECTRL_0\PF_LANECTRL_PAUSE_SYNC.v'.
Reading file 'C:\Users\c79828\Documents\HLS_Work\fpga-hls-libraries\vision\demo_designs\PF_Video_kit\libero\vision_pipeline\component\work\PF_IOD_GENERIC_RX_C0_TR\PF_IOD_GENERIC_RX_C0_TR.v'.
Reading file 'C:\Users\c79828\Documents\HLS_Work\fpga-hls-libraries\vision\demo_designs\PF_Video_kit\libero\vision_pipeline\component\Actel\DirectCore\COREBCLKSCLKALIGN\3.0.100\rtl\vlog\core\PLL_BclkSclkAlign.v'.
Reading file 'C:\Users\c79828\Documents\HLS_Work\fpga-hls-libraries\vision\demo_designs\PF_Video_kit\libero\vision_pipeline\component\Actel\DirectCore\COREBCLKSCLKALIGN\3.0.100\rtl\vlog\core\ICB_BclkSclkAlign.v'.
Reading file 'C:\Users\c79828\Documents\HLS_Work\fpga-hls-libraries\vision\demo_designs\PF_Video_kit\libero\vision_pipeline\component\Actel\DirectCore\COREBCLKSCLKALIGN\3.0.100\rtl\vlog\test\user\CoreBclkSclkAlign.v'.
Reading file 'C:\Users\c79828\Documents\HLS_Work\fpga-hls-libraries\vision\demo_designs\PF_Video_kit\libero\vision_pipeline\component\Actel\DirectCore\COREBCLKSCLKALIGN\3.0.100\rtl\vlog\test\user\ICB_BclkSclkAlign.v'.
Reading file 'C:\Users\c79828\Documents\HLS_Work\fpga-hls-libraries\vision\demo_designs\PF_Video_kit\libero\vision_pipeline\component\Actel\DirectCore\COREBCLKSCLKALIGN\3.0.100\rtl\vlog\test\user\PF_CCC_C0.v'.
Reading file 'C:\Users\c79828\Documents\HLS_Work\fpga-hls-libraries\vision\demo_designs\PF_Video_kit\libero\vision_pipeline\component\Actel\DirectCore\COREBCLKSCLKALIGN\3.0.100\rtl\vlog\test\user\PF_CCC_C0_PF_CCC_C0_0_PF_CCC.v'.
Reading file 'C:\Users\c79828\Documents\HLS_Work\fpga-hls-libraries\vision\demo_designs\PF_Video_kit\libero\vision_pipeline\component\Actel\DirectCore\COREBCLKSCLKALIGN\3.0.100\rtl\vlog\test\user\PF_DRI_C0.v'.
Reading file 'C:\Users\c79828\Documents\HLS_Work\fpga-hls-libraries\vision\demo_designs\PF_Video_kit\libero\vision_pipeline\component\Actel\DirectCore\COREBCLKSCLKALIGN\3.0.100\rtl\vlog\test\user\PF_DRI_C0_PF_DRI_C0_0_PF_DRI.v'.
Reading file 'C:\Users\c79828\Documents\HLS_Work\fpga-hls-libraries\vision\demo_designs\PF_Video_kit\libero\vision_pipeline\component\Actel\DirectCore\COREBCLKSCLKALIGN\3.0.100\rtl\vlog\test\user\PF_IOD_GENERIC_RX_C1.v'.
Reading file 'C:\Users\c79828\Documents\HLS_Work\fpga-hls-libraries\vision\demo_designs\PF_Video_kit\libero\vision_pipeline\component\Actel\DirectCore\COREBCLKSCLKALIGN\3.0.100\rtl\vlog\test\user\PF_IOD_GENERIC_RX_C1_PF_CLK_DIV_FIFO_PF_CLK_DIV_DELAY.v'.
Reading file 'C:\Users\c79828\Documents\HLS_Work\fpga-hls-libraries\vision\demo_designs\PF_Video_kit\libero\vision_pipeline\component\Actel\DirectCore\COREBCLKSCLKALIGN\3.0.100\rtl\vlog\test\user\PF_IOD_GENERIC_RX_C1_PF_CLK_DIV_RXCLK_PF_CLK_DIV_DELAY.v'.
Reading file 'C:\Users\c79828\Documents\HLS_Work\fpga-hls-libraries\vision\demo_designs\PF_Video_kit\libero\vision_pipeline\component\Actel\DirectCore\COREBCLKSCLKALIGN\3.0.100\rtl\vlog\test\user\PF_IOD_GENERIC_RX_C1_PF_IOD_CLK_TRAINING_PF_IOD.v'.
Reading file 'C:\Users\c79828\Documents\HLS_Work\fpga-hls-libraries\vision\demo_designs\PF_Video_kit\libero\vision_pipeline\component\Actel\DirectCore\COREBCLKSCLKALIGN\3.0.100\rtl\vlog\test\user\PF_IOD_GENERIC_RX_C1_PF_IOD_RX_PF_IOD.v'.
Reading file 'C:\Users\c79828\Documents\HLS_Work\fpga-hls-libraries\vision\demo_designs\PF_Video_kit\libero\vision_pipeline\component\Actel\DirectCore\COREBCLKSCLKALIGN\3.0.100\rtl\vlog\test\user\PF_IOD_GENERIC_RX_C1_PF_LANECTRL_0_PF_LANECTRL.v'.
Reading file 'C:\Users\c79828\Documents\HLS_Work\fpga-hls-libraries\vision\demo_designs\PF_Video_kit\libero\vision_pipeline\component\Actel\DirectCore\COREBCLKSCLKALIGN\3.0.100\rtl\vlog\test\user\PF_IOD_GENERIC_TX_C0.v'.
Reading file 'C:\Users\c79828\Documents\HLS_Work\fpga-hls-libraries\vision\demo_designs\PF_Video_kit\libero\vision_pipeline\component\Actel\DirectCore\COREBCLKSCLKALIGN\3.0.100\rtl\vlog\test\user\PF_IOD_GENERIC_TX_C0_LANECTRL_ADDR_CMD_0_PF_LANECTRL.v'.
Reading file 'C:\Users\c79828\Documents\HLS_Work\fpga-hls-libraries\vision\demo_designs\PF_Video_kit\libero\vision_pipeline\component\Actel\DirectCore\COREBCLKSCLKALIGN\3.0.100\rtl\vlog\test\user\PF_IOD_GENERIC_TX_C0_PF_IOD_CLK_TRAINING_PF_IOD.v'.
Reading file 'C:\Users\c79828\Documents\HLS_Work\fpga-hls-libraries\vision\demo_designs\PF_Video_kit\libero\vision_pipeline\component\Actel\DirectCore\COREBCLKSCLKALIGN\3.0.100\rtl\vlog\test\user\PF_IOD_GENERIC_TX_C0_PF_IOD_TX_CLK_PF_IOD.v'.
Reading file 'C:\Users\c79828\Documents\HLS_Work\fpga-hls-libraries\vision\demo_designs\PF_Video_kit\libero\vision_pipeline\component\Actel\DirectCore\COREBCLKSCLKALIGN\3.0.100\rtl\vlog\test\user\PF_IOD_GENERIC_TX_C0_PF_IOD_TX_PF_IOD.v'.
Reading file 'C:\Users\c79828\Documents\HLS_Work\fpga-hls-libraries\vision\demo_designs\PF_Video_kit\libero\vision_pipeline\component\Actel\DirectCore\COREBCLKSCLKALIGN\3.0.100\rtl\vlog\test\user\PF_LANECTRL_PAUSE_SYNC.v'.
Reading file 'C:\Users\c79828\Documents\HLS_Work\fpga-hls-libraries\vision\demo_designs\PF_Video_kit\libero\vision_pipeline\component\Actel\DirectCore\COREBCLKSCLKALIGN\3.0.100\rtl\vlog\test\user\PF_LANECTRL_PAUSE_SYNC_2.v'.
Reading file 'C:\Users\c79828\Documents\HLS_Work\fpga-hls-libraries\vision\demo_designs\PF_Video_kit\libero\vision_pipeline\component\Actel\DirectCore\COREBCLKSCLKALIGN\3.0.100\rtl\vlog\test\user\PLL_BclkSclkAlign.v'.
Reading file 'C:\Users\c79828\Documents\HLS_Work\fpga-hls-libraries\vision\demo_designs\PF_Video_kit\libero\vision_pipeline\component\work\PF_IOD_GENERIC_RX_C0_TR\PF_IOD_GENERIC_RX_C0_TR_0\rtl\vlog\core\CoreBclkSclkAlign.v'.
Reading file 'C:\Users\c79828\Documents\HLS_Work\fpga-hls-libraries\vision\demo_designs\PF_Video_kit\libero\vision_pipeline\component\work\PF_IOD_GENERIC_RX_C0_TR\PF_IOD_GENERIC_RX_C0_TR_0\rtl\vlog\test\user\BclkSclk_PLL_TX2_1200mbps_SD_wrap.v'.
Reading file 'C:\Users\c79828\Documents\HLS_Work\fpga-hls-libraries\vision\demo_designs\PF_Video_kit\libero\vision_pipeline\component\work\PF_IOD_GENERIC_RX_C0_TR\PF_IOD_GENERIC_RX_C0_TR_0\rtl\vlog\test\user\BclkSclk_PLL_TX2_1200mbps_TB.v'.
Reading file 'C:\Users\c79828\Documents\HLS_Work\fpga-hls-libraries\vision\demo_designs\PF_Video_kit\libero\vision_pipeline\component\Actel\DirectCore\COREBCLKSCLKALIGN\3.0.100\rtl\vlog\test\user\CoreBclkSclkAlign.v'.
Reading file 'C:\Users\c79828\Documents\HLS_Work\fpga-hls-libraries\vision\demo_designs\PF_Video_kit\libero\vision_pipeline\component\Actel\DirectCore\COREBCLKSCLKALIGN\3.0.100\rtl\vlog\test\user\ICB_BclkSclkAlign.v'.
Reading file 'C:\Users\c79828\Documents\HLS_Work\fpga-hls-libraries\vision\demo_designs\PF_Video_kit\libero\vision_pipeline\component\Actel\DirectCore\COREBCLKSCLKALIGN\3.0.100\rtl\vlog\test\user\PF_CCC_C0.v'.
Reading file 'C:\Users\c79828\Documents\HLS_Work\fpga-hls-libraries\vision\demo_designs\PF_Video_kit\libero\vision_pipeline\component\Actel\DirectCore\COREBCLKSCLKALIGN\3.0.100\rtl\vlog\test\user\PF_CCC_C0_PF_CCC_C0_0_PF_CCC.v'.
Reading file 'C:\Users\c79828\Documents\HLS_Work\fpga-hls-libraries\vision\demo_designs\PF_Video_kit\libero\vision_pipeline\component\Actel\DirectCore\COREBCLKSCLKALIGN\3.0.100\rtl\vlog\test\user\PF_DRI_C0.v'.
Reading file 'C:\Users\c79828\Documents\HLS_Work\fpga-hls-libraries\vision\demo_designs\PF_Video_kit\libero\vision_pipeline\component\Actel\DirectCore\COREBCLKSCLKALIGN\3.0.100\rtl\vlog\test\user\PF_DRI_C0_PF_DRI_C0_0_PF_DRI.v'.
Reading file 'C:\Users\c79828\Documents\HLS_Work\fpga-hls-libraries\vision\demo_designs\PF_Video_kit\libero\vision_pipeline\component\Actel\DirectCore\COREBCLKSCLKALIGN\3.0.100\rtl\vlog\test\user\PF_IOD_GENERIC_RX_C1.v'.
Reading file 'C:\Users\c79828\Documents\HLS_Work\fpga-hls-libraries\vision\demo_designs\PF_Video_kit\libero\vision_pipeline\component\Actel\DirectCore\COREBCLKSCLKALIGN\3.0.100\rtl\vlog\test\user\PF_IOD_GENERIC_RX_C1_PF_CLK_DIV_FIFO_PF_CLK_DIV_DELAY.v'.
Reading file 'C:\Users\c79828\Documents\HLS_Work\fpga-hls-libraries\vision\demo_designs\PF_Video_kit\libero\vision_pipeline\component\Actel\DirectCore\COREBCLKSCLKALIGN\3.0.100\rtl\vlog\test\user\PF_IOD_GENERIC_RX_C1_PF_CLK_DIV_RXCLK_PF_CLK_DIV_DELAY.v'.
Reading file 'C:\Users\c79828\Documents\HLS_Work\fpga-hls-libraries\vision\demo_designs\PF_Video_kit\libero\vision_pipeline\component\Actel\DirectCore\COREBCLKSCLKALIGN\3.0.100\rtl\vlog\test\user\PF_IOD_GENERIC_RX_C1_PF_IOD_CLK_TRAINING_PF_IOD.v'.
Reading file 'C:\Users\c79828\Documents\HLS_Work\fpga-hls-libraries\vision\demo_designs\PF_Video_kit\libero\vision_pipeline\component\Actel\DirectCore\COREBCLKSCLKALIGN\3.0.100\rtl\vlog\test\user\PF_IOD_GENERIC_RX_C1_PF_IOD_RX_PF_IOD.v'.
Reading file 'C:\Users\c79828\Documents\HLS_Work\fpga-hls-libraries\vision\demo_designs\PF_Video_kit\libero\vision_pipeline\component\Actel\DirectCore\COREBCLKSCLKALIGN\3.0.100\rtl\vlog\test\user\PF_IOD_GENERIC_RX_C1_PF_LANECTRL_0_PF_LANECTRL.v'.
Reading file 'C:\Users\c79828\Documents\HLS_Work\fpga-hls-libraries\vision\demo_designs\PF_Video_kit\libero\vision_pipeline\component\Actel\DirectCore\COREBCLKSCLKALIGN\3.0.100\rtl\vlog\test\user\PF_IOD_GENERIC_TX_C0.v'.
Reading file 'C:\Users\c79828\Documents\HLS_Work\fpga-hls-libraries\vision\demo_designs\PF_Video_kit\libero\vision_pipeline\component\Actel\DirectCore\COREBCLKSCLKALIGN\3.0.100\rtl\vlog\test\user\PF_IOD_GENERIC_TX_C0_LANECTRL_ADDR_CMD_0_PF_LANECTRL.v'.
Reading file 'C:\Users\c79828\Documents\HLS_Work\fpga-hls-libraries\vision\demo_designs\PF_Video_kit\libero\vision_pipeline\component\Actel\DirectCore\COREBCLKSCLKALIGN\3.0.100\rtl\vlog\test\user\PF_IOD_GENERIC_TX_C0_PF_IOD_CLK_TRAINING_PF_IOD.v'.
Reading file 'C:\Users\c79828\Documents\HLS_Work\fpga-hls-libraries\vision\demo_designs\PF_Video_kit\libero\vision_pipeline\component\Actel\DirectCore\COREBCLKSCLKALIGN\3.0.100\rtl\vlog\test\user\PF_IOD_GENERIC_TX_C0_PF_IOD_TX_CLK_PF_IOD.v'.
Reading file 'C:\Users\c79828\Documents\HLS_Work\fpga-hls-libraries\vision\demo_designs\PF_Video_kit\libero\vision_pipeline\component\Actel\DirectCore\COREBCLKSCLKALIGN\3.0.100\rtl\vlog\test\user\PF_IOD_GENERIC_TX_C0_PF_IOD_TX_PF_IOD.v'.
Reading file 'C:\Users\c79828\Documents\HLS_Work\fpga-hls-libraries\vision\demo_designs\PF_Video_kit\libero\vision_pipeline\component\Actel\DirectCore\COREBCLKSCLKALIGN\3.0.100\rtl\vlog\test\user\PF_LANECTRL_PAUSE_SYNC.v'.
Reading file 'C:\Users\c79828\Documents\HLS_Work\fpga-hls-libraries\vision\demo_designs\PF_Video_kit\libero\vision_pipeline\component\Actel\DirectCore\COREBCLKSCLKALIGN\3.0.100\rtl\vlog\test\user\PF_LANECTRL_PAUSE_SYNC_2.v'.
Reading file 'C:\Users\c79828\Documents\HLS_Work\fpga-hls-libraries\vision\demo_designs\PF_Video_kit\libero\vision_pipeline\component\Actel\DirectCore\COREBCLKSCLKALIGN\3.0.100\rtl\vlog\test\user\PLL_BclkSclkAlign.v'.
Reading file 'C:\Users\c79828\Documents\HLS_Work\fpga-hls-libraries\vision\demo_designs\PF_Video_kit\libero\vision_pipeline\component\work\PF_IOD_GENERIC_RX_C0_TR\PF_IOD_GENERIC_RX_C0_TR_0\rtl\vlog\test\user\prbscheck_parallel_fab_x2.v'.
Reading file 'C:\Users\c79828\Documents\HLS_Work\fpga-hls-libraries\vision\demo_designs\PF_Video_kit\libero\vision_pipeline\component\work\PF_IOD_GENERIC_RX_C0_TR\PF_IOD_GENERIC_RX_C0_TR_0\rtl\vlog\test\user\prbsgen_parallel_fab_x2.v'.
Reading file 'C:\Users\c79828\Documents\HLS_Work\fpga-hls-libraries\vision\demo_designs\PF_Video_kit\libero\vision_pipeline\component\work\PF_IOD_GENERIC_RX_C0_TR\PF_IOD_GENERIC_RX_C0_TR_0\rtl\vlog\test\user\rev_bits_x2.v'.
Reading file 'C:\Users\c79828\Documents\HLS_Work\fpga-hls-libraries\vision\demo_designs\PF_Video_kit\libero\vision_pipeline\component\work\PF_TX_PLL_C0\PF_TX_PLL_C0.v'.
Reading file 'C:\Users\c79828\Documents\HLS_Work\fpga-hls-libraries\vision\demo_designs\PF_Video_kit\libero\vision_pipeline\component\work\PF_TX_PLL_C0\PF_TX_PLL_C0_0\PF_TX_PLL_C0_PF_TX_PLL_C0_0_PF_TX_PLL.v'.
Reading file 'C:\Users\c79828\Documents\HLS_Work\fpga-hls-libraries\vision\demo_designs\PF_Video_kit\libero\vision_pipeline\component\work\PF_XCVR_ERM_C0\PF_XCVR_ERM_C0.v'.
Reading file 'C:\Users\c79828\Documents\HLS_Work\fpga-hls-libraries\vision\demo_designs\PF_Video_kit\libero\vision_pipeline\component\work\PF_XCVR_ERM_C0\I_XCVR\PF_XCVR_ERM_C0_I_XCVR_PF_XCVR.v'.
Reading file 'C:\Users\c79828\Documents\HLS_Work\fpga-hls-libraries\vision\demo_designs\PF_Video_kit\libero\vision_pipeline\component\work\PF_XCVR_REF_CLK_C0\PF_XCVR_REF_CLK_C0.v'.
Reading file 'C:\Users\c79828\Documents\HLS_Work\fpga-hls-libraries\vision\demo_designs\PF_Video_kit\libero\vision_pipeline\component\work\PF_XCVR_REF_CLK_C0\PF_XCVR_REF_CLK_C0_0\PF_XCVR_REF_CLK_C0_PF_XCVR_REF_CLK_C0_0_PF_XCVR_REF_CLK.v'.
Reading file 'C:\Users\c79828\Documents\HLS_Work\fpga-hls-libraries\vision\demo_designs\PF_Video_kit\libero\vision_pipeline\hdl\axis_to_vga_converter.v'.
Reading file 'C:\Users\c79828\Documents\HLS_Work\fpga-hls-libraries\vision\demo_designs\PF_Video_kit\libero\vision_pipeline\hdl\camera_to_axis_converter.v'.
Reading file 'C:\Users\c79828\Documents\HLS_Work\fpga-hls-libraries\vision\demo_designs\PF_Video_kit\libero\vision_pipeline\hdl\FrameBufferControl.v'.
Reading file 'C:\Users\c79828\Documents\HLS_Work\fpga-hls-libraries\vision\demo_designs\PF_Video_kit\libero\vision_pipeline\hdl\VGA_Controller_SHLS.vhd'.
Reading file 'C:\Users\c79828\Documents\HLS_Work\fpga-hls-libraries\vision\demo_designs\PF_Video_kit\libero\vision_pipeline\component\work\CAM_IOD_TIP_TOP\CAM_IOD_TIP_TOP.v'.
Reading file 'C:\Users\c79828\Documents\HLS_Work\fpga-hls-libraries\vision\demo_designs\PF_Video_kit\libero\vision_pipeline\component\work\HDMI_2p0\HDMI_2p0.v'.
Reading file 'C:\Users\c79828\Documents\HLS_Work\fpga-hls-libraries\vision\demo_designs\PF_Video_kit\libero\vision_pipeline\component\work\IMX334_IF_TOP\IMX334_IF_TOP.v'.
Reading file 'C:\Users\c79828\Documents\HLS_Work\fpga-hls-libraries\vision\demo_designs\PF_Video_kit\libero\vision_pipeline\component\work\CORERESET_PF_C1\CORERESET_PF_C1.v'.
Reading file 'C:\Users\c79828\Documents\HLS_Work\fpga-hls-libraries\vision\demo_designs\PF_Video_kit\libero\vision_pipeline\component\work\CORERESET_PF_C1\CORERESET_PF_C1_0\core\corereset_pf.v'.
Reading file 'C:\Users\c79828\Documents\HLS_Work\fpga-hls-libraries\vision\demo_designs\PF_Video_kit\libero\vision_pipeline\component\work\CORERESET_PF_C1\CORERESET_PF_C1_0\test\corereset_pf_tb.v'.
Reading file 'C:\Users\c79828\Documents\HLS_Work\fpga-hls-libraries\vision\demo_designs\PF_Video_kit\libero\vision_pipeline\component\work\CORERESET_PF_C2\CORERESET_PF_C2.v'.
Reading file 'C:\Users\c79828\Documents\HLS_Work\fpga-hls-libraries\vision\demo_designs\PF_Video_kit\libero\vision_pipeline\component\work\CORERESET_PF_C2\CORERESET_PF_C2_0\core\corereset_pf.v'.
Reading file 'C:\Users\c79828\Documents\HLS_Work\fpga-hls-libraries\vision\demo_designs\PF_Video_kit\libero\vision_pipeline\component\work\CORERESET_PF_C2\CORERESET_PF_C2_0\test\corereset_pf_tb.v'.
Reading file 'C:\Users\c79828\Documents\HLS_Work\fpga-hls-libraries\vision\demo_designs\PF_Video_kit\libero\vision_pipeline\component\work\CORERESET_PF_C3\CORERESET_PF_C3.v'.
Reading file 'C:\Users\c79828\Documents\HLS_Work\fpga-hls-libraries\vision\demo_designs\PF_Video_kit\libero\vision_pipeline\component\work\CORERESET_PF_C3\CORERESET_PF_C3_0\core\corereset_pf.v'.
Reading file 'C:\Users\c79828\Documents\HLS_Work\fpga-hls-libraries\vision\demo_designs\PF_Video_kit\libero\vision_pipeline\component\work\CORERESET_PF_C3\CORERESET_PF_C3_0\test\corereset_pf_tb.v'.
Reading file 'C:\Users\c79828\Documents\HLS_Work\fpga-hls-libraries\vision\demo_designs\PF_Video_kit\libero\vision_pipeline\component\work\CORERXIODBITALIGN_C0\CORERXIODBITALIGN_C0.v'.
Reading file 'C:\Users\c79828\Documents\HLS_Work\fpga-hls-libraries\vision\demo_designs\PF_Video_kit\libero\vision_pipeline\component\work\CORERXIODBITALIGN_C0\CORERXIODBITALIGN_C0_0\rtl\vlog\core\CoreRxIODBitAlign.v'.
Reading file 'C:\Users\c79828\Documents\HLS_Work\fpga-hls-libraries\vision\demo_designs\PF_Video_kit\libero\vision_pipeline\component\work\CORERXIODBITALIGN_C0\CORERXIODBITALIGN_C0_0\rtl\vlog\core\CoreRxIODBitAlign_top.v'.
Reading file 'C:\Users\c79828\Documents\HLS_Work\fpga-hls-libraries\vision\demo_designs\PF_Video_kit\libero\vision_pipeline\component\work\CORERXIODBITALIGN_C0\CORERXIODBITALIGN_C0_0\rtl\vlog\test\user\prbscheck_parallel_fab_x4.v'.
Reading file 'C:\Users\c79828\Documents\HLS_Work\fpga-hls-libraries\vision\demo_designs\PF_Video_kit\libero\vision_pipeline\component\work\CORERXIODBITALIGN_C0\CORERXIODBITALIGN_C0_0\rtl\vlog\test\user\prbsgen_parallel_fab_x4.v'.
Reading file 'C:\Users\c79828\Documents\HLS_Work\fpga-hls-libraries\vision\demo_designs\PF_Video_kit\libero\vision_pipeline\component\work\CORERXIODBITALIGN_C0\CORERXIODBITALIGN_C0_0\rtl\vlog\test\user\rev_bits_x4.v'.
Reading file 'C:\Users\c79828\Documents\HLS_Work\fpga-hls-libraries\vision\demo_designs\PF_Video_kit\libero\vision_pipeline\component\work\CORERXIODBITALIGN_C0\CORERXIODBITALIGN_C0_0\rtl\vlog\test\user\CCC_COMP_CCC_COMP_0_PF_CCC.v'.
Reading file 'C:\Users\c79828\Documents\HLS_Work\fpga-hls-libraries\vision\demo_designs\PF_Video_kit\libero\vision_pipeline\component\work\CORERXIODBITALIGN_C0\CORERXIODBITALIGN_C0_0\rtl\vlog\test\user\CCC_COMP.v'.
Reading file 'C:\Users\c79828\Documents\HLS_Work\fpga-hls-libraries\vision\demo_designs\PF_Video_kit\libero\vision_pipeline\component\work\CORERXIODBITALIGN_C0\CORERXIODBITALIGN_C0_0\rtl\vlog\test\user\CORERXIODBITALIGN_C0.v'.
Reading file 'C:\Users\c79828\Documents\HLS_Work\fpga-hls-libraries\vision\demo_designs\PF_Video_kit\libero\vision_pipeline\component\work\CORERXIODBITALIGN_C0\CORERXIODBITALIGN_C0_0\rtl\vlog\test\user\RXIOD_COMP_PF_CLK_DIV_FIFO_PF_CLK_DIV_DELAY.v'.
Reading file 'C:\Users\c79828\Documents\HLS_Work\fpga-hls-libraries\vision\demo_designs\PF_Video_kit\libero\vision_pipeline\component\work\CORERXIODBITALIGN_C0\CORERXIODBITALIGN_C0_0\rtl\vlog\test\user\RXIOD_COMP_PF_CLK_DIV_RXCLK_PF_CLK_DIV_DELAY.v'.
Reading file 'C:\Users\c79828\Documents\HLS_Work\fpga-hls-libraries\vision\demo_designs\PF_Video_kit\libero\vision_pipeline\component\work\CORERXIODBITALIGN_C0\CORERXIODBITALIGN_C0_0\rtl\vlog\test\user\RXIOD_COMP_PF_IOD_CLK_TRAINING_PF_IOD.v'.
Reading file 'C:\Users\c79828\Documents\HLS_Work\fpga-hls-libraries\vision\demo_designs\PF_Video_kit\libero\vision_pipeline\component\work\CORERXIODBITALIGN_C0\CORERXIODBITALIGN_C0_0\rtl\vlog\test\user\RXIOD_COMP_PF_IOD_RX_PF_IOD.v'.
Reading file 'C:\Users\c79828\Documents\HLS_Work\fpga-hls-libraries\vision\demo_designs\PF_Video_kit\libero\vision_pipeline\component\work\CORERXIODBITALIGN_C0\CORERXIODBITALIGN_C0_0\rtl\vlog\test\user\PF_LANECTRL_PAUSE_SYNC.v'.
Reading file 'C:\Users\c79828\Documents\HLS_Work\fpga-hls-libraries\vision\demo_designs\PF_Video_kit\libero\vision_pipeline\component\work\CORERXIODBITALIGN_C0\CORERXIODBITALIGN_C0_0\rtl\vlog\test\user\RXIOD_COMP_PF_LANECTRL_0_PF_LANECTRL.v'.
Reading file 'C:\Users\c79828\Documents\HLS_Work\fpga-hls-libraries\vision\demo_designs\PF_Video_kit\libero\vision_pipeline\component\work\CORERXIODBITALIGN_C0\CORERXIODBITALIGN_C0_0\rtl\vlog\test\user\PLL_BclkSclkAlign.v'.
Reading file 'C:\Users\c79828\Documents\HLS_Work\fpga-hls-libraries\vision\demo_designs\PF_Video_kit\libero\vision_pipeline\component\work\CORERXIODBITALIGN_C0\CORERXIODBITALIGN_C0_0\rtl\vlog\test\user\ICB_BclkSclkAlign.v'.
Reading file 'C:\Users\c79828\Documents\HLS_Work\fpga-hls-libraries\vision\demo_designs\PF_Video_kit\libero\vision_pipeline\component\work\CORERXIODBITALIGN_C0\CORERXIODBITALIGN_C0_0\rtl\vlog\test\user\CoreBclkSclkAlign.v'.
Reading file 'C:\Users\c79828\Documents\HLS_Work\fpga-hls-libraries\vision\demo_designs\PF_Video_kit\libero\vision_pipeline\component\work\CORERXIODBITALIGN_C0\CORERXIODBITALIGN_C0_0\rtl\vlog\test\user\RXIOD_COMP_TR.v'.
Reading file 'C:\Users\c79828\Documents\HLS_Work\fpga-hls-libraries\vision\demo_designs\PF_Video_kit\libero\vision_pipeline\component\work\CORERXIODBITALIGN_C0\CORERXIODBITALIGN_C0_0\rtl\vlog\test\user\RXIOD_COMP.v'.
Reading file 'C:\Users\c79828\Documents\HLS_Work\fpga-hls-libraries\vision\demo_designs\PF_Video_kit\libero\vision_pipeline\component\work\CORERXIODBITALIGN_C0\CORERXIODBITALIGN_C0_0\rtl\vlog\test\user\PF_LANECTRL_PAUSE_SYNC1.v'.
Reading file 'C:\Users\c79828\Documents\HLS_Work\fpga-hls-libraries\vision\demo_designs\PF_Video_kit\libero\vision_pipeline\component\work\CORERXIODBITALIGN_C0\CORERXIODBITALIGN_C0_0\rtl\vlog\test\user\TXIOD_COMP_LANECTRL_ADDR_CMD_0_PF_LANECTRL.v'.
Reading file 'C:\Users\c79828\Documents\HLS_Work\fpga-hls-libraries\vision\demo_designs\PF_Video_kit\libero\vision_pipeline\component\work\CORERXIODBITALIGN_C0\CORERXIODBITALIGN_C0_0\rtl\vlog\test\user\TXIOD_COMP_PF_IOD_TX_CLK_PF_IOD.v'.
Reading file 'C:\Users\c79828\Documents\HLS_Work\fpga-hls-libraries\vision\demo_designs\PF_Video_kit\libero\vision_pipeline\component\work\CORERXIODBITALIGN_C0\CORERXIODBITALIGN_C0_0\rtl\vlog\test\user\TXIOD_COMP_PF_IOD_TX_PF_IOD.v'.
Reading file 'C:\Users\c79828\Documents\HLS_Work\fpga-hls-libraries\vision\demo_designs\PF_Video_kit\libero\vision_pipeline\component\work\CORERXIODBITALIGN_C0\CORERXIODBITALIGN_C0_0\rtl\vlog\test\user\TXIOD_COMP.v'.
Reading file 'C:\Users\c79828\Documents\HLS_Work\fpga-hls-libraries\vision\demo_designs\PF_Video_kit\libero\vision_pipeline\component\work\CORERXIODBITALIGN_C0\CORERXIODBITALIGN_C0_0\rtl\vlog\test\user\CoreRxIODBitAlign_SD_wrap.v'.
Reading file 'C:\Users\c79828\Documents\HLS_Work\fpga-hls-libraries\vision\demo_designs\PF_Video_kit\libero\vision_pipeline\component\work\CORERXIODBITALIGN_C0\CORERXIODBITALIGN_C0_0\rtl\vlog\test\user\testbench.v'.
Reading file 'C:\Users\c79828\Documents\HLS_Work\fpga-hls-libraries\vision\demo_designs\PF_Video_kit\libero\vision_pipeline\component\work\CORERXIODBITALIGN_C1\CORERXIODBITALIGN_C1.v'.
Reading file 'C:\Users\c79828\Documents\HLS_Work\fpga-hls-libraries\vision\demo_designs\PF_Video_kit\libero\vision_pipeline\component\work\CORERXIODBITALIGN_C1\CORERXIODBITALIGN_C1_0\rtl\vlog\core\CoreRxIODBitAlign.v'.
Reading file 'C:\Users\c79828\Documents\HLS_Work\fpga-hls-libraries\vision\demo_designs\PF_Video_kit\libero\vision_pipeline\component\work\CORERXIODBITALIGN_C1\CORERXIODBITALIGN_C1_0\rtl\vlog\core\CoreRxIODBitAlign_top.v'.
Reading file 'C:\Users\c79828\Documents\HLS_Work\fpga-hls-libraries\vision\demo_designs\PF_Video_kit\libero\vision_pipeline\component\work\CORERXIODBITALIGN_C1\CORERXIODBITALIGN_C1_0\rtl\vlog\test\user\prbscheck_parallel_fab_x4.v'.
Reading file 'C:\Users\c79828\Documents\HLS_Work\fpga-hls-libraries\vision\demo_designs\PF_Video_kit\libero\vision_pipeline\component\work\CORERXIODBITALIGN_C1\CORERXIODBITALIGN_C1_0\rtl\vlog\test\user\prbsgen_parallel_fab_x4.v'.
Reading file 'C:\Users\c79828\Documents\HLS_Work\fpga-hls-libraries\vision\demo_designs\PF_Video_kit\libero\vision_pipeline\component\work\CORERXIODBITALIGN_C1\CORERXIODBITALIGN_C1_0\rtl\vlog\test\user\rev_bits_x4.v'.
Reading file 'C:\Users\c79828\Documents\HLS_Work\fpga-hls-libraries\vision\demo_designs\PF_Video_kit\libero\vision_pipeline\component\work\CORERXIODBITALIGN_C1\CORERXIODBITALIGN_C1_0\rtl\vlog\test\user\CCC_COMP_CCC_COMP_0_PF_CCC.v'.
Reading file 'C:\Users\c79828\Documents\HLS_Work\fpga-hls-libraries\vision\demo_designs\PF_Video_kit\libero\vision_pipeline\component\work\CORERXIODBITALIGN_C1\CORERXIODBITALIGN_C1_0\rtl\vlog\test\user\CCC_COMP.v'.
Reading file 'C:\Users\c79828\Documents\HLS_Work\fpga-hls-libraries\vision\demo_designs\PF_Video_kit\libero\vision_pipeline\component\work\CORERXIODBITALIGN_C1\CORERXIODBITALIGN_C1_0\rtl\vlog\test\user\CORERXIODBITALIGN_C0.v'.
Reading file 'C:\Users\c79828\Documents\HLS_Work\fpga-hls-libraries\vision\demo_designs\PF_Video_kit\libero\vision_pipeline\component\work\CORERXIODBITALIGN_C1\CORERXIODBITALIGN_C1_0\rtl\vlog\test\user\RXIOD_COMP_PF_CLK_DIV_FIFO_PF_CLK_DIV_DELAY.v'.
Reading file 'C:\Users\c79828\Documents\HLS_Work\fpga-hls-libraries\vision\demo_designs\PF_Video_kit\libero\vision_pipeline\component\work\CORERXIODBITALIGN_C1\CORERXIODBITALIGN_C1_0\rtl\vlog\test\user\RXIOD_COMP_PF_CLK_DIV_RXCLK_PF_CLK_DIV_DELAY.v'.
Reading file 'C:\Users\c79828\Documents\HLS_Work\fpga-hls-libraries\vision\demo_designs\PF_Video_kit\libero\vision_pipeline\component\work\CORERXIODBITALIGN_C1\CORERXIODBITALIGN_C1_0\rtl\vlog\test\user\RXIOD_COMP_PF_IOD_CLK_TRAINING_PF_IOD.v'.
Reading file 'C:\Users\c79828\Documents\HLS_Work\fpga-hls-libraries\vision\demo_designs\PF_Video_kit\libero\vision_pipeline\component\work\CORERXIODBITALIGN_C1\CORERXIODBITALIGN_C1_0\rtl\vlog\test\user\RXIOD_COMP_PF_IOD_RX_PF_IOD.v'.
Reading file 'C:\Users\c79828\Documents\HLS_Work\fpga-hls-libraries\vision\demo_designs\PF_Video_kit\libero\vision_pipeline\component\work\CORERXIODBITALIGN_C1\CORERXIODBITALIGN_C1_0\rtl\vlog\test\user\PF_LANECTRL_PAUSE_SYNC.v'.
Reading file 'C:\Users\c79828\Documents\HLS_Work\fpga-hls-libraries\vision\demo_designs\PF_Video_kit\libero\vision_pipeline\component\work\CORERXIODBITALIGN_C1\CORERXIODBITALIGN_C1_0\rtl\vlog\test\user\RXIOD_COMP_PF_LANECTRL_0_PF_LANECTRL.v'.
Reading file 'C:\Users\c79828\Documents\HLS_Work\fpga-hls-libraries\vision\demo_designs\PF_Video_kit\libero\vision_pipeline\component\work\CORERXIODBITALIGN_C1\CORERXIODBITALIGN_C1_0\rtl\vlog\test\user\PLL_BclkSclkAlign.v'.
Reading file 'C:\Users\c79828\Documents\HLS_Work\fpga-hls-libraries\vision\demo_designs\PF_Video_kit\libero\vision_pipeline\component\work\CORERXIODBITALIGN_C1\CORERXIODBITALIGN_C1_0\rtl\vlog\test\user\ICB_BclkSclkAlign.v'.
Reading file 'C:\Users\c79828\Documents\HLS_Work\fpga-hls-libraries\vision\demo_designs\PF_Video_kit\libero\vision_pipeline\component\work\CORERXIODBITALIGN_C1\CORERXIODBITALIGN_C1_0\rtl\vlog\test\user\CoreBclkSclkAlign.v'.
Reading file 'C:\Users\c79828\Documents\HLS_Work\fpga-hls-libraries\vision\demo_designs\PF_Video_kit\libero\vision_pipeline\component\work\CORERXIODBITALIGN_C1\CORERXIODBITALIGN_C1_0\rtl\vlog\test\user\RXIOD_COMP_TR.v'.
Reading file 'C:\Users\c79828\Documents\HLS_Work\fpga-hls-libraries\vision\demo_designs\PF_Video_kit\libero\vision_pipeline\component\work\CORERXIODBITALIGN_C1\CORERXIODBITALIGN_C1_0\rtl\vlog\test\user\RXIOD_COMP.v'.
Reading file 'C:\Users\c79828\Documents\HLS_Work\fpga-hls-libraries\vision\demo_designs\PF_Video_kit\libero\vision_pipeline\component\work\CORERXIODBITALIGN_C1\CORERXIODBITALIGN_C1_0\rtl\vlog\test\user\PF_LANECTRL_PAUSE_SYNC1.v'.
Reading file 'C:\Users\c79828\Documents\HLS_Work\fpga-hls-libraries\vision\demo_designs\PF_Video_kit\libero\vision_pipeline\component\work\CORERXIODBITALIGN_C1\CORERXIODBITALIGN_C1_0\rtl\vlog\test\user\TXIOD_COMP_LANECTRL_ADDR_CMD_0_PF_LANECTRL.v'.
Reading file 'C:\Users\c79828\Documents\HLS_Work\fpga-hls-libraries\vision\demo_designs\PF_Video_kit\libero\vision_pipeline\component\work\CORERXIODBITALIGN_C1\CORERXIODBITALIGN_C1_0\rtl\vlog\test\user\TXIOD_COMP_PF_IOD_TX_CLK_PF_IOD.v'.
Reading file 'C:\Users\c79828\Documents\HLS_Work\fpga-hls-libraries\vision\demo_designs\PF_Video_kit\libero\vision_pipeline\component\work\CORERXIODBITALIGN_C1\CORERXIODBITALIGN_C1_0\rtl\vlog\test\user\TXIOD_COMP_PF_IOD_TX_PF_IOD.v'.
Reading file 'C:\Users\c79828\Documents\HLS_Work\fpga-hls-libraries\vision\demo_designs\PF_Video_kit\libero\vision_pipeline\component\work\CORERXIODBITALIGN_C1\CORERXIODBITALIGN_C1_0\rtl\vlog\test\user\TXIOD_COMP.v'.
Reading file 'C:\Users\c79828\Documents\HLS_Work\fpga-hls-libraries\vision\demo_designs\PF_Video_kit\libero\vision_pipeline\component\work\CORERXIODBITALIGN_C1\CORERXIODBITALIGN_C1_0\rtl\vlog\test\user\CoreRxIODBitAlign_SD_wrap.v'.
Reading file 'C:\Users\c79828\Documents\HLS_Work\fpga-hls-libraries\vision\demo_designs\PF_Video_kit\libero\vision_pipeline\component\work\CORERXIODBITALIGN_C1\CORERXIODBITALIGN_C1_0\rtl\vlog\test\user\testbench.v'.
Reading file 'C:\Users\c79828\Documents\HLS_Work\fpga-hls-libraries\vision\demo_designs\PF_Video_kit\libero\vision_pipeline\component\work\CORERXIODBITALIGN_C2\CORERXIODBITALIGN_C2.v'.
Reading file 'C:\Users\c79828\Documents\HLS_Work\fpga-hls-libraries\vision\demo_designs\PF_Video_kit\libero\vision_pipeline\component\work\CORERXIODBITALIGN_C2\CORERXIODBITALIGN_C2_0\rtl\vlog\core\CoreRxIODBitAlign.v'.
Reading file 'C:\Users\c79828\Documents\HLS_Work\fpga-hls-libraries\vision\demo_designs\PF_Video_kit\libero\vision_pipeline\component\work\CORERXIODBITALIGN_C2\CORERXIODBITALIGN_C2_0\rtl\vlog\core\CoreRxIODBitAlign_top.v'.
Reading file 'C:\Users\c79828\Documents\HLS_Work\fpga-hls-libraries\vision\demo_designs\PF_Video_kit\libero\vision_pipeline\component\work\CORERXIODBITALIGN_C2\CORERXIODBITALIGN_C2_0\rtl\vlog\test\user\prbscheck_parallel_fab_x4.v'.
Reading file 'C:\Users\c79828\Documents\HLS_Work\fpga-hls-libraries\vision\demo_designs\PF_Video_kit\libero\vision_pipeline\component\work\CORERXIODBITALIGN_C2\CORERXIODBITALIGN_C2_0\rtl\vlog\test\user\prbsgen_parallel_fab_x4.v'.
Reading file 'C:\Users\c79828\Documents\HLS_Work\fpga-hls-libraries\vision\demo_designs\PF_Video_kit\libero\vision_pipeline\component\work\CORERXIODBITALIGN_C2\CORERXIODBITALIGN_C2_0\rtl\vlog\test\user\rev_bits_x4.v'.
Reading file 'C:\Users\c79828\Documents\HLS_Work\fpga-hls-libraries\vision\demo_designs\PF_Video_kit\libero\vision_pipeline\component\work\CORERXIODBITALIGN_C2\CORERXIODBITALIGN_C2_0\rtl\vlog\test\user\CCC_COMP_CCC_COMP_0_PF_CCC.v'.
Reading file 'C:\Users\c79828\Documents\HLS_Work\fpga-hls-libraries\vision\demo_designs\PF_Video_kit\libero\vision_pipeline\component\work\CORERXIODBITALIGN_C2\CORERXIODBITALIGN_C2_0\rtl\vlog\test\user\CCC_COMP.v'.
Reading file 'C:\Users\c79828\Documents\HLS_Work\fpga-hls-libraries\vision\demo_designs\PF_Video_kit\libero\vision_pipeline\component\work\CORERXIODBITALIGN_C2\CORERXIODBITALIGN_C2_0\rtl\vlog\test\user\CORERXIODBITALIGN_C0.v'.
Reading file 'C:\Users\c79828\Documents\HLS_Work\fpga-hls-libraries\vision\demo_designs\PF_Video_kit\libero\vision_pipeline\component\work\CORERXIODBITALIGN_C2\CORERXIODBITALIGN_C2_0\rtl\vlog\test\user\RXIOD_COMP_PF_CLK_DIV_FIFO_PF_CLK_DIV_DELAY.v'.
Reading file 'C:\Users\c79828\Documents\HLS_Work\fpga-hls-libraries\vision\demo_designs\PF_Video_kit\libero\vision_pipeline\component\work\CORERXIODBITALIGN_C2\CORERXIODBITALIGN_C2_0\rtl\vlog\test\user\RXIOD_COMP_PF_CLK_DIV_RXCLK_PF_CLK_DIV_DELAY.v'.
Reading file 'C:\Users\c79828\Documents\HLS_Work\fpga-hls-libraries\vision\demo_designs\PF_Video_kit\libero\vision_pipeline\component\work\CORERXIODBITALIGN_C2\CORERXIODBITALIGN_C2_0\rtl\vlog\test\user\RXIOD_COMP_PF_IOD_CLK_TRAINING_PF_IOD.v'.
Reading file 'C:\Users\c79828\Documents\HLS_Work\fpga-hls-libraries\vision\demo_designs\PF_Video_kit\libero\vision_pipeline\component\work\CORERXIODBITALIGN_C2\CORERXIODBITALIGN_C2_0\rtl\vlog\test\user\RXIOD_COMP_PF_IOD_RX_PF_IOD.v'.
Reading file 'C:\Users\c79828\Documents\HLS_Work\fpga-hls-libraries\vision\demo_designs\PF_Video_kit\libero\vision_pipeline\component\work\CORERXIODBITALIGN_C2\CORERXIODBITALIGN_C2_0\rtl\vlog\test\user\PF_LANECTRL_PAUSE_SYNC.v'.
Reading file 'C:\Users\c79828\Documents\HLS_Work\fpga-hls-libraries\vision\demo_designs\PF_Video_kit\libero\vision_pipeline\component\work\CORERXIODBITALIGN_C2\CORERXIODBITALIGN_C2_0\rtl\vlog\test\user\RXIOD_COMP_PF_LANECTRL_0_PF_LANECTRL.v'.
Reading file 'C:\Users\c79828\Documents\HLS_Work\fpga-hls-libraries\vision\demo_designs\PF_Video_kit\libero\vision_pipeline\component\work\CORERXIODBITALIGN_C2\CORERXIODBITALIGN_C2_0\rtl\vlog\test\user\PLL_BclkSclkAlign.v'.
Reading file 'C:\Users\c79828\Documents\HLS_Work\fpga-hls-libraries\vision\demo_designs\PF_Video_kit\libero\vision_pipeline\component\work\CORERXIODBITALIGN_C2\CORERXIODBITALIGN_C2_0\rtl\vlog\test\user\ICB_BclkSclkAlign.v'.
Reading file 'C:\Users\c79828\Documents\HLS_Work\fpga-hls-libraries\vision\demo_designs\PF_Video_kit\libero\vision_pipeline\component\work\CORERXIODBITALIGN_C2\CORERXIODBITALIGN_C2_0\rtl\vlog\test\user\CoreBclkSclkAlign.v'.
Reading file 'C:\Users\c79828\Documents\HLS_Work\fpga-hls-libraries\vision\demo_designs\PF_Video_kit\libero\vision_pipeline\component\work\CORERXIODBITALIGN_C2\CORERXIODBITALIGN_C2_0\rtl\vlog\test\user\RXIOD_COMP_TR.v'.
Reading file 'C:\Users\c79828\Documents\HLS_Work\fpga-hls-libraries\vision\demo_designs\PF_Video_kit\libero\vision_pipeline\component\work\CORERXIODBITALIGN_C2\CORERXIODBITALIGN_C2_0\rtl\vlog\test\user\RXIOD_COMP.v'.
Reading file 'C:\Users\c79828\Documents\HLS_Work\fpga-hls-libraries\vision\demo_designs\PF_Video_kit\libero\vision_pipeline\component\work\CORERXIODBITALIGN_C2\CORERXIODBITALIGN_C2_0\rtl\vlog\test\user\PF_LANECTRL_PAUSE_SYNC1.v'.
Reading file 'C:\Users\c79828\Documents\HLS_Work\fpga-hls-libraries\vision\demo_designs\PF_Video_kit\libero\vision_pipeline\component\work\CORERXIODBITALIGN_C2\CORERXIODBITALIGN_C2_0\rtl\vlog\test\user\TXIOD_COMP_LANECTRL_ADDR_CMD_0_PF_LANECTRL.v'.
Reading file 'C:\Users\c79828\Documents\HLS_Work\fpga-hls-libraries\vision\demo_designs\PF_Video_kit\libero\vision_pipeline\component\work\CORERXIODBITALIGN_C2\CORERXIODBITALIGN_C2_0\rtl\vlog\test\user\TXIOD_COMP_PF_IOD_TX_CLK_PF_IOD.v'.
Reading file 'C:\Users\c79828\Documents\HLS_Work\fpga-hls-libraries\vision\demo_designs\PF_Video_kit\libero\vision_pipeline\component\work\CORERXIODBITALIGN_C2\CORERXIODBITALIGN_C2_0\rtl\vlog\test\user\TXIOD_COMP_PF_IOD_TX_PF_IOD.v'.
Reading file 'C:\Users\c79828\Documents\HLS_Work\fpga-hls-libraries\vision\demo_designs\PF_Video_kit\libero\vision_pipeline\component\work\CORERXIODBITALIGN_C2\CORERXIODBITALIGN_C2_0\rtl\vlog\test\user\TXIOD_COMP.v'.
Reading file 'C:\Users\c79828\Documents\HLS_Work\fpga-hls-libraries\vision\demo_designs\PF_Video_kit\libero\vision_pipeline\component\work\CORERXIODBITALIGN_C2\CORERXIODBITALIGN_C2_0\rtl\vlog\test\user\CoreRxIODBitAlign_SD_wrap.v'.
Reading file 'C:\Users\c79828\Documents\HLS_Work\fpga-hls-libraries\vision\demo_designs\PF_Video_kit\libero\vision_pipeline\component\work\CORERXIODBITALIGN_C2\CORERXIODBITALIGN_C2_0\rtl\vlog\test\user\testbench.v'.
Reading file 'C:\Users\c79828\Documents\HLS_Work\fpga-hls-libraries\vision\demo_designs\PF_Video_kit\libero\vision_pipeline\component\work\CORERXIODBITALIGN_C3\CORERXIODBITALIGN_C3.v'.
Reading file 'C:\Users\c79828\Documents\HLS_Work\fpga-hls-libraries\vision\demo_designs\PF_Video_kit\libero\vision_pipeline\component\work\CORERXIODBITALIGN_C3\CORERXIODBITALIGN_C3_0\rtl\vlog\core\CoreRxIODBitAlign.v'.
Reading file 'C:\Users\c79828\Documents\HLS_Work\fpga-hls-libraries\vision\demo_designs\PF_Video_kit\libero\vision_pipeline\component\work\CORERXIODBITALIGN_C3\CORERXIODBITALIGN_C3_0\rtl\vlog\core\CoreRxIODBitAlign_top.v'.
Reading file 'C:\Users\c79828\Documents\HLS_Work\fpga-hls-libraries\vision\demo_designs\PF_Video_kit\libero\vision_pipeline\component\work\CORERXIODBITALIGN_C3\CORERXIODBITALIGN_C3_0\rtl\vlog\test\user\prbscheck_parallel_fab_x4.v'.
Reading file 'C:\Users\c79828\Documents\HLS_Work\fpga-hls-libraries\vision\demo_designs\PF_Video_kit\libero\vision_pipeline\component\work\CORERXIODBITALIGN_C3\CORERXIODBITALIGN_C3_0\rtl\vlog\test\user\prbsgen_parallel_fab_x4.v'.
Reading file 'C:\Users\c79828\Documents\HLS_Work\fpga-hls-libraries\vision\demo_designs\PF_Video_kit\libero\vision_pipeline\component\work\CORERXIODBITALIGN_C3\CORERXIODBITALIGN_C3_0\rtl\vlog\test\user\rev_bits_x4.v'.
Reading file 'C:\Users\c79828\Documents\HLS_Work\fpga-hls-libraries\vision\demo_designs\PF_Video_kit\libero\vision_pipeline\component\work\CORERXIODBITALIGN_C3\CORERXIODBITALIGN_C3_0\rtl\vlog\test\user\CCC_COMP_CCC_COMP_0_PF_CCC.v'.
Reading file 'C:\Users\c79828\Documents\HLS_Work\fpga-hls-libraries\vision\demo_designs\PF_Video_kit\libero\vision_pipeline\component\work\CORERXIODBITALIGN_C3\CORERXIODBITALIGN_C3_0\rtl\vlog\test\user\CCC_COMP.v'.
Reading file 'C:\Users\c79828\Documents\HLS_Work\fpga-hls-libraries\vision\demo_designs\PF_Video_kit\libero\vision_pipeline\component\work\CORERXIODBITALIGN_C3\CORERXIODBITALIGN_C3_0\rtl\vlog\test\user\CORERXIODBITALIGN_C0.v'.
Reading file 'C:\Users\c79828\Documents\HLS_Work\fpga-hls-libraries\vision\demo_designs\PF_Video_kit\libero\vision_pipeline\component\work\CORERXIODBITALIGN_C3\CORERXIODBITALIGN_C3_0\rtl\vlog\test\user\RXIOD_COMP_PF_CLK_DIV_FIFO_PF_CLK_DIV_DELAY.v'.
Reading file 'C:\Users\c79828\Documents\HLS_Work\fpga-hls-libraries\vision\demo_designs\PF_Video_kit\libero\vision_pipeline\component\work\CORERXIODBITALIGN_C3\CORERXIODBITALIGN_C3_0\rtl\vlog\test\user\RXIOD_COMP_PF_CLK_DIV_RXCLK_PF_CLK_DIV_DELAY.v'.
Reading file 'C:\Users\c79828\Documents\HLS_Work\fpga-hls-libraries\vision\demo_designs\PF_Video_kit\libero\vision_pipeline\component\work\CORERXIODBITALIGN_C3\CORERXIODBITALIGN_C3_0\rtl\vlog\test\user\RXIOD_COMP_PF_IOD_CLK_TRAINING_PF_IOD.v'.
Reading file 'C:\Users\c79828\Documents\HLS_Work\fpga-hls-libraries\vision\demo_designs\PF_Video_kit\libero\vision_pipeline\component\work\CORERXIODBITALIGN_C3\CORERXIODBITALIGN_C3_0\rtl\vlog\test\user\RXIOD_COMP_PF_IOD_RX_PF_IOD.v'.
Reading file 'C:\Users\c79828\Documents\HLS_Work\fpga-hls-libraries\vision\demo_designs\PF_Video_kit\libero\vision_pipeline\component\work\CORERXIODBITALIGN_C3\CORERXIODBITALIGN_C3_0\rtl\vlog\test\user\PF_LANECTRL_PAUSE_SYNC.v'.
Reading file 'C:\Users\c79828\Documents\HLS_Work\fpga-hls-libraries\vision\demo_designs\PF_Video_kit\libero\vision_pipeline\component\work\CORERXIODBITALIGN_C3\CORERXIODBITALIGN_C3_0\rtl\vlog\test\user\RXIOD_COMP_PF_LANECTRL_0_PF_LANECTRL.v'.
Reading file 'C:\Users\c79828\Documents\HLS_Work\fpga-hls-libraries\vision\demo_designs\PF_Video_kit\libero\vision_pipeline\component\work\CORERXIODBITALIGN_C3\CORERXIODBITALIGN_C3_0\rtl\vlog\test\user\PLL_BclkSclkAlign.v'.
Reading file 'C:\Users\c79828\Documents\HLS_Work\fpga-hls-libraries\vision\demo_designs\PF_Video_kit\libero\vision_pipeline\component\work\CORERXIODBITALIGN_C3\CORERXIODBITALIGN_C3_0\rtl\vlog\test\user\ICB_BclkSclkAlign.v'.
Reading file 'C:\Users\c79828\Documents\HLS_Work\fpga-hls-libraries\vision\demo_designs\PF_Video_kit\libero\vision_pipeline\component\work\CORERXIODBITALIGN_C3\CORERXIODBITALIGN_C3_0\rtl\vlog\test\user\CoreBclkSclkAlign.v'.
Reading file 'C:\Users\c79828\Documents\HLS_Work\fpga-hls-libraries\vision\demo_designs\PF_Video_kit\libero\vision_pipeline\component\work\CORERXIODBITALIGN_C3\CORERXIODBITALIGN_C3_0\rtl\vlog\test\user\RXIOD_COMP_TR.v'.
Reading file 'C:\Users\c79828\Documents\HLS_Work\fpga-hls-libraries\vision\demo_designs\PF_Video_kit\libero\vision_pipeline\component\work\CORERXIODBITALIGN_C3\CORERXIODBITALIGN_C3_0\rtl\vlog\test\user\RXIOD_COMP.v'.
Reading file 'C:\Users\c79828\Documents\HLS_Work\fpga-hls-libraries\vision\demo_designs\PF_Video_kit\libero\vision_pipeline\component\work\CORERXIODBITALIGN_C3\CORERXIODBITALIGN_C3_0\rtl\vlog\test\user\PF_LANECTRL_PAUSE_SYNC1.v'.
Reading file 'C:\Users\c79828\Documents\HLS_Work\fpga-hls-libraries\vision\demo_designs\PF_Video_kit\libero\vision_pipeline\component\work\CORERXIODBITALIGN_C3\CORERXIODBITALIGN_C3_0\rtl\vlog\test\user\TXIOD_COMP_LANECTRL_ADDR_CMD_0_PF_LANECTRL.v'.
Reading file 'C:\Users\c79828\Documents\HLS_Work\fpga-hls-libraries\vision\demo_designs\PF_Video_kit\libero\vision_pipeline\component\work\CORERXIODBITALIGN_C3\CORERXIODBITALIGN_C3_0\rtl\vlog\test\user\TXIOD_COMP_PF_IOD_TX_CLK_PF_IOD.v'.
Reading file 'C:\Users\c79828\Documents\HLS_Work\fpga-hls-libraries\vision\demo_designs\PF_Video_kit\libero\vision_pipeline\component\work\CORERXIODBITALIGN_C3\CORERXIODBITALIGN_C3_0\rtl\vlog\test\user\TXIOD_COMP_PF_IOD_TX_PF_IOD.v'.
Reading file 'C:\Users\c79828\Documents\HLS_Work\fpga-hls-libraries\vision\demo_designs\PF_Video_kit\libero\vision_pipeline\component\work\CORERXIODBITALIGN_C3\CORERXIODBITALIGN_C3_0\rtl\vlog\test\user\TXIOD_COMP.v'.
Reading file 'C:\Users\c79828\Documents\HLS_Work\fpga-hls-libraries\vision\demo_designs\PF_Video_kit\libero\vision_pipeline\component\work\CORERXIODBITALIGN_C3\CORERXIODBITALIGN_C3_0\rtl\vlog\test\user\CoreRxIODBitAlign_SD_wrap.v'.
Reading file 'C:\Users\c79828\Documents\HLS_Work\fpga-hls-libraries\vision\demo_designs\PF_Video_kit\libero\vision_pipeline\component\work\CORERXIODBITALIGN_C3\CORERXIODBITALIGN_C3_0\rtl\vlog\test\user\testbench.v'.
Reading file 'C:\Users\c79828\Documents\HLS_Work\fpga-hls-libraries\vision\demo_designs\PF_Video_kit\libero\vision_pipeline\component\work\HDMI_TX_C0\HDMI_TX_C0.vhd'.
Reading file 'C:\Users\c79828\Documents\HLS_Work\fpga-hls-libraries\vision\demo_designs\PF_Video_kit\libero\vision_pipeline\component\Microsemi\SolutionCore\HDMI_TX\1.0.2\HDL\HDMI_TX.vhd'.
Reading file 'C:\Users\c79828\Documents\HLS_Work\fpga-hls-libraries\vision\demo_designs\PF_Video_kit\libero\vision_pipeline\component\Microsemi\SolutionCore\HDMI_TX\1.0.2\HDL\tmds_encoder.vhd'.
Reading file 'C:\Users\c79828\Documents\HLS_Work\fpga-hls-libraries\vision\demo_designs\PF_Video_kit\libero\vision_pipeline\component\Microsemi\SolutionCore\HDMI_TX\1.0.2\stimulus\HDMI_TX_TB.vhd'.
Reading file 'C:\Users\c79828\Documents\HLS_Work\fpga-hls-libraries\vision\demo_designs\PF_Video_kit\libero\vision_pipeline\component\work\mipicsi2rxdecoderPF_C0\mipicsi2rxdecoderPF_C0.v'.
Reading file 'C:\Users\c79828\Documents\HLS_Work\fpga-hls-libraries\vision\demo_designs\PF_Video_kit\libero\vision_pipeline\component\Microsemi\SolutionCore\mipicsi2rxdecoderPF\2.2.5\RTL\byte2pixel_conversion.v'.
Reading file 'C:\Users\c79828\Documents\HLS_Work\fpga-hls-libraries\vision\demo_designs\PF_Video_kit\libero\vision_pipeline\component\Microsemi\SolutionCore\mipicsi2rxdecoderPF\2.2.5\RTL\cdcfifo.v'.
Reading file 'C:\Users\c79828\Documents\HLS_Work\fpga-hls-libraries\vision\demo_designs\PF_Video_kit\libero\vision_pipeline\component\Microsemi\SolutionCore\mipicsi2rxdecoderPF\2.2.5\RTL\cdcfiforam.v'.
Reading file 'C:\Users\c79828\Documents\HLS_Work\fpga-hls-libraries\vision\demo_designs\PF_Video_kit\libero\vision_pipeline\component\Microsemi\SolutionCore\mipicsi2rxdecoderPF\2.2.5\RTL\embsync_detect.v'.
Reading file 'C:\Users\c79828\Documents\HLS_Work\fpga-hls-libraries\vision\demo_designs\PF_Video_kit\libero\vision_pipeline\component\Microsemi\SolutionCore\mipicsi2rxdecoderPF\2.2.5\RTL\mipicsi2rxdecoderPF.v'.
Reading file 'C:\Users\c79828\Documents\HLS_Work\fpga-hls-libraries\vision\demo_designs\PF_Video_kit\libero\vision_pipeline\component\Microsemi\SolutionCore\mipicsi2rxdecoderPF\2.2.5\RTL\mipi_csi2_rxdecoder.v'.
Reading file 'C:\Users\c79828\Documents\HLS_Work\fpga-hls-libraries\vision\demo_designs\PF_Video_kit\libero\vision_pipeline\component\work\PF_CCC_C2\PF_CCC_C2.v'.
Reading file 'C:\Users\c79828\Documents\HLS_Work\fpga-hls-libraries\vision\demo_designs\PF_Video_kit\libero\vision_pipeline\component\work\PF_CCC_C2\PF_CCC_C2_0\PF_CCC_C2_PF_CCC_C2_0_PF_CCC.v'.
Reading file 'C:\Users\c79828\Documents\HLS_Work\fpga-hls-libraries\vision\demo_designs\PF_Video_kit\libero\vision_pipeline\component\work\PF_IOD_GENERIC_RX_C0\PF_IOD_GENERIC_RX_C0.v'.
Reading file 'C:\Users\c79828\Documents\HLS_Work\fpga-hls-libraries\vision\demo_designs\PF_Video_kit\libero\vision_pipeline\component\work\PF_IOD_GENERIC_RX_C0\PF_CLK_DIV_FIFO\PF_IOD_GENERIC_RX_C0_PF_CLK_DIV_FIFO_PF_CLK_DIV_DELAY.v'.
Reading file 'C:\Users\c79828\Documents\HLS_Work\fpga-hls-libraries\vision\demo_designs\PF_Video_kit\libero\vision_pipeline\component\work\PF_IOD_GENERIC_RX_C0\PF_CLK_DIV_RXCLK\PF_IOD_GENERIC_RX_C0_PF_CLK_DIV_RXCLK_PF_CLK_DIV_DELAY.v'.
Reading file 'C:\Users\c79828\Documents\HLS_Work\fpga-hls-libraries\vision\demo_designs\PF_Video_kit\libero\vision_pipeline\component\work\PF_IOD_GENERIC_RX_C0\PF_IOD_CLK_TRAINING\PF_IOD_GENERIC_RX_C0_PF_IOD_CLK_TRAINING_PF_IOD.v'.
Reading file 'C:\Users\c79828\Documents\HLS_Work\fpga-hls-libraries\vision\demo_designs\PF_Video_kit\libero\vision_pipeline\component\work\PF_IOD_GENERIC_RX_C0\PF_IOD_RX\PF_IOD_GENERIC_RX_C0_PF_IOD_RX_PF_IOD.v'.
Reading file 'C:\Users\c79828\Documents\HLS_Work\fpga-hls-libraries\vision\demo_designs\PF_Video_kit\libero\vision_pipeline\component\work\PF_IOD_GENERIC_RX_C0\PF_LANECTRL_0\PF_IOD_GENERIC_RX_C0_PF_LANECTRL_0_PF_LANECTRL.v'.
Reading file 'C:\Users\c79828\Documents\HLS_Work\fpga-hls-libraries\vision\demo_designs\PF_Video_kit\libero\vision_pipeline\component\work\PF_IOD_GENERIC_RX_C0\PF_LANECTRL_0\PF_LANECTRL_PAUSE_SYNC.v'.
Reading file 'C:\Users\c79828\Documents\HLS_Work\fpga-hls-libraries\vision\demo_designs\PF_Video_kit\libero\vision_pipeline\component\work\PF_IOD_GENERIC_RX_C0_TR\PF_IOD_GENERIC_RX_C0_TR.v'.
Reading file 'C:\Users\c79828\Documents\HLS_Work\fpga-hls-libraries\vision\demo_designs\PF_Video_kit\libero\vision_pipeline\component\Actel\DirectCore\COREBCLKSCLKALIGN\3.0.100\rtl\vlog\core\PLL_BclkSclkAlign.v'.
Reading file 'C:\Users\c79828\Documents\HLS_Work\fpga-hls-libraries\vision\demo_designs\PF_Video_kit\libero\vision_pipeline\component\Actel\DirectCore\COREBCLKSCLKALIGN\3.0.100\rtl\vlog\core\ICB_BclkSclkAlign.v'.
Reading file 'C:\Users\c79828\Documents\HLS_Work\fpga-hls-libraries\vision\demo_designs\PF_Video_kit\libero\vision_pipeline\component\Actel\DirectCore\COREBCLKSCLKALIGN\3.0.100\rtl\vlog\test\user\CoreBclkSclkAlign.v'.
Reading file 'C:\Users\c79828\Documents\HLS_Work\fpga-hls-libraries\vision\demo_designs\PF_Video_kit\libero\vision_pipeline\component\Actel\DirectCore\COREBCLKSCLKALIGN\3.0.100\rtl\vlog\test\user\ICB_BclkSclkAlign.v'.
Reading file 'C:\Users\c79828\Documents\HLS_Work\fpga-hls-libraries\vision\demo_designs\PF_Video_kit\libero\vision_pipeline\component\Actel\DirectCore\COREBCLKSCLKALIGN\3.0.100\rtl\vlog\test\user\PF_CCC_C0.v'.
Reading file 'C:\Users\c79828\Documents\HLS_Work\fpga-hls-libraries\vision\demo_designs\PF_Video_kit\libero\vision_pipeline\component\Actel\DirectCore\COREBCLKSCLKALIGN\3.0.100\rtl\vlog\test\user\PF_CCC_C0_PF_CCC_C0_0_PF_CCC.v'.
Reading file 'C:\Users\c79828\Documents\HLS_Work\fpga-hls-libraries\vision\demo_designs\PF_Video_kit\libero\vision_pipeline\component\Actel\DirectCore\COREBCLKSCLKALIGN\3.0.100\rtl\vlog\test\user\PF_DRI_C0.v'.
Reading file 'C:\Users\c79828\Documents\HLS_Work\fpga-hls-libraries\vision\demo_designs\PF_Video_kit\libero\vision_pipeline\component\Actel\DirectCore\COREBCLKSCLKALIGN\3.0.100\rtl\vlog\test\user\PF_DRI_C0_PF_DRI_C0_0_PF_DRI.v'.
Reading file 'C:\Users\c79828\Documents\HLS_Work\fpga-hls-libraries\vision\demo_designs\PF_Video_kit\libero\vision_pipeline\component\Actel\DirectCore\COREBCLKSCLKALIGN\3.0.100\rtl\vlog\test\user\PF_IOD_GENERIC_RX_C1.v'.
Reading file 'C:\Users\c79828\Documents\HLS_Work\fpga-hls-libraries\vision\demo_designs\PF_Video_kit\libero\vision_pipeline\component\Actel\DirectCore\COREBCLKSCLKALIGN\3.0.100\rtl\vlog\test\user\PF_IOD_GENERIC_RX_C1_PF_CLK_DIV_FIFO_PF_CLK_DIV_DELAY.v'.
Reading file 'C:\Users\c79828\Documents\HLS_Work\fpga-hls-libraries\vision\demo_designs\PF_Video_kit\libero\vision_pipeline\component\Actel\DirectCore\COREBCLKSCLKALIGN\3.0.100\rtl\vlog\test\user\PF_IOD_GENERIC_RX_C1_PF_CLK_DIV_RXCLK_PF_CLK_DIV_DELAY.v'.
Reading file 'C:\Users\c79828\Documents\HLS_Work\fpga-hls-libraries\vision\demo_designs\PF_Video_kit\libero\vision_pipeline\component\Actel\DirectCore\COREBCLKSCLKALIGN\3.0.100\rtl\vlog\test\user\PF_IOD_GENERIC_RX_C1_PF_IOD_CLK_TRAINING_PF_IOD.v'.
Reading file 'C:\Users\c79828\Documents\HLS_Work\fpga-hls-libraries\vision\demo_designs\PF_Video_kit\libero\vision_pipeline\component\Actel\DirectCore\COREBCLKSCLKALIGN\3.0.100\rtl\vlog\test\user\PF_IOD_GENERIC_RX_C1_PF_IOD_RX_PF_IOD.v'.
Reading file 'C:\Users\c79828\Documents\HLS_Work\fpga-hls-libraries\vision\demo_designs\PF_Video_kit\libero\vision_pipeline\component\Actel\DirectCore\COREBCLKSCLKALIGN\3.0.100\rtl\vlog\test\user\PF_IOD_GENERIC_RX_C1_PF_LANECTRL_0_PF_LANECTRL.v'.
Reading file 'C:\Users\c79828\Documents\HLS_Work\fpga-hls-libraries\vision\demo_designs\PF_Video_kit\libero\vision_pipeline\component\Actel\DirectCore\COREBCLKSCLKALIGN\3.0.100\rtl\vlog\test\user\PF_IOD_GENERIC_TX_C0.v'.
Reading file 'C:\Users\c79828\Documents\HLS_Work\fpga-hls-libraries\vision\demo_designs\PF_Video_kit\libero\vision_pipeline\component\Actel\DirectCore\COREBCLKSCLKALIGN\3.0.100\rtl\vlog\test\user\PF_IOD_GENERIC_TX_C0_LANECTRL_ADDR_CMD_0_PF_LANECTRL.v'.
Reading file 'C:\Users\c79828\Documents\HLS_Work\fpga-hls-libraries\vision\demo_designs\PF_Video_kit\libero\vision_pipeline\component\Actel\DirectCore\COREBCLKSCLKALIGN\3.0.100\rtl\vlog\test\user\PF_IOD_GENERIC_TX_C0_PF_IOD_CLK_TRAINING_PF_IOD.v'.
Reading file 'C:\Users\c79828\Documents\HLS_Work\fpga-hls-libraries\vision\demo_designs\PF_Video_kit\libero\vision_pipeline\component\Actel\DirectCore\COREBCLKSCLKALIGN\3.0.100\rtl\vlog\test\user\PF_IOD_GENERIC_TX_C0_PF_IOD_TX_CLK_PF_IOD.v'.
Reading file 'C:\Users\c79828\Documents\HLS_Work\fpga-hls-libraries\vision\demo_designs\PF_Video_kit\libero\vision_pipeline\component\Actel\DirectCore\COREBCLKSCLKALIGN\3.0.100\rtl\vlog\test\user\PF_IOD_GENERIC_TX_C0_PF_IOD_TX_PF_IOD.v'.
Reading file 'C:\Users\c79828\Documents\HLS_Work\fpga-hls-libraries\vision\demo_designs\PF_Video_kit\libero\vision_pipeline\component\Actel\DirectCore\COREBCLKSCLKALIGN\3.0.100\rtl\vlog\test\user\PF_LANECTRL_PAUSE_SYNC.v'.
Reading file 'C:\Users\c79828\Documents\HLS_Work\fpga-hls-libraries\vision\demo_designs\PF_Video_kit\libero\vision_pipeline\component\Actel\DirectCore\COREBCLKSCLKALIGN\3.0.100\rtl\vlog\test\user\PF_LANECTRL_PAUSE_SYNC_2.v'.
Reading file 'C:\Users\c79828\Documents\HLS_Work\fpga-hls-libraries\vision\demo_designs\PF_Video_kit\libero\vision_pipeline\component\Actel\DirectCore\COREBCLKSCLKALIGN\3.0.100\rtl\vlog\test\user\PLL_BclkSclkAlign.v'.
Reading file 'C:\Users\c79828\Documents\HLS_Work\fpga-hls-libraries\vision\demo_designs\PF_Video_kit\libero\vision_pipeline\component\work\PF_IOD_GENERIC_RX_C0_TR\PF_IOD_GENERIC_RX_C0_TR_0\rtl\vlog\core\CoreBclkSclkAlign.v'.
Reading file 'C:\Users\c79828\Documents\HLS_Work\fpga-hls-libraries\vision\demo_designs\PF_Video_kit\libero\vision_pipeline\component\work\PF_IOD_GENERIC_RX_C0_TR\PF_IOD_GENERIC_RX_C0_TR_0\rtl\vlog\test\user\BclkSclk_PLL_TX2_1200mbps_SD_wrap.v'.
Reading file 'C:\Users\c79828\Documents\HLS_Work\fpga-hls-libraries\vision\demo_designs\PF_Video_kit\libero\vision_pipeline\component\work\PF_IOD_GENERIC_RX_C0_TR\PF_IOD_GENERIC_RX_C0_TR_0\rtl\vlog\test\user\BclkSclk_PLL_TX2_1200mbps_TB.v'.
Reading file 'C:\Users\c79828\Documents\HLS_Work\fpga-hls-libraries\vision\demo_designs\PF_Video_kit\libero\vision_pipeline\component\Actel\DirectCore\COREBCLKSCLKALIGN\3.0.100\rtl\vlog\test\user\CoreBclkSclkAlign.v'.
Reading file 'C:\Users\c79828\Documents\HLS_Work\fpga-hls-libraries\vision\demo_designs\PF_Video_kit\libero\vision_pipeline\component\Actel\DirectCore\COREBCLKSCLKALIGN\3.0.100\rtl\vlog\test\user\ICB_BclkSclkAlign.v'.
Reading file 'C:\Users\c79828\Documents\HLS_Work\fpga-hls-libraries\vision\demo_designs\PF_Video_kit\libero\vision_pipeline\component\Actel\DirectCore\COREBCLKSCLKALIGN\3.0.100\rtl\vlog\test\user\PF_CCC_C0.v'.
Reading file 'C:\Users\c79828\Documents\HLS_Work\fpga-hls-libraries\vision\demo_designs\PF_Video_kit\libero\vision_pipeline\component\Actel\DirectCore\COREBCLKSCLKALIGN\3.0.100\rtl\vlog\test\user\PF_CCC_C0_PF_CCC_C0_0_PF_CCC.v'.
Reading file 'C:\Users\c79828\Documents\HLS_Work\fpga-hls-libraries\vision\demo_designs\PF_Video_kit\libero\vision_pipeline\component\Actel\DirectCore\COREBCLKSCLKALIGN\3.0.100\rtl\vlog\test\user\PF_DRI_C0.v'.
Reading file 'C:\Users\c79828\Documents\HLS_Work\fpga-hls-libraries\vision\demo_designs\PF_Video_kit\libero\vision_pipeline\component\Actel\DirectCore\COREBCLKSCLKALIGN\3.0.100\rtl\vlog\test\user\PF_DRI_C0_PF_DRI_C0_0_PF_DRI.v'.
Reading file 'C:\Users\c79828\Documents\HLS_Work\fpga-hls-libraries\vision\demo_designs\PF_Video_kit\libero\vision_pipeline\component\Actel\DirectCore\COREBCLKSCLKALIGN\3.0.100\rtl\vlog\test\user\PF_IOD_GENERIC_RX_C1.v'.
Reading file 'C:\Users\c79828\Documents\HLS_Work\fpga-hls-libraries\vision\demo_designs\PF_Video_kit\libero\vision_pipeline\component\Actel\DirectCore\COREBCLKSCLKALIGN\3.0.100\rtl\vlog\test\user\PF_IOD_GENERIC_RX_C1_PF_CLK_DIV_FIFO_PF_CLK_DIV_DELAY.v'.
Reading file 'C:\Users\c79828\Documents\HLS_Work\fpga-hls-libraries\vision\demo_designs\PF_Video_kit\libero\vision_pipeline\component\Actel\DirectCore\COREBCLKSCLKALIGN\3.0.100\rtl\vlog\test\user\PF_IOD_GENERIC_RX_C1_PF_CLK_DIV_RXCLK_PF_CLK_DIV_DELAY.v'.
Reading file 'C:\Users\c79828\Documents\HLS_Work\fpga-hls-libraries\vision\demo_designs\PF_Video_kit\libero\vision_pipeline\component\Actel\DirectCore\COREBCLKSCLKALIGN\3.0.100\rtl\vlog\test\user\PF_IOD_GENERIC_RX_C1_PF_IOD_CLK_TRAINING_PF_IOD.v'.
Reading file 'C:\Users\c79828\Documents\HLS_Work\fpga-hls-libraries\vision\demo_designs\PF_Video_kit\libero\vision_pipeline\component\Actel\DirectCore\COREBCLKSCLKALIGN\3.0.100\rtl\vlog\test\user\PF_IOD_GENERIC_RX_C1_PF_IOD_RX_PF_IOD.v'.
Reading file 'C:\Users\c79828\Documents\HLS_Work\fpga-hls-libraries\vision\demo_designs\PF_Video_kit\libero\vision_pipeline\component\Actel\DirectCore\COREBCLKSCLKALIGN\3.0.100\rtl\vlog\test\user\PF_IOD_GENERIC_RX_C1_PF_LANECTRL_0_PF_LANECTRL.v'.
Reading file 'C:\Users\c79828\Documents\HLS_Work\fpga-hls-libraries\vision\demo_designs\PF_Video_kit\libero\vision_pipeline\component\Actel\DirectCore\COREBCLKSCLKALIGN\3.0.100\rtl\vlog\test\user\PF_IOD_GENERIC_TX_C0.v'.
Reading file 'C:\Users\c79828\Documents\HLS_Work\fpga-hls-libraries\vision\demo_designs\PF_Video_kit\libero\vision_pipeline\component\Actel\DirectCore\COREBCLKSCLKALIGN\3.0.100\rtl\vlog\test\user\PF_IOD_GENERIC_TX_C0_LANECTRL_ADDR_CMD_0_PF_LANECTRL.v'.
Reading file 'C:\Users\c79828\Documents\HLS_Work\fpga-hls-libraries\vision\demo_designs\PF_Video_kit\libero\vision_pipeline\component\Actel\DirectCore\COREBCLKSCLKALIGN\3.0.100\rtl\vlog\test\user\PF_IOD_GENERIC_TX_C0_PF_IOD_CLK_TRAINING_PF_IOD.v'.
Reading file 'C:\Users\c79828\Documents\HLS_Work\fpga-hls-libraries\vision\demo_designs\PF_Video_kit\libero\vision_pipeline\component\Actel\DirectCore\COREBCLKSCLKALIGN\3.0.100\rtl\vlog\test\user\PF_IOD_GENERIC_TX_C0_PF_IOD_TX_CLK_PF_IOD.v'.
Reading file 'C:\Users\c79828\Documents\HLS_Work\fpga-hls-libraries\vision\demo_designs\PF_Video_kit\libero\vision_pipeline\component\Actel\DirectCore\COREBCLKSCLKALIGN\3.0.100\rtl\vlog\test\user\PF_IOD_GENERIC_TX_C0_PF_IOD_TX_PF_IOD.v'.
Reading file 'C:\Users\c79828\Documents\HLS_Work\fpga-hls-libraries\vision\demo_designs\PF_Video_kit\libero\vision_pipeline\component\Actel\DirectCore\COREBCLKSCLKALIGN\3.0.100\rtl\vlog\test\user\PF_LANECTRL_PAUSE_SYNC.v'.
Reading file 'C:\Users\c79828\Documents\HLS_Work\fpga-hls-libraries\vision\demo_designs\PF_Video_kit\libero\vision_pipeline\component\Actel\DirectCore\COREBCLKSCLKALIGN\3.0.100\rtl\vlog\test\user\PF_LANECTRL_PAUSE_SYNC_2.v'.
Reading file 'C:\Users\c79828\Documents\HLS_Work\fpga-hls-libraries\vision\demo_designs\PF_Video_kit\libero\vision_pipeline\component\Actel\DirectCore\COREBCLKSCLKALIGN\3.0.100\rtl\vlog\test\user\PLL_BclkSclkAlign.v'.
Reading file 'C:\Users\c79828\Documents\HLS_Work\fpga-hls-libraries\vision\demo_designs\PF_Video_kit\libero\vision_pipeline\component\work\PF_IOD_GENERIC_RX_C0_TR\PF_IOD_GENERIC_RX_C0_TR_0\rtl\vlog\test\user\prbscheck_parallel_fab_x2.v'.
Reading file 'C:\Users\c79828\Documents\HLS_Work\fpga-hls-libraries\vision\demo_designs\PF_Video_kit\libero\vision_pipeline\component\work\PF_IOD_GENERIC_RX_C0_TR\PF_IOD_GENERIC_RX_C0_TR_0\rtl\vlog\test\user\prbsgen_parallel_fab_x2.v'.
Reading file 'C:\Users\c79828\Documents\HLS_Work\fpga-hls-libraries\vision\demo_designs\PF_Video_kit\libero\vision_pipeline\component\work\PF_IOD_GENERIC_RX_C0_TR\PF_IOD_GENERIC_RX_C0_TR_0\rtl\vlog\test\user\rev_bits_x2.v'.
Reading file 'C:\Users\c79828\Documents\HLS_Work\fpga-hls-libraries\vision\demo_designs\PF_Video_kit\libero\vision_pipeline\component\work\PF_TX_PLL_C0\PF_TX_PLL_C0.v'.
Reading file 'C:\Users\c79828\Documents\HLS_Work\fpga-hls-libraries\vision\demo_designs\PF_Video_kit\libero\vision_pipeline\component\work\PF_TX_PLL_C0\PF_TX_PLL_C0_0\PF_TX_PLL_C0_PF_TX_PLL_C0_0_PF_TX_PLL.v'.
Reading file 'C:\Users\c79828\Documents\HLS_Work\fpga-hls-libraries\vision\demo_designs\PF_Video_kit\libero\vision_pipeline\component\work\PF_XCVR_ERM_C0\PF_XCVR_ERM_C0.v'.
Reading file 'C:\Users\c79828\Documents\HLS_Work\fpga-hls-libraries\vision\demo_designs\PF_Video_kit\libero\vision_pipeline\component\work\PF_XCVR_ERM_C0\I_XCVR\PF_XCVR_ERM_C0_I_XCVR_PF_XCVR.v'.
Reading file 'C:\Users\c79828\Documents\HLS_Work\fpga-hls-libraries\vision\demo_designs\PF_Video_kit\libero\vision_pipeline\component\work\PF_XCVR_REF_CLK_C0\PF_XCVR_REF_CLK_C0.v'.
Reading file 'C:\Users\c79828\Documents\HLS_Work\fpga-hls-libraries\vision\demo_designs\PF_Video_kit\libero\vision_pipeline\component\work\PF_XCVR_REF_CLK_C0\PF_XCVR_REF_CLK_C0_0\PF_XCVR_REF_CLK_C0_PF_XCVR_REF_CLK_C0_0_PF_XCVR_REF_CLK.v'.
Reading file 'C:\Users\c79828\Documents\HLS_Work\fpga-hls-libraries\vision\demo_designs\PF_Video_kit\libero\vision_pipeline\hdl\axis_to_vga_converter.v'.
Reading file 'C:\Users\c79828\Documents\HLS_Work\fpga-hls-libraries\vision\demo_designs\PF_Video_kit\libero\vision_pipeline\hdl\camera_to_axis_converter.v'.
Reading file 'C:\Users\c79828\Documents\HLS_Work\fpga-hls-libraries\vision\demo_designs\PF_Video_kit\libero\vision_pipeline\hdl\FrameBufferControl.v'.
Reading file 'C:\Users\c79828\Documents\HLS_Work\fpga-hls-libraries\vision\demo_designs\PF_Video_kit\libero\vision_pipeline\hdl\VGA_Controller_SHLS.vhd'.
Reading file 'C:\Users\c79828\Documents\HLS_Work\fpga-hls-libraries\vision\demo_designs\PF_Video_kit\libero\vision_pipeline\component\work\CAM_IOD_TIP_TOP\CAM_IOD_TIP_TOP.v'.
Reading file 'C:\Users\c79828\Documents\HLS_Work\fpga-hls-libraries\vision\demo_designs\PF_Video_kit\libero\vision_pipeline\component\work\HDMI_2p0\HDMI_2p0.v'.
Reading file 'C:\Users\c79828\Documents\HLS_Work\fpga-hls-libraries\vision\demo_designs\PF_Video_kit\libero\vision_pipeline\component\work\IMX334_IF_TOP\IMX334_IF_TOP.v'.
Info: Core has been created successfully from 'FrameBufferControl' HDL module.
Info:  <a href="liberoaction://open_online_help/70004">Read more</a> on how to create a core from your HDL module.
Info:  This feature enables you to add bus interfaces to your HDL module and configure any generics/parameters in your HDL module.

Reading file 'C:\Users\c79828\Documents\HLS_Work\fpga-hls-libraries\vision\demo_designs\PF_Video_kit\libero\vision_pipeline\component\work\CORERESET_PF_C1\CORERESET_PF_C1.v'.
Reading file 'C:\Users\c79828\Documents\HLS_Work\fpga-hls-libraries\vision\demo_designs\PF_Video_kit\libero\vision_pipeline\component\work\CORERESET_PF_C1\CORERESET_PF_C1_0\core\corereset_pf.v'.
Reading file 'C:\Users\c79828\Documents\HLS_Work\fpga-hls-libraries\vision\demo_designs\PF_Video_kit\libero\vision_pipeline\component\work\CORERESET_PF_C1\CORERESET_PF_C1_0\test\corereset_pf_tb.v'.
Reading file 'C:\Users\c79828\Documents\HLS_Work\fpga-hls-libraries\vision\demo_designs\PF_Video_kit\libero\vision_pipeline\component\work\CORERESET_PF_C2\CORERESET_PF_C2.v'.
Reading file 'C:\Users\c79828\Documents\HLS_Work\fpga-hls-libraries\vision\demo_designs\PF_Video_kit\libero\vision_pipeline\component\work\CORERESET_PF_C2\CORERESET_PF_C2_0\core\corereset_pf.v'.
Reading file 'C:\Users\c79828\Documents\HLS_Work\fpga-hls-libraries\vision\demo_designs\PF_Video_kit\libero\vision_pipeline\component\work\CORERESET_PF_C2\CORERESET_PF_C2_0\test\corereset_pf_tb.v'.
Reading file 'C:\Users\c79828\Documents\HLS_Work\fpga-hls-libraries\vision\demo_designs\PF_Video_kit\libero\vision_pipeline\component\work\CORERESET_PF_C3\CORERESET_PF_C3.v'.
Reading file 'C:\Users\c79828\Documents\HLS_Work\fpga-hls-libraries\vision\demo_designs\PF_Video_kit\libero\vision_pipeline\component\work\CORERESET_PF_C3\CORERESET_PF_C3_0\core\corereset_pf.v'.
Reading file 'C:\Users\c79828\Documents\HLS_Work\fpga-hls-libraries\vision\demo_designs\PF_Video_kit\libero\vision_pipeline\component\work\CORERESET_PF_C3\CORERESET_PF_C3_0\test\corereset_pf_tb.v'.
Reading file 'C:\Users\c79828\Documents\HLS_Work\fpga-hls-libraries\vision\demo_designs\PF_Video_kit\libero\vision_pipeline\component\work\CORERXIODBITALIGN_C0\CORERXIODBITALIGN_C0.v'.
Reading file 'C:\Users\c79828\Documents\HLS_Work\fpga-hls-libraries\vision\demo_designs\PF_Video_kit\libero\vision_pipeline\component\work\CORERXIODBITALIGN_C0\CORERXIODBITALIGN_C0_0\rtl\vlog\core\CoreRxIODBitAlign.v'.
Reading file 'C:\Users\c79828\Documents\HLS_Work\fpga-hls-libraries\vision\demo_designs\PF_Video_kit\libero\vision_pipeline\component\work\CORERXIODBITALIGN_C0\CORERXIODBITALIGN_C0_0\rtl\vlog\core\CoreRxIODBitAlign_top.v'.
Reading file 'C:\Users\c79828\Documents\HLS_Work\fpga-hls-libraries\vision\demo_designs\PF_Video_kit\libero\vision_pipeline\component\work\CORERXIODBITALIGN_C0\CORERXIODBITALIGN_C0_0\rtl\vlog\test\user\prbscheck_parallel_fab_x4.v'.
Reading file 'C:\Users\c79828\Documents\HLS_Work\fpga-hls-libraries\vision\demo_designs\PF_Video_kit\libero\vision_pipeline\component\work\CORERXIODBITALIGN_C0\CORERXIODBITALIGN_C0_0\rtl\vlog\test\user\prbsgen_parallel_fab_x4.v'.
Reading file 'C:\Users\c79828\Documents\HLS_Work\fpga-hls-libraries\vision\demo_designs\PF_Video_kit\libero\vision_pipeline\component\work\CORERXIODBITALIGN_C0\CORERXIODBITALIGN_C0_0\rtl\vlog\test\user\rev_bits_x4.v'.
Reading file 'C:\Users\c79828\Documents\HLS_Work\fpga-hls-libraries\vision\demo_designs\PF_Video_kit\libero\vision_pipeline\component\work\CORERXIODBITALIGN_C0\CORERXIODBITALIGN_C0_0\rtl\vlog\test\user\CCC_COMP_CCC_COMP_0_PF_CCC.v'.
Reading file 'C:\Users\c79828\Documents\HLS_Work\fpga-hls-libraries\vision\demo_designs\PF_Video_kit\libero\vision_pipeline\component\work\CORERXIODBITALIGN_C0\CORERXIODBITALIGN_C0_0\rtl\vlog\test\user\CCC_COMP.v'.
Reading file 'C:\Users\c79828\Documents\HLS_Work\fpga-hls-libraries\vision\demo_designs\PF_Video_kit\libero\vision_pipeline\component\work\CORERXIODBITALIGN_C0\CORERXIODBITALIGN_C0_0\rtl\vlog\test\user\CORERXIODBITALIGN_C0.v'.
Reading file 'C:\Users\c79828\Documents\HLS_Work\fpga-hls-libraries\vision\demo_designs\PF_Video_kit\libero\vision_pipeline\component\work\CORERXIODBITALIGN_C0\CORERXIODBITALIGN_C0_0\rtl\vlog\test\user\RXIOD_COMP_PF_CLK_DIV_FIFO_PF_CLK_DIV_DELAY.v'.
Reading file 'C:\Users\c79828\Documents\HLS_Work\fpga-hls-libraries\vision\demo_designs\PF_Video_kit\libero\vision_pipeline\component\work\CORERXIODBITALIGN_C0\CORERXIODBITALIGN_C0_0\rtl\vlog\test\user\RXIOD_COMP_PF_CLK_DIV_RXCLK_PF_CLK_DIV_DELAY.v'.
Reading file 'C:\Users\c79828\Documents\HLS_Work\fpga-hls-libraries\vision\demo_designs\PF_Video_kit\libero\vision_pipeline\component\work\CORERXIODBITALIGN_C0\CORERXIODBITALIGN_C0_0\rtl\vlog\test\user\RXIOD_COMP_PF_IOD_CLK_TRAINING_PF_IOD.v'.
Reading file 'C:\Users\c79828\Documents\HLS_Work\fpga-hls-libraries\vision\demo_designs\PF_Video_kit\libero\vision_pipeline\component\work\CORERXIODBITALIGN_C0\CORERXIODBITALIGN_C0_0\rtl\vlog\test\user\RXIOD_COMP_PF_IOD_RX_PF_IOD.v'.
Reading file 'C:\Users\c79828\Documents\HLS_Work\fpga-hls-libraries\vision\demo_designs\PF_Video_kit\libero\vision_pipeline\component\work\CORERXIODBITALIGN_C0\CORERXIODBITALIGN_C0_0\rtl\vlog\test\user\PF_LANECTRL_PAUSE_SYNC.v'.
Reading file 'C:\Users\c79828\Documents\HLS_Work\fpga-hls-libraries\vision\demo_designs\PF_Video_kit\libero\vision_pipeline\component\work\CORERXIODBITALIGN_C0\CORERXIODBITALIGN_C0_0\rtl\vlog\test\user\RXIOD_COMP_PF_LANECTRL_0_PF_LANECTRL.v'.
Reading file 'C:\Users\c79828\Documents\HLS_Work\fpga-hls-libraries\vision\demo_designs\PF_Video_kit\libero\vision_pipeline\component\work\CORERXIODBITALIGN_C0\CORERXIODBITALIGN_C0_0\rtl\vlog\test\user\PLL_BclkSclkAlign.v'.
Reading file 'C:\Users\c79828\Documents\HLS_Work\fpga-hls-libraries\vision\demo_designs\PF_Video_kit\libero\vision_pipeline\component\work\CORERXIODBITALIGN_C0\CORERXIODBITALIGN_C0_0\rtl\vlog\test\user\ICB_BclkSclkAlign.v'.
Reading file 'C:\Users\c79828\Documents\HLS_Work\fpga-hls-libraries\vision\demo_designs\PF_Video_kit\libero\vision_pipeline\component\work\CORERXIODBITALIGN_C0\CORERXIODBITALIGN_C0_0\rtl\vlog\test\user\CoreBclkSclkAlign.v'.
Reading file 'C:\Users\c79828\Documents\HLS_Work\fpga-hls-libraries\vision\demo_designs\PF_Video_kit\libero\vision_pipeline\component\work\CORERXIODBITALIGN_C0\CORERXIODBITALIGN_C0_0\rtl\vlog\test\user\RXIOD_COMP_TR.v'.
Reading file 'C:\Users\c79828\Documents\HLS_Work\fpga-hls-libraries\vision\demo_designs\PF_Video_kit\libero\vision_pipeline\component\work\CORERXIODBITALIGN_C0\CORERXIODBITALIGN_C0_0\rtl\vlog\test\user\RXIOD_COMP.v'.
Reading file 'C:\Users\c79828\Documents\HLS_Work\fpga-hls-libraries\vision\demo_designs\PF_Video_kit\libero\vision_pipeline\component\work\CORERXIODBITALIGN_C0\CORERXIODBITALIGN_C0_0\rtl\vlog\test\user\PF_LANECTRL_PAUSE_SYNC1.v'.
Reading file 'C:\Users\c79828\Documents\HLS_Work\fpga-hls-libraries\vision\demo_designs\PF_Video_kit\libero\vision_pipeline\component\work\CORERXIODBITALIGN_C0\CORERXIODBITALIGN_C0_0\rtl\vlog\test\user\TXIOD_COMP_LANECTRL_ADDR_CMD_0_PF_LANECTRL.v'.
Reading file 'C:\Users\c79828\Documents\HLS_Work\fpga-hls-libraries\vision\demo_designs\PF_Video_kit\libero\vision_pipeline\component\work\CORERXIODBITALIGN_C0\CORERXIODBITALIGN_C0_0\rtl\vlog\test\user\TXIOD_COMP_PF_IOD_TX_CLK_PF_IOD.v'.
Reading file 'C:\Users\c79828\Documents\HLS_Work\fpga-hls-libraries\vision\demo_designs\PF_Video_kit\libero\vision_pipeline\component\work\CORERXIODBITALIGN_C0\CORERXIODBITALIGN_C0_0\rtl\vlog\test\user\TXIOD_COMP_PF_IOD_TX_PF_IOD.v'.
Reading file 'C:\Users\c79828\Documents\HLS_Work\fpga-hls-libraries\vision\demo_designs\PF_Video_kit\libero\vision_pipeline\component\work\CORERXIODBITALIGN_C0\CORERXIODBITALIGN_C0_0\rtl\vlog\test\user\TXIOD_COMP.v'.
Reading file 'C:\Users\c79828\Documents\HLS_Work\fpga-hls-libraries\vision\demo_designs\PF_Video_kit\libero\vision_pipeline\component\work\CORERXIODBITALIGN_C0\CORERXIODBITALIGN_C0_0\rtl\vlog\test\user\CoreRxIODBitAlign_SD_wrap.v'.
Reading file 'C:\Users\c79828\Documents\HLS_Work\fpga-hls-libraries\vision\demo_designs\PF_Video_kit\libero\vision_pipeline\component\work\CORERXIODBITALIGN_C0\CORERXIODBITALIGN_C0_0\rtl\vlog\test\user\testbench.v'.
Reading file 'C:\Users\c79828\Documents\HLS_Work\fpga-hls-libraries\vision\demo_designs\PF_Video_kit\libero\vision_pipeline\component\work\CORERXIODBITALIGN_C1\CORERXIODBITALIGN_C1.v'.
Reading file 'C:\Users\c79828\Documents\HLS_Work\fpga-hls-libraries\vision\demo_designs\PF_Video_kit\libero\vision_pipeline\component\work\CORERXIODBITALIGN_C1\CORERXIODBITALIGN_C1_0\rtl\vlog\core\CoreRxIODBitAlign.v'.
Reading file 'C:\Users\c79828\Documents\HLS_Work\fpga-hls-libraries\vision\demo_designs\PF_Video_kit\libero\vision_pipeline\component\work\CORERXIODBITALIGN_C1\CORERXIODBITALIGN_C1_0\rtl\vlog\core\CoreRxIODBitAlign_top.v'.
Reading file 'C:\Users\c79828\Documents\HLS_Work\fpga-hls-libraries\vision\demo_designs\PF_Video_kit\libero\vision_pipeline\component\work\CORERXIODBITALIGN_C1\CORERXIODBITALIGN_C1_0\rtl\vlog\test\user\prbscheck_parallel_fab_x4.v'.
Reading file 'C:\Users\c79828\Documents\HLS_Work\fpga-hls-libraries\vision\demo_designs\PF_Video_kit\libero\vision_pipeline\component\work\CORERXIODBITALIGN_C1\CORERXIODBITALIGN_C1_0\rtl\vlog\test\user\prbsgen_parallel_fab_x4.v'.
Reading file 'C:\Users\c79828\Documents\HLS_Work\fpga-hls-libraries\vision\demo_designs\PF_Video_kit\libero\vision_pipeline\component\work\CORERXIODBITALIGN_C1\CORERXIODBITALIGN_C1_0\rtl\vlog\test\user\rev_bits_x4.v'.
Reading file 'C:\Users\c79828\Documents\HLS_Work\fpga-hls-libraries\vision\demo_designs\PF_Video_kit\libero\vision_pipeline\component\work\CORERXIODBITALIGN_C1\CORERXIODBITALIGN_C1_0\rtl\vlog\test\user\CCC_COMP_CCC_COMP_0_PF_CCC.v'.
Reading file 'C:\Users\c79828\Documents\HLS_Work\fpga-hls-libraries\vision\demo_designs\PF_Video_kit\libero\vision_pipeline\component\work\CORERXIODBITALIGN_C1\CORERXIODBITALIGN_C1_0\rtl\vlog\test\user\CCC_COMP.v'.
Reading file 'C:\Users\c79828\Documents\HLS_Work\fpga-hls-libraries\vision\demo_designs\PF_Video_kit\libero\vision_pipeline\component\work\CORERXIODBITALIGN_C1\CORERXIODBITALIGN_C1_0\rtl\vlog\test\user\CORERXIODBITALIGN_C0.v'.
Reading file 'C:\Users\c79828\Documents\HLS_Work\fpga-hls-libraries\vision\demo_designs\PF_Video_kit\libero\vision_pipeline\component\work\CORERXIODBITALIGN_C1\CORERXIODBITALIGN_C1_0\rtl\vlog\test\user\RXIOD_COMP_PF_CLK_DIV_FIFO_PF_CLK_DIV_DELAY.v'.
Reading file 'C:\Users\c79828\Documents\HLS_Work\fpga-hls-libraries\vision\demo_designs\PF_Video_kit\libero\vision_pipeline\component\work\CORERXIODBITALIGN_C1\CORERXIODBITALIGN_C1_0\rtl\vlog\test\user\RXIOD_COMP_PF_CLK_DIV_RXCLK_PF_CLK_DIV_DELAY.v'.
Reading file 'C:\Users\c79828\Documents\HLS_Work\fpga-hls-libraries\vision\demo_designs\PF_Video_kit\libero\vision_pipeline\component\work\CORERXIODBITALIGN_C1\CORERXIODBITALIGN_C1_0\rtl\vlog\test\user\RXIOD_COMP_PF_IOD_CLK_TRAINING_PF_IOD.v'.
Reading file 'C:\Users\c79828\Documents\HLS_Work\fpga-hls-libraries\vision\demo_designs\PF_Video_kit\libero\vision_pipeline\component\work\CORERXIODBITALIGN_C1\CORERXIODBITALIGN_C1_0\rtl\vlog\test\user\RXIOD_COMP_PF_IOD_RX_PF_IOD.v'.
Reading file 'C:\Users\c79828\Documents\HLS_Work\fpga-hls-libraries\vision\demo_designs\PF_Video_kit\libero\vision_pipeline\component\work\CORERXIODBITALIGN_C1\CORERXIODBITALIGN_C1_0\rtl\vlog\test\user\PF_LANECTRL_PAUSE_SYNC.v'.
Reading file 'C:\Users\c79828\Documents\HLS_Work\fpga-hls-libraries\vision\demo_designs\PF_Video_kit\libero\vision_pipeline\component\work\CORERXIODBITALIGN_C1\CORERXIODBITALIGN_C1_0\rtl\vlog\test\user\RXIOD_COMP_PF_LANECTRL_0_PF_LANECTRL.v'.
Reading file 'C:\Users\c79828\Documents\HLS_Work\fpga-hls-libraries\vision\demo_designs\PF_Video_kit\libero\vision_pipeline\component\work\CORERXIODBITALIGN_C1\CORERXIODBITALIGN_C1_0\rtl\vlog\test\user\PLL_BclkSclkAlign.v'.
Reading file 'C:\Users\c79828\Documents\HLS_Work\fpga-hls-libraries\vision\demo_designs\PF_Video_kit\libero\vision_pipeline\component\work\CORERXIODBITALIGN_C1\CORERXIODBITALIGN_C1_0\rtl\vlog\test\user\ICB_BclkSclkAlign.v'.
Reading file 'C:\Users\c79828\Documents\HLS_Work\fpga-hls-libraries\vision\demo_designs\PF_Video_kit\libero\vision_pipeline\component\work\CORERXIODBITALIGN_C1\CORERXIODBITALIGN_C1_0\rtl\vlog\test\user\CoreBclkSclkAlign.v'.
Reading file 'C:\Users\c79828\Documents\HLS_Work\fpga-hls-libraries\vision\demo_designs\PF_Video_kit\libero\vision_pipeline\component\work\CORERXIODBITALIGN_C1\CORERXIODBITALIGN_C1_0\rtl\vlog\test\user\RXIOD_COMP_TR.v'.
Reading file 'C:\Users\c79828\Documents\HLS_Work\fpga-hls-libraries\vision\demo_designs\PF_Video_kit\libero\vision_pipeline\component\work\CORERXIODBITALIGN_C1\CORERXIODBITALIGN_C1_0\rtl\vlog\test\user\RXIOD_COMP.v'.
Reading file 'C:\Users\c79828\Documents\HLS_Work\fpga-hls-libraries\vision\demo_designs\PF_Video_kit\libero\vision_pipeline\component\work\CORERXIODBITALIGN_C1\CORERXIODBITALIGN_C1_0\rtl\vlog\test\user\PF_LANECTRL_PAUSE_SYNC1.v'.
Reading file 'C:\Users\c79828\Documents\HLS_Work\fpga-hls-libraries\vision\demo_designs\PF_Video_kit\libero\vision_pipeline\component\work\CORERXIODBITALIGN_C1\CORERXIODBITALIGN_C1_0\rtl\vlog\test\user\TXIOD_COMP_LANECTRL_ADDR_CMD_0_PF_LANECTRL.v'.
Reading file 'C:\Users\c79828\Documents\HLS_Work\fpga-hls-libraries\vision\demo_designs\PF_Video_kit\libero\vision_pipeline\component\work\CORERXIODBITALIGN_C1\CORERXIODBITALIGN_C1_0\rtl\vlog\test\user\TXIOD_COMP_PF_IOD_TX_CLK_PF_IOD.v'.
Reading file 'C:\Users\c79828\Documents\HLS_Work\fpga-hls-libraries\vision\demo_designs\PF_Video_kit\libero\vision_pipeline\component\work\CORERXIODBITALIGN_C1\CORERXIODBITALIGN_C1_0\rtl\vlog\test\user\TXIOD_COMP_PF_IOD_TX_PF_IOD.v'.
Reading file 'C:\Users\c79828\Documents\HLS_Work\fpga-hls-libraries\vision\demo_designs\PF_Video_kit\libero\vision_pipeline\component\work\CORERXIODBITALIGN_C1\CORERXIODBITALIGN_C1_0\rtl\vlog\test\user\TXIOD_COMP.v'.
Reading file 'C:\Users\c79828\Documents\HLS_Work\fpga-hls-libraries\vision\demo_designs\PF_Video_kit\libero\vision_pipeline\component\work\CORERXIODBITALIGN_C1\CORERXIODBITALIGN_C1_0\rtl\vlog\test\user\CoreRxIODBitAlign_SD_wrap.v'.
Reading file 'C:\Users\c79828\Documents\HLS_Work\fpga-hls-libraries\vision\demo_designs\PF_Video_kit\libero\vision_pipeline\component\work\CORERXIODBITALIGN_C1\CORERXIODBITALIGN_C1_0\rtl\vlog\test\user\testbench.v'.
Reading file 'C:\Users\c79828\Documents\HLS_Work\fpga-hls-libraries\vision\demo_designs\PF_Video_kit\libero\vision_pipeline\component\work\CORERXIODBITALIGN_C2\CORERXIODBITALIGN_C2.v'.
Reading file 'C:\Users\c79828\Documents\HLS_Work\fpga-hls-libraries\vision\demo_designs\PF_Video_kit\libero\vision_pipeline\component\work\CORERXIODBITALIGN_C2\CORERXIODBITALIGN_C2_0\rtl\vlog\core\CoreRxIODBitAlign.v'.
Reading file 'C:\Users\c79828\Documents\HLS_Work\fpga-hls-libraries\vision\demo_designs\PF_Video_kit\libero\vision_pipeline\component\work\CORERXIODBITALIGN_C2\CORERXIODBITALIGN_C2_0\rtl\vlog\core\CoreRxIODBitAlign_top.v'.
Reading file 'C:\Users\c79828\Documents\HLS_Work\fpga-hls-libraries\vision\demo_designs\PF_Video_kit\libero\vision_pipeline\component\work\CORERXIODBITALIGN_C2\CORERXIODBITALIGN_C2_0\rtl\vlog\test\user\prbscheck_parallel_fab_x4.v'.
Reading file 'C:\Users\c79828\Documents\HLS_Work\fpga-hls-libraries\vision\demo_designs\PF_Video_kit\libero\vision_pipeline\component\work\CORERXIODBITALIGN_C2\CORERXIODBITALIGN_C2_0\rtl\vlog\test\user\prbsgen_parallel_fab_x4.v'.
Reading file 'C:\Users\c79828\Documents\HLS_Work\fpga-hls-libraries\vision\demo_designs\PF_Video_kit\libero\vision_pipeline\component\work\CORERXIODBITALIGN_C2\CORERXIODBITALIGN_C2_0\rtl\vlog\test\user\rev_bits_x4.v'.
Reading file 'C:\Users\c79828\Documents\HLS_Work\fpga-hls-libraries\vision\demo_designs\PF_Video_kit\libero\vision_pipeline\component\work\CORERXIODBITALIGN_C2\CORERXIODBITALIGN_C2_0\rtl\vlog\test\user\CCC_COMP_CCC_COMP_0_PF_CCC.v'.
Reading file 'C:\Users\c79828\Documents\HLS_Work\fpga-hls-libraries\vision\demo_designs\PF_Video_kit\libero\vision_pipeline\component\work\CORERXIODBITALIGN_C2\CORERXIODBITALIGN_C2_0\rtl\vlog\test\user\CCC_COMP.v'.
Reading file 'C:\Users\c79828\Documents\HLS_Work\fpga-hls-libraries\vision\demo_designs\PF_Video_kit\libero\vision_pipeline\component\work\CORERXIODBITALIGN_C2\CORERXIODBITALIGN_C2_0\rtl\vlog\test\user\CORERXIODBITALIGN_C0.v'.
Reading file 'C:\Users\c79828\Documents\HLS_Work\fpga-hls-libraries\vision\demo_designs\PF_Video_kit\libero\vision_pipeline\component\work\CORERXIODBITALIGN_C2\CORERXIODBITALIGN_C2_0\rtl\vlog\test\user\RXIOD_COMP_PF_CLK_DIV_FIFO_PF_CLK_DIV_DELAY.v'.
Reading file 'C:\Users\c79828\Documents\HLS_Work\fpga-hls-libraries\vision\demo_designs\PF_Video_kit\libero\vision_pipeline\component\work\CORERXIODBITALIGN_C2\CORERXIODBITALIGN_C2_0\rtl\vlog\test\user\RXIOD_COMP_PF_CLK_DIV_RXCLK_PF_CLK_DIV_DELAY.v'.
Reading file 'C:\Users\c79828\Documents\HLS_Work\fpga-hls-libraries\vision\demo_designs\PF_Video_kit\libero\vision_pipeline\component\work\CORERXIODBITALIGN_C2\CORERXIODBITALIGN_C2_0\rtl\vlog\test\user\RXIOD_COMP_PF_IOD_CLK_TRAINING_PF_IOD.v'.
Reading file 'C:\Users\c79828\Documents\HLS_Work\fpga-hls-libraries\vision\demo_designs\PF_Video_kit\libero\vision_pipeline\component\work\CORERXIODBITALIGN_C2\CORERXIODBITALIGN_C2_0\rtl\vlog\test\user\RXIOD_COMP_PF_IOD_RX_PF_IOD.v'.
Reading file 'C:\Users\c79828\Documents\HLS_Work\fpga-hls-libraries\vision\demo_designs\PF_Video_kit\libero\vision_pipeline\component\work\CORERXIODBITALIGN_C2\CORERXIODBITALIGN_C2_0\rtl\vlog\test\user\PF_LANECTRL_PAUSE_SYNC.v'.
Reading file 'C:\Users\c79828\Documents\HLS_Work\fpga-hls-libraries\vision\demo_designs\PF_Video_kit\libero\vision_pipeline\component\work\CORERXIODBITALIGN_C2\CORERXIODBITALIGN_C2_0\rtl\vlog\test\user\RXIOD_COMP_PF_LANECTRL_0_PF_LANECTRL.v'.
Reading file 'C:\Users\c79828\Documents\HLS_Work\fpga-hls-libraries\vision\demo_designs\PF_Video_kit\libero\vision_pipeline\component\work\CORERXIODBITALIGN_C2\CORERXIODBITALIGN_C2_0\rtl\vlog\test\user\PLL_BclkSclkAlign.v'.
Reading file 'C:\Users\c79828\Documents\HLS_Work\fpga-hls-libraries\vision\demo_designs\PF_Video_kit\libero\vision_pipeline\component\work\CORERXIODBITALIGN_C2\CORERXIODBITALIGN_C2_0\rtl\vlog\test\user\ICB_BclkSclkAlign.v'.
Reading file 'C:\Users\c79828\Documents\HLS_Work\fpga-hls-libraries\vision\demo_designs\PF_Video_kit\libero\vision_pipeline\component\work\CORERXIODBITALIGN_C2\CORERXIODBITALIGN_C2_0\rtl\vlog\test\user\CoreBclkSclkAlign.v'.
Reading file 'C:\Users\c79828\Documents\HLS_Work\fpga-hls-libraries\vision\demo_designs\PF_Video_kit\libero\vision_pipeline\component\work\CORERXIODBITALIGN_C2\CORERXIODBITALIGN_C2_0\rtl\vlog\test\user\RXIOD_COMP_TR.v'.
Reading file 'C:\Users\c79828\Documents\HLS_Work\fpga-hls-libraries\vision\demo_designs\PF_Video_kit\libero\vision_pipeline\component\work\CORERXIODBITALIGN_C2\CORERXIODBITALIGN_C2_0\rtl\vlog\test\user\RXIOD_COMP.v'.
Reading file 'C:\Users\c79828\Documents\HLS_Work\fpga-hls-libraries\vision\demo_designs\PF_Video_kit\libero\vision_pipeline\component\work\CORERXIODBITALIGN_C2\CORERXIODBITALIGN_C2_0\rtl\vlog\test\user\PF_LANECTRL_PAUSE_SYNC1.v'.
Reading file 'C:\Users\c79828\Documents\HLS_Work\fpga-hls-libraries\vision\demo_designs\PF_Video_kit\libero\vision_pipeline\component\work\CORERXIODBITALIGN_C2\CORERXIODBITALIGN_C2_0\rtl\vlog\test\user\TXIOD_COMP_LANECTRL_ADDR_CMD_0_PF_LANECTRL.v'.
Reading file 'C:\Users\c79828\Documents\HLS_Work\fpga-hls-libraries\vision\demo_designs\PF_Video_kit\libero\vision_pipeline\component\work\CORERXIODBITALIGN_C2\CORERXIODBITALIGN_C2_0\rtl\vlog\test\user\TXIOD_COMP_PF_IOD_TX_CLK_PF_IOD.v'.
Reading file 'C:\Users\c79828\Documents\HLS_Work\fpga-hls-libraries\vision\demo_designs\PF_Video_kit\libero\vision_pipeline\component\work\CORERXIODBITALIGN_C2\CORERXIODBITALIGN_C2_0\rtl\vlog\test\user\TXIOD_COMP_PF_IOD_TX_PF_IOD.v'.
Reading file 'C:\Users\c79828\Documents\HLS_Work\fpga-hls-libraries\vision\demo_designs\PF_Video_kit\libero\vision_pipeline\component\work\CORERXIODBITALIGN_C2\CORERXIODBITALIGN_C2_0\rtl\vlog\test\user\TXIOD_COMP.v'.
Reading file 'C:\Users\c79828\Documents\HLS_Work\fpga-hls-libraries\vision\demo_designs\PF_Video_kit\libero\vision_pipeline\component\work\CORERXIODBITALIGN_C2\CORERXIODBITALIGN_C2_0\rtl\vlog\test\user\CoreRxIODBitAlign_SD_wrap.v'.
Reading file 'C:\Users\c79828\Documents\HLS_Work\fpga-hls-libraries\vision\demo_designs\PF_Video_kit\libero\vision_pipeline\component\work\CORERXIODBITALIGN_C2\CORERXIODBITALIGN_C2_0\rtl\vlog\test\user\testbench.v'.
Reading file 'C:\Users\c79828\Documents\HLS_Work\fpga-hls-libraries\vision\demo_designs\PF_Video_kit\libero\vision_pipeline\component\work\CORERXIODBITALIGN_C3\CORERXIODBITALIGN_C3.v'.
Reading file 'C:\Users\c79828\Documents\HLS_Work\fpga-hls-libraries\vision\demo_designs\PF_Video_kit\libero\vision_pipeline\component\work\CORERXIODBITALIGN_C3\CORERXIODBITALIGN_C3_0\rtl\vlog\core\CoreRxIODBitAlign.v'.
Reading file 'C:\Users\c79828\Documents\HLS_Work\fpga-hls-libraries\vision\demo_designs\PF_Video_kit\libero\vision_pipeline\component\work\CORERXIODBITALIGN_C3\CORERXIODBITALIGN_C3_0\rtl\vlog\core\CoreRxIODBitAlign_top.v'.
Reading file 'C:\Users\c79828\Documents\HLS_Work\fpga-hls-libraries\vision\demo_designs\PF_Video_kit\libero\vision_pipeline\component\work\CORERXIODBITALIGN_C3\CORERXIODBITALIGN_C3_0\rtl\vlog\test\user\prbscheck_parallel_fab_x4.v'.
Reading file 'C:\Users\c79828\Documents\HLS_Work\fpga-hls-libraries\vision\demo_designs\PF_Video_kit\libero\vision_pipeline\component\work\CORERXIODBITALIGN_C3\CORERXIODBITALIGN_C3_0\rtl\vlog\test\user\prbsgen_parallel_fab_x4.v'.
Reading file 'C:\Users\c79828\Documents\HLS_Work\fpga-hls-libraries\vision\demo_designs\PF_Video_kit\libero\vision_pipeline\component\work\CORERXIODBITALIGN_C3\CORERXIODBITALIGN_C3_0\rtl\vlog\test\user\rev_bits_x4.v'.
Reading file 'C:\Users\c79828\Documents\HLS_Work\fpga-hls-libraries\vision\demo_designs\PF_Video_kit\libero\vision_pipeline\component\work\CORERXIODBITALIGN_C3\CORERXIODBITALIGN_C3_0\rtl\vlog\test\user\CCC_COMP_CCC_COMP_0_PF_CCC.v'.
Reading file 'C:\Users\c79828\Documents\HLS_Work\fpga-hls-libraries\vision\demo_designs\PF_Video_kit\libero\vision_pipeline\component\work\CORERXIODBITALIGN_C3\CORERXIODBITALIGN_C3_0\rtl\vlog\test\user\CCC_COMP.v'.
Reading file 'C:\Users\c79828\Documents\HLS_Work\fpga-hls-libraries\vision\demo_designs\PF_Video_kit\libero\vision_pipeline\component\work\CORERXIODBITALIGN_C3\CORERXIODBITALIGN_C3_0\rtl\vlog\test\user\CORERXIODBITALIGN_C0.v'.
Reading file 'C:\Users\c79828\Documents\HLS_Work\fpga-hls-libraries\vision\demo_designs\PF_Video_kit\libero\vision_pipeline\component\work\CORERXIODBITALIGN_C3\CORERXIODBITALIGN_C3_0\rtl\vlog\test\user\RXIOD_COMP_PF_CLK_DIV_FIFO_PF_CLK_DIV_DELAY.v'.
Reading file 'C:\Users\c79828\Documents\HLS_Work\fpga-hls-libraries\vision\demo_designs\PF_Video_kit\libero\vision_pipeline\component\work\CORERXIODBITALIGN_C3\CORERXIODBITALIGN_C3_0\rtl\vlog\test\user\RXIOD_COMP_PF_CLK_DIV_RXCLK_PF_CLK_DIV_DELAY.v'.
Reading file 'C:\Users\c79828\Documents\HLS_Work\fpga-hls-libraries\vision\demo_designs\PF_Video_kit\libero\vision_pipeline\component\work\CORERXIODBITALIGN_C3\CORERXIODBITALIGN_C3_0\rtl\vlog\test\user\RXIOD_COMP_PF_IOD_CLK_TRAINING_PF_IOD.v'.
Reading file 'C:\Users\c79828\Documents\HLS_Work\fpga-hls-libraries\vision\demo_designs\PF_Video_kit\libero\vision_pipeline\component\work\CORERXIODBITALIGN_C3\CORERXIODBITALIGN_C3_0\rtl\vlog\test\user\RXIOD_COMP_PF_IOD_RX_PF_IOD.v'.
Reading file 'C:\Users\c79828\Documents\HLS_Work\fpga-hls-libraries\vision\demo_designs\PF_Video_kit\libero\vision_pipeline\component\work\CORERXIODBITALIGN_C3\CORERXIODBITALIGN_C3_0\rtl\vlog\test\user\PF_LANECTRL_PAUSE_SYNC.v'.
Reading file 'C:\Users\c79828\Documents\HLS_Work\fpga-hls-libraries\vision\demo_designs\PF_Video_kit\libero\vision_pipeline\component\work\CORERXIODBITALIGN_C3\CORERXIODBITALIGN_C3_0\rtl\vlog\test\user\RXIOD_COMP_PF_LANECTRL_0_PF_LANECTRL.v'.
Reading file 'C:\Users\c79828\Documents\HLS_Work\fpga-hls-libraries\vision\demo_designs\PF_Video_kit\libero\vision_pipeline\component\work\CORERXIODBITALIGN_C3\CORERXIODBITALIGN_C3_0\rtl\vlog\test\user\PLL_BclkSclkAlign.v'.
Reading file 'C:\Users\c79828\Documents\HLS_Work\fpga-hls-libraries\vision\demo_designs\PF_Video_kit\libero\vision_pipeline\component\work\CORERXIODBITALIGN_C3\CORERXIODBITALIGN_C3_0\rtl\vlog\test\user\ICB_BclkSclkAlign.v'.
Reading file 'C:\Users\c79828\Documents\HLS_Work\fpga-hls-libraries\vision\demo_designs\PF_Video_kit\libero\vision_pipeline\component\work\CORERXIODBITALIGN_C3\CORERXIODBITALIGN_C3_0\rtl\vlog\test\user\CoreBclkSclkAlign.v'.
Reading file 'C:\Users\c79828\Documents\HLS_Work\fpga-hls-libraries\vision\demo_designs\PF_Video_kit\libero\vision_pipeline\component\work\CORERXIODBITALIGN_C3\CORERXIODBITALIGN_C3_0\rtl\vlog\test\user\RXIOD_COMP_TR.v'.
Reading file 'C:\Users\c79828\Documents\HLS_Work\fpga-hls-libraries\vision\demo_designs\PF_Video_kit\libero\vision_pipeline\component\work\CORERXIODBITALIGN_C3\CORERXIODBITALIGN_C3_0\rtl\vlog\test\user\RXIOD_COMP.v'.
Reading file 'C:\Users\c79828\Documents\HLS_Work\fpga-hls-libraries\vision\demo_designs\PF_Video_kit\libero\vision_pipeline\component\work\CORERXIODBITALIGN_C3\CORERXIODBITALIGN_C3_0\rtl\vlog\test\user\PF_LANECTRL_PAUSE_SYNC1.v'.
Reading file 'C:\Users\c79828\Documents\HLS_Work\fpga-hls-libraries\vision\demo_designs\PF_Video_kit\libero\vision_pipeline\component\work\CORERXIODBITALIGN_C3\CORERXIODBITALIGN_C3_0\rtl\vlog\test\user\TXIOD_COMP_LANECTRL_ADDR_CMD_0_PF_LANECTRL.v'.
Reading file 'C:\Users\c79828\Documents\HLS_Work\fpga-hls-libraries\vision\demo_designs\PF_Video_kit\libero\vision_pipeline\component\work\CORERXIODBITALIGN_C3\CORERXIODBITALIGN_C3_0\rtl\vlog\test\user\TXIOD_COMP_PF_IOD_TX_CLK_PF_IOD.v'.
Reading file 'C:\Users\c79828\Documents\HLS_Work\fpga-hls-libraries\vision\demo_designs\PF_Video_kit\libero\vision_pipeline\component\work\CORERXIODBITALIGN_C3\CORERXIODBITALIGN_C3_0\rtl\vlog\test\user\TXIOD_COMP_PF_IOD_TX_PF_IOD.v'.
Reading file 'C:\Users\c79828\Documents\HLS_Work\fpga-hls-libraries\vision\demo_designs\PF_Video_kit\libero\vision_pipeline\component\work\CORERXIODBITALIGN_C3\CORERXIODBITALIGN_C3_0\rtl\vlog\test\user\TXIOD_COMP.v'.
Reading file 'C:\Users\c79828\Documents\HLS_Work\fpga-hls-libraries\vision\demo_designs\PF_Video_kit\libero\vision_pipeline\component\work\CORERXIODBITALIGN_C3\CORERXIODBITALIGN_C3_0\rtl\vlog\test\user\CoreRxIODBitAlign_SD_wrap.v'.
Reading file 'C:\Users\c79828\Documents\HLS_Work\fpga-hls-libraries\vision\demo_designs\PF_Video_kit\libero\vision_pipeline\component\work\CORERXIODBITALIGN_C3\CORERXIODBITALIGN_C3_0\rtl\vlog\test\user\testbench.v'.
Reading file 'C:\Users\c79828\Documents\HLS_Work\fpga-hls-libraries\vision\demo_designs\PF_Video_kit\libero\vision_pipeline\component\work\HDMI_TX_C0\HDMI_TX_C0.vhd'.
Reading file 'C:\Users\c79828\Documents\HLS_Work\fpga-hls-libraries\vision\demo_designs\PF_Video_kit\libero\vision_pipeline\component\Microsemi\SolutionCore\HDMI_TX\1.0.2\HDL\HDMI_TX.vhd'.
Reading file 'C:\Users\c79828\Documents\HLS_Work\fpga-hls-libraries\vision\demo_designs\PF_Video_kit\libero\vision_pipeline\component\Microsemi\SolutionCore\HDMI_TX\1.0.2\HDL\tmds_encoder.vhd'.
Reading file 'C:\Users\c79828\Documents\HLS_Work\fpga-hls-libraries\vision\demo_designs\PF_Video_kit\libero\vision_pipeline\component\Microsemi\SolutionCore\HDMI_TX\1.0.2\stimulus\HDMI_TX_TB.vhd'.
Reading file 'C:\Users\c79828\Documents\HLS_Work\fpga-hls-libraries\vision\demo_designs\PF_Video_kit\libero\vision_pipeline\component\work\mipicsi2rxdecoderPF_C0\mipicsi2rxdecoderPF_C0.v'.
Reading file 'C:\Users\c79828\Documents\HLS_Work\fpga-hls-libraries\vision\demo_designs\PF_Video_kit\libero\vision_pipeline\component\Microsemi\SolutionCore\mipicsi2rxdecoderPF\2.2.5\RTL\byte2pixel_conversion.v'.
Reading file 'C:\Users\c79828\Documents\HLS_Work\fpga-hls-libraries\vision\demo_designs\PF_Video_kit\libero\vision_pipeline\component\Microsemi\SolutionCore\mipicsi2rxdecoderPF\2.2.5\RTL\cdcfifo.v'.
Reading file 'C:\Users\c79828\Documents\HLS_Work\fpga-hls-libraries\vision\demo_designs\PF_Video_kit\libero\vision_pipeline\component\Microsemi\SolutionCore\mipicsi2rxdecoderPF\2.2.5\RTL\cdcfiforam.v'.
Reading file 'C:\Users\c79828\Documents\HLS_Work\fpga-hls-libraries\vision\demo_designs\PF_Video_kit\libero\vision_pipeline\component\Microsemi\SolutionCore\mipicsi2rxdecoderPF\2.2.5\RTL\embsync_detect.v'.
Reading file 'C:\Users\c79828\Documents\HLS_Work\fpga-hls-libraries\vision\demo_designs\PF_Video_kit\libero\vision_pipeline\component\Microsemi\SolutionCore\mipicsi2rxdecoderPF\2.2.5\RTL\mipicsi2rxdecoderPF.v'.
Reading file 'C:\Users\c79828\Documents\HLS_Work\fpga-hls-libraries\vision\demo_designs\PF_Video_kit\libero\vision_pipeline\component\Microsemi\SolutionCore\mipicsi2rxdecoderPF\2.2.5\RTL\mipi_csi2_rxdecoder.v'.
Reading file 'C:\Users\c79828\Documents\HLS_Work\fpga-hls-libraries\vision\demo_designs\PF_Video_kit\libero\vision_pipeline\component\work\PF_CCC_C2\PF_CCC_C2.v'.
Reading file 'C:\Users\c79828\Documents\HLS_Work\fpga-hls-libraries\vision\demo_designs\PF_Video_kit\libero\vision_pipeline\component\work\PF_CCC_C2\PF_CCC_C2_0\PF_CCC_C2_PF_CCC_C2_0_PF_CCC.v'.
Reading file 'C:\Users\c79828\Documents\HLS_Work\fpga-hls-libraries\vision\demo_designs\PF_Video_kit\libero\vision_pipeline\component\work\PF_IOD_GENERIC_RX_C0\PF_IOD_GENERIC_RX_C0.v'.
Reading file 'C:\Users\c79828\Documents\HLS_Work\fpga-hls-libraries\vision\demo_designs\PF_Video_kit\libero\vision_pipeline\component\work\PF_IOD_GENERIC_RX_C0\PF_CLK_DIV_FIFO\PF_IOD_GENERIC_RX_C0_PF_CLK_DIV_FIFO_PF_CLK_DIV_DELAY.v'.
Reading file 'C:\Users\c79828\Documents\HLS_Work\fpga-hls-libraries\vision\demo_designs\PF_Video_kit\libero\vision_pipeline\component\work\PF_IOD_GENERIC_RX_C0\PF_CLK_DIV_RXCLK\PF_IOD_GENERIC_RX_C0_PF_CLK_DIV_RXCLK_PF_CLK_DIV_DELAY.v'.
Reading file 'C:\Users\c79828\Documents\HLS_Work\fpga-hls-libraries\vision\demo_designs\PF_Video_kit\libero\vision_pipeline\component\work\PF_IOD_GENERIC_RX_C0\PF_IOD_CLK_TRAINING\PF_IOD_GENERIC_RX_C0_PF_IOD_CLK_TRAINING_PF_IOD.v'.
Reading file 'C:\Users\c79828\Documents\HLS_Work\fpga-hls-libraries\vision\demo_designs\PF_Video_kit\libero\vision_pipeline\component\work\PF_IOD_GENERIC_RX_C0\PF_IOD_RX\PF_IOD_GENERIC_RX_C0_PF_IOD_RX_PF_IOD.v'.
Reading file 'C:\Users\c79828\Documents\HLS_Work\fpga-hls-libraries\vision\demo_designs\PF_Video_kit\libero\vision_pipeline\component\work\PF_IOD_GENERIC_RX_C0\PF_LANECTRL_0\PF_IOD_GENERIC_RX_C0_PF_LANECTRL_0_PF_LANECTRL.v'.
Reading file 'C:\Users\c79828\Documents\HLS_Work\fpga-hls-libraries\vision\demo_designs\PF_Video_kit\libero\vision_pipeline\component\work\PF_IOD_GENERIC_RX_C0\PF_LANECTRL_0\PF_LANECTRL_PAUSE_SYNC.v'.
Reading file 'C:\Users\c79828\Documents\HLS_Work\fpga-hls-libraries\vision\demo_designs\PF_Video_kit\libero\vision_pipeline\component\work\PF_IOD_GENERIC_RX_C0_TR\PF_IOD_GENERIC_RX_C0_TR.v'.
Reading file 'C:\Users\c79828\Documents\HLS_Work\fpga-hls-libraries\vision\demo_designs\PF_Video_kit\libero\vision_pipeline\component\Actel\DirectCore\COREBCLKSCLKALIGN\3.0.100\rtl\vlog\core\PLL_BclkSclkAlign.v'.
Reading file 'C:\Users\c79828\Documents\HLS_Work\fpga-hls-libraries\vision\demo_designs\PF_Video_kit\libero\vision_pipeline\component\Actel\DirectCore\COREBCLKSCLKALIGN\3.0.100\rtl\vlog\core\ICB_BclkSclkAlign.v'.
Reading file 'C:\Users\c79828\Documents\HLS_Work\fpga-hls-libraries\vision\demo_designs\PF_Video_kit\libero\vision_pipeline\component\Actel\DirectCore\COREBCLKSCLKALIGN\3.0.100\rtl\vlog\test\user\CoreBclkSclkAlign.v'.
Reading file 'C:\Users\c79828\Documents\HLS_Work\fpga-hls-libraries\vision\demo_designs\PF_Video_kit\libero\vision_pipeline\component\Actel\DirectCore\COREBCLKSCLKALIGN\3.0.100\rtl\vlog\test\user\ICB_BclkSclkAlign.v'.
Reading file 'C:\Users\c79828\Documents\HLS_Work\fpga-hls-libraries\vision\demo_designs\PF_Video_kit\libero\vision_pipeline\component\Actel\DirectCore\COREBCLKSCLKALIGN\3.0.100\rtl\vlog\test\user\PF_CCC_C0.v'.
Reading file 'C:\Users\c79828\Documents\HLS_Work\fpga-hls-libraries\vision\demo_designs\PF_Video_kit\libero\vision_pipeline\component\Actel\DirectCore\COREBCLKSCLKALIGN\3.0.100\rtl\vlog\test\user\PF_CCC_C0_PF_CCC_C0_0_PF_CCC.v'.
Reading file 'C:\Users\c79828\Documents\HLS_Work\fpga-hls-libraries\vision\demo_designs\PF_Video_kit\libero\vision_pipeline\component\Actel\DirectCore\COREBCLKSCLKALIGN\3.0.100\rtl\vlog\test\user\PF_DRI_C0.v'.
Reading file 'C:\Users\c79828\Documents\HLS_Work\fpga-hls-libraries\vision\demo_designs\PF_Video_kit\libero\vision_pipeline\component\Actel\DirectCore\COREBCLKSCLKALIGN\3.0.100\rtl\vlog\test\user\PF_DRI_C0_PF_DRI_C0_0_PF_DRI.v'.
Reading file 'C:\Users\c79828\Documents\HLS_Work\fpga-hls-libraries\vision\demo_designs\PF_Video_kit\libero\vision_pipeline\component\Actel\DirectCore\COREBCLKSCLKALIGN\3.0.100\rtl\vlog\test\user\PF_IOD_GENERIC_RX_C1.v'.
Reading file 'C:\Users\c79828\Documents\HLS_Work\fpga-hls-libraries\vision\demo_designs\PF_Video_kit\libero\vision_pipeline\component\Actel\DirectCore\COREBCLKSCLKALIGN\3.0.100\rtl\vlog\test\user\PF_IOD_GENERIC_RX_C1_PF_CLK_DIV_FIFO_PF_CLK_DIV_DELAY.v'.
Reading file 'C:\Users\c79828\Documents\HLS_Work\fpga-hls-libraries\vision\demo_designs\PF_Video_kit\libero\vision_pipeline\component\Actel\DirectCore\COREBCLKSCLKALIGN\3.0.100\rtl\vlog\test\user\PF_IOD_GENERIC_RX_C1_PF_CLK_DIV_RXCLK_PF_CLK_DIV_DELAY.v'.
Reading file 'C:\Users\c79828\Documents\HLS_Work\fpga-hls-libraries\vision\demo_designs\PF_Video_kit\libero\vision_pipeline\component\Actel\DirectCore\COREBCLKSCLKALIGN\3.0.100\rtl\vlog\test\user\PF_IOD_GENERIC_RX_C1_PF_IOD_CLK_TRAINING_PF_IOD.v'.
Reading file 'C:\Users\c79828\Documents\HLS_Work\fpga-hls-libraries\vision\demo_designs\PF_Video_kit\libero\vision_pipeline\component\Actel\DirectCore\COREBCLKSCLKALIGN\3.0.100\rtl\vlog\test\user\PF_IOD_GENERIC_RX_C1_PF_IOD_RX_PF_IOD.v'.
Reading file 'C:\Users\c79828\Documents\HLS_Work\fpga-hls-libraries\vision\demo_designs\PF_Video_kit\libero\vision_pipeline\component\Actel\DirectCore\COREBCLKSCLKALIGN\3.0.100\rtl\vlog\test\user\PF_IOD_GENERIC_RX_C1_PF_LANECTRL_0_PF_LANECTRL.v'.
Reading file 'C:\Users\c79828\Documents\HLS_Work\fpga-hls-libraries\vision\demo_designs\PF_Video_kit\libero\vision_pipeline\component\Actel\DirectCore\COREBCLKSCLKALIGN\3.0.100\rtl\vlog\test\user\PF_IOD_GENERIC_TX_C0.v'.
Reading file 'C:\Users\c79828\Documents\HLS_Work\fpga-hls-libraries\vision\demo_designs\PF_Video_kit\libero\vision_pipeline\component\Actel\DirectCore\COREBCLKSCLKALIGN\3.0.100\rtl\vlog\test\user\PF_IOD_GENERIC_TX_C0_LANECTRL_ADDR_CMD_0_PF_LANECTRL.v'.
Reading file 'C:\Users\c79828\Documents\HLS_Work\fpga-hls-libraries\vision\demo_designs\PF_Video_kit\libero\vision_pipeline\component\Actel\DirectCore\COREBCLKSCLKALIGN\3.0.100\rtl\vlog\test\user\PF_IOD_GENERIC_TX_C0_PF_IOD_CLK_TRAINING_PF_IOD.v'.
Reading file 'C:\Users\c79828\Documents\HLS_Work\fpga-hls-libraries\vision\demo_designs\PF_Video_kit\libero\vision_pipeline\component\Actel\DirectCore\COREBCLKSCLKALIGN\3.0.100\rtl\vlog\test\user\PF_IOD_GENERIC_TX_C0_PF_IOD_TX_CLK_PF_IOD.v'.
Reading file 'C:\Users\c79828\Documents\HLS_Work\fpga-hls-libraries\vision\demo_designs\PF_Video_kit\libero\vision_pipeline\component\Actel\DirectCore\COREBCLKSCLKALIGN\3.0.100\rtl\vlog\test\user\PF_IOD_GENERIC_TX_C0_PF_IOD_TX_PF_IOD.v'.
Reading file 'C:\Users\c79828\Documents\HLS_Work\fpga-hls-libraries\vision\demo_designs\PF_Video_kit\libero\vision_pipeline\component\Actel\DirectCore\COREBCLKSCLKALIGN\3.0.100\rtl\vlog\test\user\PF_LANECTRL_PAUSE_SYNC.v'.
Reading file 'C:\Users\c79828\Documents\HLS_Work\fpga-hls-libraries\vision\demo_designs\PF_Video_kit\libero\vision_pipeline\component\Actel\DirectCore\COREBCLKSCLKALIGN\3.0.100\rtl\vlog\test\user\PF_LANECTRL_PAUSE_SYNC_2.v'.
Reading file 'C:\Users\c79828\Documents\HLS_Work\fpga-hls-libraries\vision\demo_designs\PF_Video_kit\libero\vision_pipeline\component\Actel\DirectCore\COREBCLKSCLKALIGN\3.0.100\rtl\vlog\test\user\PLL_BclkSclkAlign.v'.
Reading file 'C:\Users\c79828\Documents\HLS_Work\fpga-hls-libraries\vision\demo_designs\PF_Video_kit\libero\vision_pipeline\component\work\PF_IOD_GENERIC_RX_C0_TR\PF_IOD_GENERIC_RX_C0_TR_0\rtl\vlog\core\CoreBclkSclkAlign.v'.
Reading file 'C:\Users\c79828\Documents\HLS_Work\fpga-hls-libraries\vision\demo_designs\PF_Video_kit\libero\vision_pipeline\component\work\PF_IOD_GENERIC_RX_C0_TR\PF_IOD_GENERIC_RX_C0_TR_0\rtl\vlog\test\user\BclkSclk_PLL_TX2_1200mbps_SD_wrap.v'.
Reading file 'C:\Users\c79828\Documents\HLS_Work\fpga-hls-libraries\vision\demo_designs\PF_Video_kit\libero\vision_pipeline\component\work\PF_IOD_GENERIC_RX_C0_TR\PF_IOD_GENERIC_RX_C0_TR_0\rtl\vlog\test\user\BclkSclk_PLL_TX2_1200mbps_TB.v'.
Reading file 'C:\Users\c79828\Documents\HLS_Work\fpga-hls-libraries\vision\demo_designs\PF_Video_kit\libero\vision_pipeline\component\Actel\DirectCore\COREBCLKSCLKALIGN\3.0.100\rtl\vlog\test\user\CoreBclkSclkAlign.v'.
Reading file 'C:\Users\c79828\Documents\HLS_Work\fpga-hls-libraries\vision\demo_designs\PF_Video_kit\libero\vision_pipeline\component\Actel\DirectCore\COREBCLKSCLKALIGN\3.0.100\rtl\vlog\test\user\ICB_BclkSclkAlign.v'.
Reading file 'C:\Users\c79828\Documents\HLS_Work\fpga-hls-libraries\vision\demo_designs\PF_Video_kit\libero\vision_pipeline\component\Actel\DirectCore\COREBCLKSCLKALIGN\3.0.100\rtl\vlog\test\user\PF_CCC_C0.v'.
Reading file 'C:\Users\c79828\Documents\HLS_Work\fpga-hls-libraries\vision\demo_designs\PF_Video_kit\libero\vision_pipeline\component\Actel\DirectCore\COREBCLKSCLKALIGN\3.0.100\rtl\vlog\test\user\PF_CCC_C0_PF_CCC_C0_0_PF_CCC.v'.
Reading file 'C:\Users\c79828\Documents\HLS_Work\fpga-hls-libraries\vision\demo_designs\PF_Video_kit\libero\vision_pipeline\component\Actel\DirectCore\COREBCLKSCLKALIGN\3.0.100\rtl\vlog\test\user\PF_DRI_C0.v'.
Reading file 'C:\Users\c79828\Documents\HLS_Work\fpga-hls-libraries\vision\demo_designs\PF_Video_kit\libero\vision_pipeline\component\Actel\DirectCore\COREBCLKSCLKALIGN\3.0.100\rtl\vlog\test\user\PF_DRI_C0_PF_DRI_C0_0_PF_DRI.v'.
Reading file 'C:\Users\c79828\Documents\HLS_Work\fpga-hls-libraries\vision\demo_designs\PF_Video_kit\libero\vision_pipeline\component\Actel\DirectCore\COREBCLKSCLKALIGN\3.0.100\rtl\vlog\test\user\PF_IOD_GENERIC_RX_C1.v'.
Reading file 'C:\Users\c79828\Documents\HLS_Work\fpga-hls-libraries\vision\demo_designs\PF_Video_kit\libero\vision_pipeline\component\Actel\DirectCore\COREBCLKSCLKALIGN\3.0.100\rtl\vlog\test\user\PF_IOD_GENERIC_RX_C1_PF_CLK_DIV_FIFO_PF_CLK_DIV_DELAY.v'.
Reading file 'C:\Users\c79828\Documents\HLS_Work\fpga-hls-libraries\vision\demo_designs\PF_Video_kit\libero\vision_pipeline\component\Actel\DirectCore\COREBCLKSCLKALIGN\3.0.100\rtl\vlog\test\user\PF_IOD_GENERIC_RX_C1_PF_CLK_DIV_RXCLK_PF_CLK_DIV_DELAY.v'.
Reading file 'C:\Users\c79828\Documents\HLS_Work\fpga-hls-libraries\vision\demo_designs\PF_Video_kit\libero\vision_pipeline\component\Actel\DirectCore\COREBCLKSCLKALIGN\3.0.100\rtl\vlog\test\user\PF_IOD_GENERIC_RX_C1_PF_IOD_CLK_TRAINING_PF_IOD.v'.
Reading file 'C:\Users\c79828\Documents\HLS_Work\fpga-hls-libraries\vision\demo_designs\PF_Video_kit\libero\vision_pipeline\component\Actel\DirectCore\COREBCLKSCLKALIGN\3.0.100\rtl\vlog\test\user\PF_IOD_GENERIC_RX_C1_PF_IOD_RX_PF_IOD.v'.
Reading file 'C:\Users\c79828\Documents\HLS_Work\fpga-hls-libraries\vision\demo_designs\PF_Video_kit\libero\vision_pipeline\component\Actel\DirectCore\COREBCLKSCLKALIGN\3.0.100\rtl\vlog\test\user\PF_IOD_GENERIC_RX_C1_PF_LANECTRL_0_PF_LANECTRL.v'.
Reading file 'C:\Users\c79828\Documents\HLS_Work\fpga-hls-libraries\vision\demo_designs\PF_Video_kit\libero\vision_pipeline\component\Actel\DirectCore\COREBCLKSCLKALIGN\3.0.100\rtl\vlog\test\user\PF_IOD_GENERIC_TX_C0.v'.
Reading file 'C:\Users\c79828\Documents\HLS_Work\fpga-hls-libraries\vision\demo_designs\PF_Video_kit\libero\vision_pipeline\component\Actel\DirectCore\COREBCLKSCLKALIGN\3.0.100\rtl\vlog\test\user\PF_IOD_GENERIC_TX_C0_LANECTRL_ADDR_CMD_0_PF_LANECTRL.v'.
Reading file 'C:\Users\c79828\Documents\HLS_Work\fpga-hls-libraries\vision\demo_designs\PF_Video_kit\libero\vision_pipeline\component\Actel\DirectCore\COREBCLKSCLKALIGN\3.0.100\rtl\vlog\test\user\PF_IOD_GENERIC_TX_C0_PF_IOD_CLK_TRAINING_PF_IOD.v'.
Reading file 'C:\Users\c79828\Documents\HLS_Work\fpga-hls-libraries\vision\demo_designs\PF_Video_kit\libero\vision_pipeline\component\Actel\DirectCore\COREBCLKSCLKALIGN\3.0.100\rtl\vlog\test\user\PF_IOD_GENERIC_TX_C0_PF_IOD_TX_CLK_PF_IOD.v'.
Reading file 'C:\Users\c79828\Documents\HLS_Work\fpga-hls-libraries\vision\demo_designs\PF_Video_kit\libero\vision_pipeline\component\Actel\DirectCore\COREBCLKSCLKALIGN\3.0.100\rtl\vlog\test\user\PF_IOD_GENERIC_TX_C0_PF_IOD_TX_PF_IOD.v'.
Reading file 'C:\Users\c79828\Documents\HLS_Work\fpga-hls-libraries\vision\demo_designs\PF_Video_kit\libero\vision_pipeline\component\Actel\DirectCore\COREBCLKSCLKALIGN\3.0.100\rtl\vlog\test\user\PF_LANECTRL_PAUSE_SYNC.v'.
Reading file 'C:\Users\c79828\Documents\HLS_Work\fpga-hls-libraries\vision\demo_designs\PF_Video_kit\libero\vision_pipeline\component\Actel\DirectCore\COREBCLKSCLKALIGN\3.0.100\rtl\vlog\test\user\PF_LANECTRL_PAUSE_SYNC_2.v'.
Reading file 'C:\Users\c79828\Documents\HLS_Work\fpga-hls-libraries\vision\demo_designs\PF_Video_kit\libero\vision_pipeline\component\Actel\DirectCore\COREBCLKSCLKALIGN\3.0.100\rtl\vlog\test\user\PLL_BclkSclkAlign.v'.
Reading file 'C:\Users\c79828\Documents\HLS_Work\fpga-hls-libraries\vision\demo_designs\PF_Video_kit\libero\vision_pipeline\component\work\PF_IOD_GENERIC_RX_C0_TR\PF_IOD_GENERIC_RX_C0_TR_0\rtl\vlog\test\user\prbscheck_parallel_fab_x2.v'.
Reading file 'C:\Users\c79828\Documents\HLS_Work\fpga-hls-libraries\vision\demo_designs\PF_Video_kit\libero\vision_pipeline\component\work\PF_IOD_GENERIC_RX_C0_TR\PF_IOD_GENERIC_RX_C0_TR_0\rtl\vlog\test\user\prbsgen_parallel_fab_x2.v'.
Reading file 'C:\Users\c79828\Documents\HLS_Work\fpga-hls-libraries\vision\demo_designs\PF_Video_kit\libero\vision_pipeline\component\work\PF_IOD_GENERIC_RX_C0_TR\PF_IOD_GENERIC_RX_C0_TR_0\rtl\vlog\test\user\rev_bits_x2.v'.
Reading file 'C:\Users\c79828\Documents\HLS_Work\fpga-hls-libraries\vision\demo_designs\PF_Video_kit\libero\vision_pipeline\component\work\PF_TX_PLL_C0\PF_TX_PLL_C0.v'.
Reading file 'C:\Users\c79828\Documents\HLS_Work\fpga-hls-libraries\vision\demo_designs\PF_Video_kit\libero\vision_pipeline\component\work\PF_TX_PLL_C0\PF_TX_PLL_C0_0\PF_TX_PLL_C0_PF_TX_PLL_C0_0_PF_TX_PLL.v'.
Reading file 'C:\Users\c79828\Documents\HLS_Work\fpga-hls-libraries\vision\demo_designs\PF_Video_kit\libero\vision_pipeline\component\work\PF_XCVR_ERM_C0\PF_XCVR_ERM_C0.v'.
Reading file 'C:\Users\c79828\Documents\HLS_Work\fpga-hls-libraries\vision\demo_designs\PF_Video_kit\libero\vision_pipeline\component\work\PF_XCVR_ERM_C0\I_XCVR\PF_XCVR_ERM_C0_I_XCVR_PF_XCVR.v'.
Reading file 'C:\Users\c79828\Documents\HLS_Work\fpga-hls-libraries\vision\demo_designs\PF_Video_kit\libero\vision_pipeline\component\work\PF_XCVR_REF_CLK_C0\PF_XCVR_REF_CLK_C0.v'.
Reading file 'C:\Users\c79828\Documents\HLS_Work\fpga-hls-libraries\vision\demo_designs\PF_Video_kit\libero\vision_pipeline\component\work\PF_XCVR_REF_CLK_C0\PF_XCVR_REF_CLK_C0_0\PF_XCVR_REF_CLK_C0_PF_XCVR_REF_CLK_C0_0_PF_XCVR_REF_CLK.v'.
Reading file 'C:\Users\c79828\Documents\HLS_Work\fpga-hls-libraries\vision\demo_designs\PF_Video_kit\libero\vision_pipeline\hdl\axis_to_vga_converter.v'.
Reading file 'C:\Users\c79828\Documents\HLS_Work\fpga-hls-libraries\vision\demo_designs\PF_Video_kit\libero\vision_pipeline\hdl\camera_to_axis_converter.v'.
Reading file 'C:\Users\c79828\Documents\HLS_Work\fpga-hls-libraries\vision\demo_designs\PF_Video_kit\libero\vision_pipeline\hdl\FrameBufferControl.v'.
Reading file 'C:\Users\c79828\Documents\HLS_Work\fpga-hls-libraries\vision\demo_designs\PF_Video_kit\libero\vision_pipeline\hdl\VGA_Controller_SHLS.vhd'.
Reading file 'C:\Users\c79828\Documents\HLS_Work\fpga-hls-libraries\vision\demo_designs\PF_Video_kit\hls\hls_output\rtl\hls_DDR_Write_wrapper.v'.
Reading file 'C:\Users\c79828\Documents\HLS_Work\fpga-hls-libraries\vision\demo_designs\PF_Video_kit\libero\vision_pipeline\component\work\CAM_IOD_TIP_TOP\CAM_IOD_TIP_TOP.v'.
Reading file 'C:\Users\c79828\Documents\HLS_Work\fpga-hls-libraries\vision\demo_designs\PF_Video_kit\libero\vision_pipeline\component\work\HDMI_2p0\HDMI_2p0.v'.
Reading file 'C:\Users\c79828\Documents\HLS_Work\fpga-hls-libraries\vision\demo_designs\PF_Video_kit\libero\vision_pipeline\component\work\IMX334_IF_TOP\IMX334_IF_TOP.v'.
configure_tool -name {SYNTHESIZE}  -params {SYNPLIFY_OPTIONS:set_option -hdl_define -set MEM_INIT_DIR="C:/Users/c79828/Documents/HLS_Work/fpga-hls-libraries/vision/demo_designs/PF_Video_kit/hls/hls_output/rtl/mem_init/"}

Info: Core has been created successfully from 'DDR_Write_wrapper_top' HDL module.
Info:  <a href="liberoaction://open_online_help/70004">Read more</a> on how to create a core from your HDL module.
Info:  This feature enables you to add bus interfaces to your HDL module and configure any generics/parameters in your HDL module.

Reading file 'C:\Users\c79828\Documents\HLS_Work\fpga-hls-libraries\vision\demo_designs\PF_Video_kit\libero\vision_pipeline\component\work\CORERESET_PF_C1\CORERESET_PF_C1.v'.
Reading file 'C:\Users\c79828\Documents\HLS_Work\fpga-hls-libraries\vision\demo_designs\PF_Video_kit\libero\vision_pipeline\component\work\CORERESET_PF_C1\CORERESET_PF_C1_0\core\corereset_pf.v'.
Reading file 'C:\Users\c79828\Documents\HLS_Work\fpga-hls-libraries\vision\demo_designs\PF_Video_kit\libero\vision_pipeline\component\work\CORERESET_PF_C1\CORERESET_PF_C1_0\test\corereset_pf_tb.v'.
Reading file 'C:\Users\c79828\Documents\HLS_Work\fpga-hls-libraries\vision\demo_designs\PF_Video_kit\libero\vision_pipeline\component\work\CORERESET_PF_C2\CORERESET_PF_C2.v'.
Reading file 'C:\Users\c79828\Documents\HLS_Work\fpga-hls-libraries\vision\demo_designs\PF_Video_kit\libero\vision_pipeline\component\work\CORERESET_PF_C2\CORERESET_PF_C2_0\core\corereset_pf.v'.
Reading file 'C:\Users\c79828\Documents\HLS_Work\fpga-hls-libraries\vision\demo_designs\PF_Video_kit\libero\vision_pipeline\component\work\CORERESET_PF_C2\CORERESET_PF_C2_0\test\corereset_pf_tb.v'.
Reading file 'C:\Users\c79828\Documents\HLS_Work\fpga-hls-libraries\vision\demo_designs\PF_Video_kit\libero\vision_pipeline\component\work\CORERESET_PF_C3\CORERESET_PF_C3.v'.
Reading file 'C:\Users\c79828\Documents\HLS_Work\fpga-hls-libraries\vision\demo_designs\PF_Video_kit\libero\vision_pipeline\component\work\CORERESET_PF_C3\CORERESET_PF_C3_0\core\corereset_pf.v'.
Reading file 'C:\Users\c79828\Documents\HLS_Work\fpga-hls-libraries\vision\demo_designs\PF_Video_kit\libero\vision_pipeline\component\work\CORERESET_PF_C3\CORERESET_PF_C3_0\test\corereset_pf_tb.v'.
Reading file 'C:\Users\c79828\Documents\HLS_Work\fpga-hls-libraries\vision\demo_designs\PF_Video_kit\libero\vision_pipeline\component\work\CORERXIODBITALIGN_C0\CORERXIODBITALIGN_C0.v'.
Reading file 'C:\Users\c79828\Documents\HLS_Work\fpga-hls-libraries\vision\demo_designs\PF_Video_kit\libero\vision_pipeline\component\work\CORERXIODBITALIGN_C0\CORERXIODBITALIGN_C0_0\rtl\vlog\core\CoreRxIODBitAlign.v'.
Reading file 'C:\Users\c79828\Documents\HLS_Work\fpga-hls-libraries\vision\demo_designs\PF_Video_kit\libero\vision_pipeline\component\work\CORERXIODBITALIGN_C0\CORERXIODBITALIGN_C0_0\rtl\vlog\core\CoreRxIODBitAlign_top.v'.
Reading file 'C:\Users\c79828\Documents\HLS_Work\fpga-hls-libraries\vision\demo_designs\PF_Video_kit\libero\vision_pipeline\component\work\CORERXIODBITALIGN_C0\CORERXIODBITALIGN_C0_0\rtl\vlog\test\user\prbscheck_parallel_fab_x4.v'.
Reading file 'C:\Users\c79828\Documents\HLS_Work\fpga-hls-libraries\vision\demo_designs\PF_Video_kit\libero\vision_pipeline\component\work\CORERXIODBITALIGN_C0\CORERXIODBITALIGN_C0_0\rtl\vlog\test\user\prbsgen_parallel_fab_x4.v'.
Reading file 'C:\Users\c79828\Documents\HLS_Work\fpga-hls-libraries\vision\demo_designs\PF_Video_kit\libero\vision_pipeline\component\work\CORERXIODBITALIGN_C0\CORERXIODBITALIGN_C0_0\rtl\vlog\test\user\rev_bits_x4.v'.
Reading file 'C:\Users\c79828\Documents\HLS_Work\fpga-hls-libraries\vision\demo_designs\PF_Video_kit\libero\vision_pipeline\component\work\CORERXIODBITALIGN_C0\CORERXIODBITALIGN_C0_0\rtl\vlog\test\user\CCC_COMP_CCC_COMP_0_PF_CCC.v'.
Reading file 'C:\Users\c79828\Documents\HLS_Work\fpga-hls-libraries\vision\demo_designs\PF_Video_kit\libero\vision_pipeline\component\work\CORERXIODBITALIGN_C0\CORERXIODBITALIGN_C0_0\rtl\vlog\test\user\CCC_COMP.v'.
Reading file 'C:\Users\c79828\Documents\HLS_Work\fpga-hls-libraries\vision\demo_designs\PF_Video_kit\libero\vision_pipeline\component\work\CORERXIODBITALIGN_C0\CORERXIODBITALIGN_C0_0\rtl\vlog\test\user\CORERXIODBITALIGN_C0.v'.
Reading file 'C:\Users\c79828\Documents\HLS_Work\fpga-hls-libraries\vision\demo_designs\PF_Video_kit\libero\vision_pipeline\component\work\CORERXIODBITALIGN_C0\CORERXIODBITALIGN_C0_0\rtl\vlog\test\user\RXIOD_COMP_PF_CLK_DIV_FIFO_PF_CLK_DIV_DELAY.v'.
Reading file 'C:\Users\c79828\Documents\HLS_Work\fpga-hls-libraries\vision\demo_designs\PF_Video_kit\libero\vision_pipeline\component\work\CORERXIODBITALIGN_C0\CORERXIODBITALIGN_C0_0\rtl\vlog\test\user\RXIOD_COMP_PF_CLK_DIV_RXCLK_PF_CLK_DIV_DELAY.v'.
Reading file 'C:\Users\c79828\Documents\HLS_Work\fpga-hls-libraries\vision\demo_designs\PF_Video_kit\libero\vision_pipeline\component\work\CORERXIODBITALIGN_C0\CORERXIODBITALIGN_C0_0\rtl\vlog\test\user\RXIOD_COMP_PF_IOD_CLK_TRAINING_PF_IOD.v'.
Reading file 'C:\Users\c79828\Documents\HLS_Work\fpga-hls-libraries\vision\demo_designs\PF_Video_kit\libero\vision_pipeline\component\work\CORERXIODBITALIGN_C0\CORERXIODBITALIGN_C0_0\rtl\vlog\test\user\RXIOD_COMP_PF_IOD_RX_PF_IOD.v'.
Reading file 'C:\Users\c79828\Documents\HLS_Work\fpga-hls-libraries\vision\demo_designs\PF_Video_kit\libero\vision_pipeline\component\work\CORERXIODBITALIGN_C0\CORERXIODBITALIGN_C0_0\rtl\vlog\test\user\PF_LANECTRL_PAUSE_SYNC.v'.
Reading file 'C:\Users\c79828\Documents\HLS_Work\fpga-hls-libraries\vision\demo_designs\PF_Video_kit\libero\vision_pipeline\component\work\CORERXIODBITALIGN_C0\CORERXIODBITALIGN_C0_0\rtl\vlog\test\user\RXIOD_COMP_PF_LANECTRL_0_PF_LANECTRL.v'.
Reading file 'C:\Users\c79828\Documents\HLS_Work\fpga-hls-libraries\vision\demo_designs\PF_Video_kit\libero\vision_pipeline\component\work\CORERXIODBITALIGN_C0\CORERXIODBITALIGN_C0_0\rtl\vlog\test\user\PLL_BclkSclkAlign.v'.
Reading file 'C:\Users\c79828\Documents\HLS_Work\fpga-hls-libraries\vision\demo_designs\PF_Video_kit\libero\vision_pipeline\component\work\CORERXIODBITALIGN_C0\CORERXIODBITALIGN_C0_0\rtl\vlog\test\user\ICB_BclkSclkAlign.v'.
Reading file 'C:\Users\c79828\Documents\HLS_Work\fpga-hls-libraries\vision\demo_designs\PF_Video_kit\libero\vision_pipeline\component\work\CORERXIODBITALIGN_C0\CORERXIODBITALIGN_C0_0\rtl\vlog\test\user\CoreBclkSclkAlign.v'.
Reading file 'C:\Users\c79828\Documents\HLS_Work\fpga-hls-libraries\vision\demo_designs\PF_Video_kit\libero\vision_pipeline\component\work\CORERXIODBITALIGN_C0\CORERXIODBITALIGN_C0_0\rtl\vlog\test\user\RXIOD_COMP_TR.v'.
Reading file 'C:\Users\c79828\Documents\HLS_Work\fpga-hls-libraries\vision\demo_designs\PF_Video_kit\libero\vision_pipeline\component\work\CORERXIODBITALIGN_C0\CORERXIODBITALIGN_C0_0\rtl\vlog\test\user\RXIOD_COMP.v'.
Reading file 'C:\Users\c79828\Documents\HLS_Work\fpga-hls-libraries\vision\demo_designs\PF_Video_kit\libero\vision_pipeline\component\work\CORERXIODBITALIGN_C0\CORERXIODBITALIGN_C0_0\rtl\vlog\test\user\PF_LANECTRL_PAUSE_SYNC1.v'.
Reading file 'C:\Users\c79828\Documents\HLS_Work\fpga-hls-libraries\vision\demo_designs\PF_Video_kit\libero\vision_pipeline\component\work\CORERXIODBITALIGN_C0\CORERXIODBITALIGN_C0_0\rtl\vlog\test\user\TXIOD_COMP_LANECTRL_ADDR_CMD_0_PF_LANECTRL.v'.
Reading file 'C:\Users\c79828\Documents\HLS_Work\fpga-hls-libraries\vision\demo_designs\PF_Video_kit\libero\vision_pipeline\component\work\CORERXIODBITALIGN_C0\CORERXIODBITALIGN_C0_0\rtl\vlog\test\user\TXIOD_COMP_PF_IOD_TX_CLK_PF_IOD.v'.
Reading file 'C:\Users\c79828\Documents\HLS_Work\fpga-hls-libraries\vision\demo_designs\PF_Video_kit\libero\vision_pipeline\component\work\CORERXIODBITALIGN_C0\CORERXIODBITALIGN_C0_0\rtl\vlog\test\user\TXIOD_COMP_PF_IOD_TX_PF_IOD.v'.
Reading file 'C:\Users\c79828\Documents\HLS_Work\fpga-hls-libraries\vision\demo_designs\PF_Video_kit\libero\vision_pipeline\component\work\CORERXIODBITALIGN_C0\CORERXIODBITALIGN_C0_0\rtl\vlog\test\user\TXIOD_COMP.v'.
Reading file 'C:\Users\c79828\Documents\HLS_Work\fpga-hls-libraries\vision\demo_designs\PF_Video_kit\libero\vision_pipeline\component\work\CORERXIODBITALIGN_C0\CORERXIODBITALIGN_C0_0\rtl\vlog\test\user\CoreRxIODBitAlign_SD_wrap.v'.
Reading file 'C:\Users\c79828\Documents\HLS_Work\fpga-hls-libraries\vision\demo_designs\PF_Video_kit\libero\vision_pipeline\component\work\CORERXIODBITALIGN_C0\CORERXIODBITALIGN_C0_0\rtl\vlog\test\user\testbench.v'.
Reading file 'C:\Users\c79828\Documents\HLS_Work\fpga-hls-libraries\vision\demo_designs\PF_Video_kit\libero\vision_pipeline\component\work\CORERXIODBITALIGN_C1\CORERXIODBITALIGN_C1.v'.
Reading file 'C:\Users\c79828\Documents\HLS_Work\fpga-hls-libraries\vision\demo_designs\PF_Video_kit\libero\vision_pipeline\component\work\CORERXIODBITALIGN_C1\CORERXIODBITALIGN_C1_0\rtl\vlog\core\CoreRxIODBitAlign.v'.
Reading file 'C:\Users\c79828\Documents\HLS_Work\fpga-hls-libraries\vision\demo_designs\PF_Video_kit\libero\vision_pipeline\component\work\CORERXIODBITALIGN_C1\CORERXIODBITALIGN_C1_0\rtl\vlog\core\CoreRxIODBitAlign_top.v'.
Reading file 'C:\Users\c79828\Documents\HLS_Work\fpga-hls-libraries\vision\demo_designs\PF_Video_kit\libero\vision_pipeline\component\work\CORERXIODBITALIGN_C1\CORERXIODBITALIGN_C1_0\rtl\vlog\test\user\prbscheck_parallel_fab_x4.v'.
Reading file 'C:\Users\c79828\Documents\HLS_Work\fpga-hls-libraries\vision\demo_designs\PF_Video_kit\libero\vision_pipeline\component\work\CORERXIODBITALIGN_C1\CORERXIODBITALIGN_C1_0\rtl\vlog\test\user\prbsgen_parallel_fab_x4.v'.
Reading file 'C:\Users\c79828\Documents\HLS_Work\fpga-hls-libraries\vision\demo_designs\PF_Video_kit\libero\vision_pipeline\component\work\CORERXIODBITALIGN_C1\CORERXIODBITALIGN_C1_0\rtl\vlog\test\user\rev_bits_x4.v'.
Reading file 'C:\Users\c79828\Documents\HLS_Work\fpga-hls-libraries\vision\demo_designs\PF_Video_kit\libero\vision_pipeline\component\work\CORERXIODBITALIGN_C1\CORERXIODBITALIGN_C1_0\rtl\vlog\test\user\CCC_COMP_CCC_COMP_0_PF_CCC.v'.
Reading file 'C:\Users\c79828\Documents\HLS_Work\fpga-hls-libraries\vision\demo_designs\PF_Video_kit\libero\vision_pipeline\component\work\CORERXIODBITALIGN_C1\CORERXIODBITALIGN_C1_0\rtl\vlog\test\user\CCC_COMP.v'.
Reading file 'C:\Users\c79828\Documents\HLS_Work\fpga-hls-libraries\vision\demo_designs\PF_Video_kit\libero\vision_pipeline\component\work\CORERXIODBITALIGN_C1\CORERXIODBITALIGN_C1_0\rtl\vlog\test\user\CORERXIODBITALIGN_C0.v'.
Reading file 'C:\Users\c79828\Documents\HLS_Work\fpga-hls-libraries\vision\demo_designs\PF_Video_kit\libero\vision_pipeline\component\work\CORERXIODBITALIGN_C1\CORERXIODBITALIGN_C1_0\rtl\vlog\test\user\RXIOD_COMP_PF_CLK_DIV_FIFO_PF_CLK_DIV_DELAY.v'.
Reading file 'C:\Users\c79828\Documents\HLS_Work\fpga-hls-libraries\vision\demo_designs\PF_Video_kit\libero\vision_pipeline\component\work\CORERXIODBITALIGN_C1\CORERXIODBITALIGN_C1_0\rtl\vlog\test\user\RXIOD_COMP_PF_CLK_DIV_RXCLK_PF_CLK_DIV_DELAY.v'.
Reading file 'C:\Users\c79828\Documents\HLS_Work\fpga-hls-libraries\vision\demo_designs\PF_Video_kit\libero\vision_pipeline\component\work\CORERXIODBITALIGN_C1\CORERXIODBITALIGN_C1_0\rtl\vlog\test\user\RXIOD_COMP_PF_IOD_CLK_TRAINING_PF_IOD.v'.
Reading file 'C:\Users\c79828\Documents\HLS_Work\fpga-hls-libraries\vision\demo_designs\PF_Video_kit\libero\vision_pipeline\component\work\CORERXIODBITALIGN_C1\CORERXIODBITALIGN_C1_0\rtl\vlog\test\user\RXIOD_COMP_PF_IOD_RX_PF_IOD.v'.
Reading file 'C:\Users\c79828\Documents\HLS_Work\fpga-hls-libraries\vision\demo_designs\PF_Video_kit\libero\vision_pipeline\component\work\CORERXIODBITALIGN_C1\CORERXIODBITALIGN_C1_0\rtl\vlog\test\user\PF_LANECTRL_PAUSE_SYNC.v'.
Reading file 'C:\Users\c79828\Documents\HLS_Work\fpga-hls-libraries\vision\demo_designs\PF_Video_kit\libero\vision_pipeline\component\work\CORERXIODBITALIGN_C1\CORERXIODBITALIGN_C1_0\rtl\vlog\test\user\RXIOD_COMP_PF_LANECTRL_0_PF_LANECTRL.v'.
Reading file 'C:\Users\c79828\Documents\HLS_Work\fpga-hls-libraries\vision\demo_designs\PF_Video_kit\libero\vision_pipeline\component\work\CORERXIODBITALIGN_C1\CORERXIODBITALIGN_C1_0\rtl\vlog\test\user\PLL_BclkSclkAlign.v'.
Reading file 'C:\Users\c79828\Documents\HLS_Work\fpga-hls-libraries\vision\demo_designs\PF_Video_kit\libero\vision_pipeline\component\work\CORERXIODBITALIGN_C1\CORERXIODBITALIGN_C1_0\rtl\vlog\test\user\ICB_BclkSclkAlign.v'.
Reading file 'C:\Users\c79828\Documents\HLS_Work\fpga-hls-libraries\vision\demo_designs\PF_Video_kit\libero\vision_pipeline\component\work\CORERXIODBITALIGN_C1\CORERXIODBITALIGN_C1_0\rtl\vlog\test\user\CoreBclkSclkAlign.v'.
Reading file 'C:\Users\c79828\Documents\HLS_Work\fpga-hls-libraries\vision\demo_designs\PF_Video_kit\libero\vision_pipeline\component\work\CORERXIODBITALIGN_C1\CORERXIODBITALIGN_C1_0\rtl\vlog\test\user\RXIOD_COMP_TR.v'.
Reading file 'C:\Users\c79828\Documents\HLS_Work\fpga-hls-libraries\vision\demo_designs\PF_Video_kit\libero\vision_pipeline\component\work\CORERXIODBITALIGN_C1\CORERXIODBITALIGN_C1_0\rtl\vlog\test\user\RXIOD_COMP.v'.
Reading file 'C:\Users\c79828\Documents\HLS_Work\fpga-hls-libraries\vision\demo_designs\PF_Video_kit\libero\vision_pipeline\component\work\CORERXIODBITALIGN_C1\CORERXIODBITALIGN_C1_0\rtl\vlog\test\user\PF_LANECTRL_PAUSE_SYNC1.v'.
Reading file 'C:\Users\c79828\Documents\HLS_Work\fpga-hls-libraries\vision\demo_designs\PF_Video_kit\libero\vision_pipeline\component\work\CORERXIODBITALIGN_C1\CORERXIODBITALIGN_C1_0\rtl\vlog\test\user\TXIOD_COMP_LANECTRL_ADDR_CMD_0_PF_LANECTRL.v'.
Reading file 'C:\Users\c79828\Documents\HLS_Work\fpga-hls-libraries\vision\demo_designs\PF_Video_kit\libero\vision_pipeline\component\work\CORERXIODBITALIGN_C1\CORERXIODBITALIGN_C1_0\rtl\vlog\test\user\TXIOD_COMP_PF_IOD_TX_CLK_PF_IOD.v'.
Reading file 'C:\Users\c79828\Documents\HLS_Work\fpga-hls-libraries\vision\demo_designs\PF_Video_kit\libero\vision_pipeline\component\work\CORERXIODBITALIGN_C1\CORERXIODBITALIGN_C1_0\rtl\vlog\test\user\TXIOD_COMP_PF_IOD_TX_PF_IOD.v'.
Reading file 'C:\Users\c79828\Documents\HLS_Work\fpga-hls-libraries\vision\demo_designs\PF_Video_kit\libero\vision_pipeline\component\work\CORERXIODBITALIGN_C1\CORERXIODBITALIGN_C1_0\rtl\vlog\test\user\TXIOD_COMP.v'.
Reading file 'C:\Users\c79828\Documents\HLS_Work\fpga-hls-libraries\vision\demo_designs\PF_Video_kit\libero\vision_pipeline\component\work\CORERXIODBITALIGN_C1\CORERXIODBITALIGN_C1_0\rtl\vlog\test\user\CoreRxIODBitAlign_SD_wrap.v'.
Reading file 'C:\Users\c79828\Documents\HLS_Work\fpga-hls-libraries\vision\demo_designs\PF_Video_kit\libero\vision_pipeline\component\work\CORERXIODBITALIGN_C1\CORERXIODBITALIGN_C1_0\rtl\vlog\test\user\testbench.v'.
Reading file 'C:\Users\c79828\Documents\HLS_Work\fpga-hls-libraries\vision\demo_designs\PF_Video_kit\libero\vision_pipeline\component\work\CORERXIODBITALIGN_C2\CORERXIODBITALIGN_C2.v'.
Reading file 'C:\Users\c79828\Documents\HLS_Work\fpga-hls-libraries\vision\demo_designs\PF_Video_kit\libero\vision_pipeline\component\work\CORERXIODBITALIGN_C2\CORERXIODBITALIGN_C2_0\rtl\vlog\core\CoreRxIODBitAlign.v'.
Reading file 'C:\Users\c79828\Documents\HLS_Work\fpga-hls-libraries\vision\demo_designs\PF_Video_kit\libero\vision_pipeline\component\work\CORERXIODBITALIGN_C2\CORERXIODBITALIGN_C2_0\rtl\vlog\core\CoreRxIODBitAlign_top.v'.
Reading file 'C:\Users\c79828\Documents\HLS_Work\fpga-hls-libraries\vision\demo_designs\PF_Video_kit\libero\vision_pipeline\component\work\CORERXIODBITALIGN_C2\CORERXIODBITALIGN_C2_0\rtl\vlog\test\user\prbscheck_parallel_fab_x4.v'.
Reading file 'C:\Users\c79828\Documents\HLS_Work\fpga-hls-libraries\vision\demo_designs\PF_Video_kit\libero\vision_pipeline\component\work\CORERXIODBITALIGN_C2\CORERXIODBITALIGN_C2_0\rtl\vlog\test\user\prbsgen_parallel_fab_x4.v'.
Reading file 'C:\Users\c79828\Documents\HLS_Work\fpga-hls-libraries\vision\demo_designs\PF_Video_kit\libero\vision_pipeline\component\work\CORERXIODBITALIGN_C2\CORERXIODBITALIGN_C2_0\rtl\vlog\test\user\rev_bits_x4.v'.
Reading file 'C:\Users\c79828\Documents\HLS_Work\fpga-hls-libraries\vision\demo_designs\PF_Video_kit\libero\vision_pipeline\component\work\CORERXIODBITALIGN_C2\CORERXIODBITALIGN_C2_0\rtl\vlog\test\user\CCC_COMP_CCC_COMP_0_PF_CCC.v'.
Reading file 'C:\Users\c79828\Documents\HLS_Work\fpga-hls-libraries\vision\demo_designs\PF_Video_kit\libero\vision_pipeline\component\work\CORERXIODBITALIGN_C2\CORERXIODBITALIGN_C2_0\rtl\vlog\test\user\CCC_COMP.v'.
Reading file 'C:\Users\c79828\Documents\HLS_Work\fpga-hls-libraries\vision\demo_designs\PF_Video_kit\libero\vision_pipeline\component\work\CORERXIODBITALIGN_C2\CORERXIODBITALIGN_C2_0\rtl\vlog\test\user\CORERXIODBITALIGN_C0.v'.
Reading file 'C:\Users\c79828\Documents\HLS_Work\fpga-hls-libraries\vision\demo_designs\PF_Video_kit\libero\vision_pipeline\component\work\CORERXIODBITALIGN_C2\CORERXIODBITALIGN_C2_0\rtl\vlog\test\user\RXIOD_COMP_PF_CLK_DIV_FIFO_PF_CLK_DIV_DELAY.v'.
Reading file 'C:\Users\c79828\Documents\HLS_Work\fpga-hls-libraries\vision\demo_designs\PF_Video_kit\libero\vision_pipeline\component\work\CORERXIODBITALIGN_C2\CORERXIODBITALIGN_C2_0\rtl\vlog\test\user\RXIOD_COMP_PF_CLK_DIV_RXCLK_PF_CLK_DIV_DELAY.v'.
Reading file 'C:\Users\c79828\Documents\HLS_Work\fpga-hls-libraries\vision\demo_designs\PF_Video_kit\libero\vision_pipeline\component\work\CORERXIODBITALIGN_C2\CORERXIODBITALIGN_C2_0\rtl\vlog\test\user\RXIOD_COMP_PF_IOD_CLK_TRAINING_PF_IOD.v'.
Reading file 'C:\Users\c79828\Documents\HLS_Work\fpga-hls-libraries\vision\demo_designs\PF_Video_kit\libero\vision_pipeline\component\work\CORERXIODBITALIGN_C2\CORERXIODBITALIGN_C2_0\rtl\vlog\test\user\RXIOD_COMP_PF_IOD_RX_PF_IOD.v'.
Reading file 'C:\Users\c79828\Documents\HLS_Work\fpga-hls-libraries\vision\demo_designs\PF_Video_kit\libero\vision_pipeline\component\work\CORERXIODBITALIGN_C2\CORERXIODBITALIGN_C2_0\rtl\vlog\test\user\PF_LANECTRL_PAUSE_SYNC.v'.
Reading file 'C:\Users\c79828\Documents\HLS_Work\fpga-hls-libraries\vision\demo_designs\PF_Video_kit\libero\vision_pipeline\component\work\CORERXIODBITALIGN_C2\CORERXIODBITALIGN_C2_0\rtl\vlog\test\user\RXIOD_COMP_PF_LANECTRL_0_PF_LANECTRL.v'.
Reading file 'C:\Users\c79828\Documents\HLS_Work\fpga-hls-libraries\vision\demo_designs\PF_Video_kit\libero\vision_pipeline\component\work\CORERXIODBITALIGN_C2\CORERXIODBITALIGN_C2_0\rtl\vlog\test\user\PLL_BclkSclkAlign.v'.
Reading file 'C:\Users\c79828\Documents\HLS_Work\fpga-hls-libraries\vision\demo_designs\PF_Video_kit\libero\vision_pipeline\component\work\CORERXIODBITALIGN_C2\CORERXIODBITALIGN_C2_0\rtl\vlog\test\user\ICB_BclkSclkAlign.v'.
Reading file 'C:\Users\c79828\Documents\HLS_Work\fpga-hls-libraries\vision\demo_designs\PF_Video_kit\libero\vision_pipeline\component\work\CORERXIODBITALIGN_C2\CORERXIODBITALIGN_C2_0\rtl\vlog\test\user\CoreBclkSclkAlign.v'.
Reading file 'C:\Users\c79828\Documents\HLS_Work\fpga-hls-libraries\vision\demo_designs\PF_Video_kit\libero\vision_pipeline\component\work\CORERXIODBITALIGN_C2\CORERXIODBITALIGN_C2_0\rtl\vlog\test\user\RXIOD_COMP_TR.v'.
Reading file 'C:\Users\c79828\Documents\HLS_Work\fpga-hls-libraries\vision\demo_designs\PF_Video_kit\libero\vision_pipeline\component\work\CORERXIODBITALIGN_C2\CORERXIODBITALIGN_C2_0\rtl\vlog\test\user\RXIOD_COMP.v'.
Reading file 'C:\Users\c79828\Documents\HLS_Work\fpga-hls-libraries\vision\demo_designs\PF_Video_kit\libero\vision_pipeline\component\work\CORERXIODBITALIGN_C2\CORERXIODBITALIGN_C2_0\rtl\vlog\test\user\PF_LANECTRL_PAUSE_SYNC1.v'.
Reading file 'C:\Users\c79828\Documents\HLS_Work\fpga-hls-libraries\vision\demo_designs\PF_Video_kit\libero\vision_pipeline\component\work\CORERXIODBITALIGN_C2\CORERXIODBITALIGN_C2_0\rtl\vlog\test\user\TXIOD_COMP_LANECTRL_ADDR_CMD_0_PF_LANECTRL.v'.
Reading file 'C:\Users\c79828\Documents\HLS_Work\fpga-hls-libraries\vision\demo_designs\PF_Video_kit\libero\vision_pipeline\component\work\CORERXIODBITALIGN_C2\CORERXIODBITALIGN_C2_0\rtl\vlog\test\user\TXIOD_COMP_PF_IOD_TX_CLK_PF_IOD.v'.
Reading file 'C:\Users\c79828\Documents\HLS_Work\fpga-hls-libraries\vision\demo_designs\PF_Video_kit\libero\vision_pipeline\component\work\CORERXIODBITALIGN_C2\CORERXIODBITALIGN_C2_0\rtl\vlog\test\user\TXIOD_COMP_PF_IOD_TX_PF_IOD.v'.
Reading file 'C:\Users\c79828\Documents\HLS_Work\fpga-hls-libraries\vision\demo_designs\PF_Video_kit\libero\vision_pipeline\component\work\CORERXIODBITALIGN_C2\CORERXIODBITALIGN_C2_0\rtl\vlog\test\user\TXIOD_COMP.v'.
Reading file 'C:\Users\c79828\Documents\HLS_Work\fpga-hls-libraries\vision\demo_designs\PF_Video_kit\libero\vision_pipeline\component\work\CORERXIODBITALIGN_C2\CORERXIODBITALIGN_C2_0\rtl\vlog\test\user\CoreRxIODBitAlign_SD_wrap.v'.
Reading file 'C:\Users\c79828\Documents\HLS_Work\fpga-hls-libraries\vision\demo_designs\PF_Video_kit\libero\vision_pipeline\component\work\CORERXIODBITALIGN_C2\CORERXIODBITALIGN_C2_0\rtl\vlog\test\user\testbench.v'.
Reading file 'C:\Users\c79828\Documents\HLS_Work\fpga-hls-libraries\vision\demo_designs\PF_Video_kit\libero\vision_pipeline\component\work\CORERXIODBITALIGN_C3\CORERXIODBITALIGN_C3.v'.
Reading file 'C:\Users\c79828\Documents\HLS_Work\fpga-hls-libraries\vision\demo_designs\PF_Video_kit\libero\vision_pipeline\component\work\CORERXIODBITALIGN_C3\CORERXIODBITALIGN_C3_0\rtl\vlog\core\CoreRxIODBitAlign.v'.
Reading file 'C:\Users\c79828\Documents\HLS_Work\fpga-hls-libraries\vision\demo_designs\PF_Video_kit\libero\vision_pipeline\component\work\CORERXIODBITALIGN_C3\CORERXIODBITALIGN_C3_0\rtl\vlog\core\CoreRxIODBitAlign_top.v'.
Reading file 'C:\Users\c79828\Documents\HLS_Work\fpga-hls-libraries\vision\demo_designs\PF_Video_kit\libero\vision_pipeline\component\work\CORERXIODBITALIGN_C3\CORERXIODBITALIGN_C3_0\rtl\vlog\test\user\prbscheck_parallel_fab_x4.v'.
Reading file 'C:\Users\c79828\Documents\HLS_Work\fpga-hls-libraries\vision\demo_designs\PF_Video_kit\libero\vision_pipeline\component\work\CORERXIODBITALIGN_C3\CORERXIODBITALIGN_C3_0\rtl\vlog\test\user\prbsgen_parallel_fab_x4.v'.
Reading file 'C:\Users\c79828\Documents\HLS_Work\fpga-hls-libraries\vision\demo_designs\PF_Video_kit\libero\vision_pipeline\component\work\CORERXIODBITALIGN_C3\CORERXIODBITALIGN_C3_0\rtl\vlog\test\user\rev_bits_x4.v'.
Reading file 'C:\Users\c79828\Documents\HLS_Work\fpga-hls-libraries\vision\demo_designs\PF_Video_kit\libero\vision_pipeline\component\work\CORERXIODBITALIGN_C3\CORERXIODBITALIGN_C3_0\rtl\vlog\test\user\CCC_COMP_CCC_COMP_0_PF_CCC.v'.
Reading file 'C:\Users\c79828\Documents\HLS_Work\fpga-hls-libraries\vision\demo_designs\PF_Video_kit\libero\vision_pipeline\component\work\CORERXIODBITALIGN_C3\CORERXIODBITALIGN_C3_0\rtl\vlog\test\user\CCC_COMP.v'.
Reading file 'C:\Users\c79828\Documents\HLS_Work\fpga-hls-libraries\vision\demo_designs\PF_Video_kit\libero\vision_pipeline\component\work\CORERXIODBITALIGN_C3\CORERXIODBITALIGN_C3_0\rtl\vlog\test\user\CORERXIODBITALIGN_C0.v'.
Reading file 'C:\Users\c79828\Documents\HLS_Work\fpga-hls-libraries\vision\demo_designs\PF_Video_kit\libero\vision_pipeline\component\work\CORERXIODBITALIGN_C3\CORERXIODBITALIGN_C3_0\rtl\vlog\test\user\RXIOD_COMP_PF_CLK_DIV_FIFO_PF_CLK_DIV_DELAY.v'.
Reading file 'C:\Users\c79828\Documents\HLS_Work\fpga-hls-libraries\vision\demo_designs\PF_Video_kit\libero\vision_pipeline\component\work\CORERXIODBITALIGN_C3\CORERXIODBITALIGN_C3_0\rtl\vlog\test\user\RXIOD_COMP_PF_CLK_DIV_RXCLK_PF_CLK_DIV_DELAY.v'.
Reading file 'C:\Users\c79828\Documents\HLS_Work\fpga-hls-libraries\vision\demo_designs\PF_Video_kit\libero\vision_pipeline\component\work\CORERXIODBITALIGN_C3\CORERXIODBITALIGN_C3_0\rtl\vlog\test\user\RXIOD_COMP_PF_IOD_CLK_TRAINING_PF_IOD.v'.
Reading file 'C:\Users\c79828\Documents\HLS_Work\fpga-hls-libraries\vision\demo_designs\PF_Video_kit\libero\vision_pipeline\component\work\CORERXIODBITALIGN_C3\CORERXIODBITALIGN_C3_0\rtl\vlog\test\user\RXIOD_COMP_PF_IOD_RX_PF_IOD.v'.
Reading file 'C:\Users\c79828\Documents\HLS_Work\fpga-hls-libraries\vision\demo_designs\PF_Video_kit\libero\vision_pipeline\component\work\CORERXIODBITALIGN_C3\CORERXIODBITALIGN_C3_0\rtl\vlog\test\user\PF_LANECTRL_PAUSE_SYNC.v'.
Reading file 'C:\Users\c79828\Documents\HLS_Work\fpga-hls-libraries\vision\demo_designs\PF_Video_kit\libero\vision_pipeline\component\work\CORERXIODBITALIGN_C3\CORERXIODBITALIGN_C3_0\rtl\vlog\test\user\RXIOD_COMP_PF_LANECTRL_0_PF_LANECTRL.v'.
Reading file 'C:\Users\c79828\Documents\HLS_Work\fpga-hls-libraries\vision\demo_designs\PF_Video_kit\libero\vision_pipeline\component\work\CORERXIODBITALIGN_C3\CORERXIODBITALIGN_C3_0\rtl\vlog\test\user\PLL_BclkSclkAlign.v'.
Reading file 'C:\Users\c79828\Documents\HLS_Work\fpga-hls-libraries\vision\demo_designs\PF_Video_kit\libero\vision_pipeline\component\work\CORERXIODBITALIGN_C3\CORERXIODBITALIGN_C3_0\rtl\vlog\test\user\ICB_BclkSclkAlign.v'.
Reading file 'C:\Users\c79828\Documents\HLS_Work\fpga-hls-libraries\vision\demo_designs\PF_Video_kit\libero\vision_pipeline\component\work\CORERXIODBITALIGN_C3\CORERXIODBITALIGN_C3_0\rtl\vlog\test\user\CoreBclkSclkAlign.v'.
Reading file 'C:\Users\c79828\Documents\HLS_Work\fpga-hls-libraries\vision\demo_designs\PF_Video_kit\libero\vision_pipeline\component\work\CORERXIODBITALIGN_C3\CORERXIODBITALIGN_C3_0\rtl\vlog\test\user\RXIOD_COMP_TR.v'.
Reading file 'C:\Users\c79828\Documents\HLS_Work\fpga-hls-libraries\vision\demo_designs\PF_Video_kit\libero\vision_pipeline\component\work\CORERXIODBITALIGN_C3\CORERXIODBITALIGN_C3_0\rtl\vlog\test\user\RXIOD_COMP.v'.
Reading file 'C:\Users\c79828\Documents\HLS_Work\fpga-hls-libraries\vision\demo_designs\PF_Video_kit\libero\vision_pipeline\component\work\CORERXIODBITALIGN_C3\CORERXIODBITALIGN_C3_0\rtl\vlog\test\user\PF_LANECTRL_PAUSE_SYNC1.v'.
Reading file 'C:\Users\c79828\Documents\HLS_Work\fpga-hls-libraries\vision\demo_designs\PF_Video_kit\libero\vision_pipeline\component\work\CORERXIODBITALIGN_C3\CORERXIODBITALIGN_C3_0\rtl\vlog\test\user\TXIOD_COMP_LANECTRL_ADDR_CMD_0_PF_LANECTRL.v'.
Reading file 'C:\Users\c79828\Documents\HLS_Work\fpga-hls-libraries\vision\demo_designs\PF_Video_kit\libero\vision_pipeline\component\work\CORERXIODBITALIGN_C3\CORERXIODBITALIGN_C3_0\rtl\vlog\test\user\TXIOD_COMP_PF_IOD_TX_CLK_PF_IOD.v'.
Reading file 'C:\Users\c79828\Documents\HLS_Work\fpga-hls-libraries\vision\demo_designs\PF_Video_kit\libero\vision_pipeline\component\work\CORERXIODBITALIGN_C3\CORERXIODBITALIGN_C3_0\rtl\vlog\test\user\TXIOD_COMP_PF_IOD_TX_PF_IOD.v'.
Reading file 'C:\Users\c79828\Documents\HLS_Work\fpga-hls-libraries\vision\demo_designs\PF_Video_kit\libero\vision_pipeline\component\work\CORERXIODBITALIGN_C3\CORERXIODBITALIGN_C3_0\rtl\vlog\test\user\TXIOD_COMP.v'.
Reading file 'C:\Users\c79828\Documents\HLS_Work\fpga-hls-libraries\vision\demo_designs\PF_Video_kit\libero\vision_pipeline\component\work\CORERXIODBITALIGN_C3\CORERXIODBITALIGN_C3_0\rtl\vlog\test\user\CoreRxIODBitAlign_SD_wrap.v'.
Reading file 'C:\Users\c79828\Documents\HLS_Work\fpga-hls-libraries\vision\demo_designs\PF_Video_kit\libero\vision_pipeline\component\work\CORERXIODBITALIGN_C3\CORERXIODBITALIGN_C3_0\rtl\vlog\test\user\testbench.v'.
Reading file 'C:\Users\c79828\Documents\HLS_Work\fpga-hls-libraries\vision\demo_designs\PF_Video_kit\libero\vision_pipeline\component\work\HDMI_TX_C0\HDMI_TX_C0.vhd'.
Reading file 'C:\Users\c79828\Documents\HLS_Work\fpga-hls-libraries\vision\demo_designs\PF_Video_kit\libero\vision_pipeline\component\Microsemi\SolutionCore\HDMI_TX\1.0.2\HDL\HDMI_TX.vhd'.
Reading file 'C:\Users\c79828\Documents\HLS_Work\fpga-hls-libraries\vision\demo_designs\PF_Video_kit\libero\vision_pipeline\component\Microsemi\SolutionCore\HDMI_TX\1.0.2\HDL\tmds_encoder.vhd'.
Reading file 'C:\Users\c79828\Documents\HLS_Work\fpga-hls-libraries\vision\demo_designs\PF_Video_kit\libero\vision_pipeline\component\Microsemi\SolutionCore\HDMI_TX\1.0.2\stimulus\HDMI_TX_TB.vhd'.
Reading file 'C:\Users\c79828\Documents\HLS_Work\fpga-hls-libraries\vision\demo_designs\PF_Video_kit\libero\vision_pipeline\component\work\mipicsi2rxdecoderPF_C0\mipicsi2rxdecoderPF_C0.v'.
Reading file 'C:\Users\c79828\Documents\HLS_Work\fpga-hls-libraries\vision\demo_designs\PF_Video_kit\libero\vision_pipeline\component\Microsemi\SolutionCore\mipicsi2rxdecoderPF\2.2.5\RTL\byte2pixel_conversion.v'.
Reading file 'C:\Users\c79828\Documents\HLS_Work\fpga-hls-libraries\vision\demo_designs\PF_Video_kit\libero\vision_pipeline\component\Microsemi\SolutionCore\mipicsi2rxdecoderPF\2.2.5\RTL\cdcfifo.v'.
Reading file 'C:\Users\c79828\Documents\HLS_Work\fpga-hls-libraries\vision\demo_designs\PF_Video_kit\libero\vision_pipeline\component\Microsemi\SolutionCore\mipicsi2rxdecoderPF\2.2.5\RTL\cdcfiforam.v'.
Reading file 'C:\Users\c79828\Documents\HLS_Work\fpga-hls-libraries\vision\demo_designs\PF_Video_kit\libero\vision_pipeline\component\Microsemi\SolutionCore\mipicsi2rxdecoderPF\2.2.5\RTL\embsync_detect.v'.
Reading file 'C:\Users\c79828\Documents\HLS_Work\fpga-hls-libraries\vision\demo_designs\PF_Video_kit\libero\vision_pipeline\component\Microsemi\SolutionCore\mipicsi2rxdecoderPF\2.2.5\RTL\mipicsi2rxdecoderPF.v'.
Reading file 'C:\Users\c79828\Documents\HLS_Work\fpga-hls-libraries\vision\demo_designs\PF_Video_kit\libero\vision_pipeline\component\Microsemi\SolutionCore\mipicsi2rxdecoderPF\2.2.5\RTL\mipi_csi2_rxdecoder.v'.
Reading file 'C:\Users\c79828\Documents\HLS_Work\fpga-hls-libraries\vision\demo_designs\PF_Video_kit\libero\vision_pipeline\component\work\PF_CCC_C2\PF_CCC_C2.v'.
Reading file 'C:\Users\c79828\Documents\HLS_Work\fpga-hls-libraries\vision\demo_designs\PF_Video_kit\libero\vision_pipeline\component\work\PF_CCC_C2\PF_CCC_C2_0\PF_CCC_C2_PF_CCC_C2_0_PF_CCC.v'.
Reading file 'C:\Users\c79828\Documents\HLS_Work\fpga-hls-libraries\vision\demo_designs\PF_Video_kit\libero\vision_pipeline\component\work\PF_IOD_GENERIC_RX_C0\PF_IOD_GENERIC_RX_C0.v'.
Reading file 'C:\Users\c79828\Documents\HLS_Work\fpga-hls-libraries\vision\demo_designs\PF_Video_kit\libero\vision_pipeline\component\work\PF_IOD_GENERIC_RX_C0\PF_CLK_DIV_FIFO\PF_IOD_GENERIC_RX_C0_PF_CLK_DIV_FIFO_PF_CLK_DIV_DELAY.v'.
Reading file 'C:\Users\c79828\Documents\HLS_Work\fpga-hls-libraries\vision\demo_designs\PF_Video_kit\libero\vision_pipeline\component\work\PF_IOD_GENERIC_RX_C0\PF_CLK_DIV_RXCLK\PF_IOD_GENERIC_RX_C0_PF_CLK_DIV_RXCLK_PF_CLK_DIV_DELAY.v'.
Reading file 'C:\Users\c79828\Documents\HLS_Work\fpga-hls-libraries\vision\demo_designs\PF_Video_kit\libero\vision_pipeline\component\work\PF_IOD_GENERIC_RX_C0\PF_IOD_CLK_TRAINING\PF_IOD_GENERIC_RX_C0_PF_IOD_CLK_TRAINING_PF_IOD.v'.
Reading file 'C:\Users\c79828\Documents\HLS_Work\fpga-hls-libraries\vision\demo_designs\PF_Video_kit\libero\vision_pipeline\component\work\PF_IOD_GENERIC_RX_C0\PF_IOD_RX\PF_IOD_GENERIC_RX_C0_PF_IOD_RX_PF_IOD.v'.
Reading file 'C:\Users\c79828\Documents\HLS_Work\fpga-hls-libraries\vision\demo_designs\PF_Video_kit\libero\vision_pipeline\component\work\PF_IOD_GENERIC_RX_C0\PF_LANECTRL_0\PF_IOD_GENERIC_RX_C0_PF_LANECTRL_0_PF_LANECTRL.v'.
Reading file 'C:\Users\c79828\Documents\HLS_Work\fpga-hls-libraries\vision\demo_designs\PF_Video_kit\libero\vision_pipeline\component\work\PF_IOD_GENERIC_RX_C0\PF_LANECTRL_0\PF_LANECTRL_PAUSE_SYNC.v'.
Reading file 'C:\Users\c79828\Documents\HLS_Work\fpga-hls-libraries\vision\demo_designs\PF_Video_kit\libero\vision_pipeline\component\work\PF_IOD_GENERIC_RX_C0_TR\PF_IOD_GENERIC_RX_C0_TR.v'.
Reading file 'C:\Users\c79828\Documents\HLS_Work\fpga-hls-libraries\vision\demo_designs\PF_Video_kit\libero\vision_pipeline\component\Actel\DirectCore\COREBCLKSCLKALIGN\3.0.100\rtl\vlog\core\PLL_BclkSclkAlign.v'.
Reading file 'C:\Users\c79828\Documents\HLS_Work\fpga-hls-libraries\vision\demo_designs\PF_Video_kit\libero\vision_pipeline\component\Actel\DirectCore\COREBCLKSCLKALIGN\3.0.100\rtl\vlog\core\ICB_BclkSclkAlign.v'.
Reading file 'C:\Users\c79828\Documents\HLS_Work\fpga-hls-libraries\vision\demo_designs\PF_Video_kit\libero\vision_pipeline\component\Actel\DirectCore\COREBCLKSCLKALIGN\3.0.100\rtl\vlog\test\user\CoreBclkSclkAlign.v'.
Reading file 'C:\Users\c79828\Documents\HLS_Work\fpga-hls-libraries\vision\demo_designs\PF_Video_kit\libero\vision_pipeline\component\Actel\DirectCore\COREBCLKSCLKALIGN\3.0.100\rtl\vlog\test\user\ICB_BclkSclkAlign.v'.
Reading file 'C:\Users\c79828\Documents\HLS_Work\fpga-hls-libraries\vision\demo_designs\PF_Video_kit\libero\vision_pipeline\component\Actel\DirectCore\COREBCLKSCLKALIGN\3.0.100\rtl\vlog\test\user\PF_CCC_C0.v'.
Reading file 'C:\Users\c79828\Documents\HLS_Work\fpga-hls-libraries\vision\demo_designs\PF_Video_kit\libero\vision_pipeline\component\Actel\DirectCore\COREBCLKSCLKALIGN\3.0.100\rtl\vlog\test\user\PF_CCC_C0_PF_CCC_C0_0_PF_CCC.v'.
Reading file 'C:\Users\c79828\Documents\HLS_Work\fpga-hls-libraries\vision\demo_designs\PF_Video_kit\libero\vision_pipeline\component\Actel\DirectCore\COREBCLKSCLKALIGN\3.0.100\rtl\vlog\test\user\PF_DRI_C0.v'.
Reading file 'C:\Users\c79828\Documents\HLS_Work\fpga-hls-libraries\vision\demo_designs\PF_Video_kit\libero\vision_pipeline\component\Actel\DirectCore\COREBCLKSCLKALIGN\3.0.100\rtl\vlog\test\user\PF_DRI_C0_PF_DRI_C0_0_PF_DRI.v'.
Reading file 'C:\Users\c79828\Documents\HLS_Work\fpga-hls-libraries\vision\demo_designs\PF_Video_kit\libero\vision_pipeline\component\Actel\DirectCore\COREBCLKSCLKALIGN\3.0.100\rtl\vlog\test\user\PF_IOD_GENERIC_RX_C1.v'.
Reading file 'C:\Users\c79828\Documents\HLS_Work\fpga-hls-libraries\vision\demo_designs\PF_Video_kit\libero\vision_pipeline\component\Actel\DirectCore\COREBCLKSCLKALIGN\3.0.100\rtl\vlog\test\user\PF_IOD_GENERIC_RX_C1_PF_CLK_DIV_FIFO_PF_CLK_DIV_DELAY.v'.
Reading file 'C:\Users\c79828\Documents\HLS_Work\fpga-hls-libraries\vision\demo_designs\PF_Video_kit\libero\vision_pipeline\component\Actel\DirectCore\COREBCLKSCLKALIGN\3.0.100\rtl\vlog\test\user\PF_IOD_GENERIC_RX_C1_PF_CLK_DIV_RXCLK_PF_CLK_DIV_DELAY.v'.
Reading file 'C:\Users\c79828\Documents\HLS_Work\fpga-hls-libraries\vision\demo_designs\PF_Video_kit\libero\vision_pipeline\component\Actel\DirectCore\COREBCLKSCLKALIGN\3.0.100\rtl\vlog\test\user\PF_IOD_GENERIC_RX_C1_PF_IOD_CLK_TRAINING_PF_IOD.v'.
Reading file 'C:\Users\c79828\Documents\HLS_Work\fpga-hls-libraries\vision\demo_designs\PF_Video_kit\libero\vision_pipeline\component\Actel\DirectCore\COREBCLKSCLKALIGN\3.0.100\rtl\vlog\test\user\PF_IOD_GENERIC_RX_C1_PF_IOD_RX_PF_IOD.v'.
Reading file 'C:\Users\c79828\Documents\HLS_Work\fpga-hls-libraries\vision\demo_designs\PF_Video_kit\libero\vision_pipeline\component\Actel\DirectCore\COREBCLKSCLKALIGN\3.0.100\rtl\vlog\test\user\PF_IOD_GENERIC_RX_C1_PF_LANECTRL_0_PF_LANECTRL.v'.
Reading file 'C:\Users\c79828\Documents\HLS_Work\fpga-hls-libraries\vision\demo_designs\PF_Video_kit\libero\vision_pipeline\component\Actel\DirectCore\COREBCLKSCLKALIGN\3.0.100\rtl\vlog\test\user\PF_IOD_GENERIC_TX_C0.v'.
Reading file 'C:\Users\c79828\Documents\HLS_Work\fpga-hls-libraries\vision\demo_designs\PF_Video_kit\libero\vision_pipeline\component\Actel\DirectCore\COREBCLKSCLKALIGN\3.0.100\rtl\vlog\test\user\PF_IOD_GENERIC_TX_C0_LANECTRL_ADDR_CMD_0_PF_LANECTRL.v'.
Reading file 'C:\Users\c79828\Documents\HLS_Work\fpga-hls-libraries\vision\demo_designs\PF_Video_kit\libero\vision_pipeline\component\Actel\DirectCore\COREBCLKSCLKALIGN\3.0.100\rtl\vlog\test\user\PF_IOD_GENERIC_TX_C0_PF_IOD_CLK_TRAINING_PF_IOD.v'.
Reading file 'C:\Users\c79828\Documents\HLS_Work\fpga-hls-libraries\vision\demo_designs\PF_Video_kit\libero\vision_pipeline\component\Actel\DirectCore\COREBCLKSCLKALIGN\3.0.100\rtl\vlog\test\user\PF_IOD_GENERIC_TX_C0_PF_IOD_TX_CLK_PF_IOD.v'.
Reading file 'C:\Users\c79828\Documents\HLS_Work\fpga-hls-libraries\vision\demo_designs\PF_Video_kit\libero\vision_pipeline\component\Actel\DirectCore\COREBCLKSCLKALIGN\3.0.100\rtl\vlog\test\user\PF_IOD_GENERIC_TX_C0_PF_IOD_TX_PF_IOD.v'.
Reading file 'C:\Users\c79828\Documents\HLS_Work\fpga-hls-libraries\vision\demo_designs\PF_Video_kit\libero\vision_pipeline\component\Actel\DirectCore\COREBCLKSCLKALIGN\3.0.100\rtl\vlog\test\user\PF_LANECTRL_PAUSE_SYNC.v'.
Reading file 'C:\Users\c79828\Documents\HLS_Work\fpga-hls-libraries\vision\demo_designs\PF_Video_kit\libero\vision_pipeline\component\Actel\DirectCore\COREBCLKSCLKALIGN\3.0.100\rtl\vlog\test\user\PF_LANECTRL_PAUSE_SYNC_2.v'.
Reading file 'C:\Users\c79828\Documents\HLS_Work\fpga-hls-libraries\vision\demo_designs\PF_Video_kit\libero\vision_pipeline\component\Actel\DirectCore\COREBCLKSCLKALIGN\3.0.100\rtl\vlog\test\user\PLL_BclkSclkAlign.v'.
Reading file 'C:\Users\c79828\Documents\HLS_Work\fpga-hls-libraries\vision\demo_designs\PF_Video_kit\libero\vision_pipeline\component\work\PF_IOD_GENERIC_RX_C0_TR\PF_IOD_GENERIC_RX_C0_TR_0\rtl\vlog\core\CoreBclkSclkAlign.v'.
Reading file 'C:\Users\c79828\Documents\HLS_Work\fpga-hls-libraries\vision\demo_designs\PF_Video_kit\libero\vision_pipeline\component\work\PF_IOD_GENERIC_RX_C0_TR\PF_IOD_GENERIC_RX_C0_TR_0\rtl\vlog\test\user\BclkSclk_PLL_TX2_1200mbps_SD_wrap.v'.
Reading file 'C:\Users\c79828\Documents\HLS_Work\fpga-hls-libraries\vision\demo_designs\PF_Video_kit\libero\vision_pipeline\component\work\PF_IOD_GENERIC_RX_C0_TR\PF_IOD_GENERIC_RX_C0_TR_0\rtl\vlog\test\user\BclkSclk_PLL_TX2_1200mbps_TB.v'.
Reading file 'C:\Users\c79828\Documents\HLS_Work\fpga-hls-libraries\vision\demo_designs\PF_Video_kit\libero\vision_pipeline\component\Actel\DirectCore\COREBCLKSCLKALIGN\3.0.100\rtl\vlog\test\user\CoreBclkSclkAlign.v'.
Reading file 'C:\Users\c79828\Documents\HLS_Work\fpga-hls-libraries\vision\demo_designs\PF_Video_kit\libero\vision_pipeline\component\Actel\DirectCore\COREBCLKSCLKALIGN\3.0.100\rtl\vlog\test\user\ICB_BclkSclkAlign.v'.
Reading file 'C:\Users\c79828\Documents\HLS_Work\fpga-hls-libraries\vision\demo_designs\PF_Video_kit\libero\vision_pipeline\component\Actel\DirectCore\COREBCLKSCLKALIGN\3.0.100\rtl\vlog\test\user\PF_CCC_C0.v'.
Reading file 'C:\Users\c79828\Documents\HLS_Work\fpga-hls-libraries\vision\demo_designs\PF_Video_kit\libero\vision_pipeline\component\Actel\DirectCore\COREBCLKSCLKALIGN\3.0.100\rtl\vlog\test\user\PF_CCC_C0_PF_CCC_C0_0_PF_CCC.v'.
Reading file 'C:\Users\c79828\Documents\HLS_Work\fpga-hls-libraries\vision\demo_designs\PF_Video_kit\libero\vision_pipeline\component\Actel\DirectCore\COREBCLKSCLKALIGN\3.0.100\rtl\vlog\test\user\PF_DRI_C0.v'.
Reading file 'C:\Users\c79828\Documents\HLS_Work\fpga-hls-libraries\vision\demo_designs\PF_Video_kit\libero\vision_pipeline\component\Actel\DirectCore\COREBCLKSCLKALIGN\3.0.100\rtl\vlog\test\user\PF_DRI_C0_PF_DRI_C0_0_PF_DRI.v'.
Reading file 'C:\Users\c79828\Documents\HLS_Work\fpga-hls-libraries\vision\demo_designs\PF_Video_kit\libero\vision_pipeline\component\Actel\DirectCore\COREBCLKSCLKALIGN\3.0.100\rtl\vlog\test\user\PF_IOD_GENERIC_RX_C1.v'.
Reading file 'C:\Users\c79828\Documents\HLS_Work\fpga-hls-libraries\vision\demo_designs\PF_Video_kit\libero\vision_pipeline\component\Actel\DirectCore\COREBCLKSCLKALIGN\3.0.100\rtl\vlog\test\user\PF_IOD_GENERIC_RX_C1_PF_CLK_DIV_FIFO_PF_CLK_DIV_DELAY.v'.
Reading file 'C:\Users\c79828\Documents\HLS_Work\fpga-hls-libraries\vision\demo_designs\PF_Video_kit\libero\vision_pipeline\component\Actel\DirectCore\COREBCLKSCLKALIGN\3.0.100\rtl\vlog\test\user\PF_IOD_GENERIC_RX_C1_PF_CLK_DIV_RXCLK_PF_CLK_DIV_DELAY.v'.
Reading file 'C:\Users\c79828\Documents\HLS_Work\fpga-hls-libraries\vision\demo_designs\PF_Video_kit\libero\vision_pipeline\component\Actel\DirectCore\COREBCLKSCLKALIGN\3.0.100\rtl\vlog\test\user\PF_IOD_GENERIC_RX_C1_PF_IOD_CLK_TRAINING_PF_IOD.v'.
Reading file 'C:\Users\c79828\Documents\HLS_Work\fpga-hls-libraries\vision\demo_designs\PF_Video_kit\libero\vision_pipeline\component\Actel\DirectCore\COREBCLKSCLKALIGN\3.0.100\rtl\vlog\test\user\PF_IOD_GENERIC_RX_C1_PF_IOD_RX_PF_IOD.v'.
Reading file 'C:\Users\c79828\Documents\HLS_Work\fpga-hls-libraries\vision\demo_designs\PF_Video_kit\libero\vision_pipeline\component\Actel\DirectCore\COREBCLKSCLKALIGN\3.0.100\rtl\vlog\test\user\PF_IOD_GENERIC_RX_C1_PF_LANECTRL_0_PF_LANECTRL.v'.
Reading file 'C:\Users\c79828\Documents\HLS_Work\fpga-hls-libraries\vision\demo_designs\PF_Video_kit\libero\vision_pipeline\component\Actel\DirectCore\COREBCLKSCLKALIGN\3.0.100\rtl\vlog\test\user\PF_IOD_GENERIC_TX_C0.v'.
Reading file 'C:\Users\c79828\Documents\HLS_Work\fpga-hls-libraries\vision\demo_designs\PF_Video_kit\libero\vision_pipeline\component\Actel\DirectCore\COREBCLKSCLKALIGN\3.0.100\rtl\vlog\test\user\PF_IOD_GENERIC_TX_C0_LANECTRL_ADDR_CMD_0_PF_LANECTRL.v'.
Reading file 'C:\Users\c79828\Documents\HLS_Work\fpga-hls-libraries\vision\demo_designs\PF_Video_kit\libero\vision_pipeline\component\Actel\DirectCore\COREBCLKSCLKALIGN\3.0.100\rtl\vlog\test\user\PF_IOD_GENERIC_TX_C0_PF_IOD_CLK_TRAINING_PF_IOD.v'.
Reading file 'C:\Users\c79828\Documents\HLS_Work\fpga-hls-libraries\vision\demo_designs\PF_Video_kit\libero\vision_pipeline\component\Actel\DirectCore\COREBCLKSCLKALIGN\3.0.100\rtl\vlog\test\user\PF_IOD_GENERIC_TX_C0_PF_IOD_TX_CLK_PF_IOD.v'.
Reading file 'C:\Users\c79828\Documents\HLS_Work\fpga-hls-libraries\vision\demo_designs\PF_Video_kit\libero\vision_pipeline\component\Actel\DirectCore\COREBCLKSCLKALIGN\3.0.100\rtl\vlog\test\user\PF_IOD_GENERIC_TX_C0_PF_IOD_TX_PF_IOD.v'.
Reading file 'C:\Users\c79828\Documents\HLS_Work\fpga-hls-libraries\vision\demo_designs\PF_Video_kit\libero\vision_pipeline\component\Actel\DirectCore\COREBCLKSCLKALIGN\3.0.100\rtl\vlog\test\user\PF_LANECTRL_PAUSE_SYNC.v'.
Reading file 'C:\Users\c79828\Documents\HLS_Work\fpga-hls-libraries\vision\demo_designs\PF_Video_kit\libero\vision_pipeline\component\Actel\DirectCore\COREBCLKSCLKALIGN\3.0.100\rtl\vlog\test\user\PF_LANECTRL_PAUSE_SYNC_2.v'.
Reading file 'C:\Users\c79828\Documents\HLS_Work\fpga-hls-libraries\vision\demo_designs\PF_Video_kit\libero\vision_pipeline\component\Actel\DirectCore\COREBCLKSCLKALIGN\3.0.100\rtl\vlog\test\user\PLL_BclkSclkAlign.v'.
Reading file 'C:\Users\c79828\Documents\HLS_Work\fpga-hls-libraries\vision\demo_designs\PF_Video_kit\libero\vision_pipeline\component\work\PF_IOD_GENERIC_RX_C0_TR\PF_IOD_GENERIC_RX_C0_TR_0\rtl\vlog\test\user\prbscheck_parallel_fab_x2.v'.
Reading file 'C:\Users\c79828\Documents\HLS_Work\fpga-hls-libraries\vision\demo_designs\PF_Video_kit\libero\vision_pipeline\component\work\PF_IOD_GENERIC_RX_C0_TR\PF_IOD_GENERIC_RX_C0_TR_0\rtl\vlog\test\user\prbsgen_parallel_fab_x2.v'.
Reading file 'C:\Users\c79828\Documents\HLS_Work\fpga-hls-libraries\vision\demo_designs\PF_Video_kit\libero\vision_pipeline\component\work\PF_IOD_GENERIC_RX_C0_TR\PF_IOD_GENERIC_RX_C0_TR_0\rtl\vlog\test\user\rev_bits_x2.v'.
Reading file 'C:\Users\c79828\Documents\HLS_Work\fpga-hls-libraries\vision\demo_designs\PF_Video_kit\libero\vision_pipeline\component\work\PF_TX_PLL_C0\PF_TX_PLL_C0.v'.
Reading file 'C:\Users\c79828\Documents\HLS_Work\fpga-hls-libraries\vision\demo_designs\PF_Video_kit\libero\vision_pipeline\component\work\PF_TX_PLL_C0\PF_TX_PLL_C0_0\PF_TX_PLL_C0_PF_TX_PLL_C0_0_PF_TX_PLL.v'.
Reading file 'C:\Users\c79828\Documents\HLS_Work\fpga-hls-libraries\vision\demo_designs\PF_Video_kit\libero\vision_pipeline\component\work\PF_XCVR_ERM_C0\PF_XCVR_ERM_C0.v'.
Reading file 'C:\Users\c79828\Documents\HLS_Work\fpga-hls-libraries\vision\demo_designs\PF_Video_kit\libero\vision_pipeline\component\work\PF_XCVR_ERM_C0\I_XCVR\PF_XCVR_ERM_C0_I_XCVR_PF_XCVR.v'.
Reading file 'C:\Users\c79828\Documents\HLS_Work\fpga-hls-libraries\vision\demo_designs\PF_Video_kit\libero\vision_pipeline\component\work\PF_XCVR_REF_CLK_C0\PF_XCVR_REF_CLK_C0.v'.
Reading file 'C:\Users\c79828\Documents\HLS_Work\fpga-hls-libraries\vision\demo_designs\PF_Video_kit\libero\vision_pipeline\component\work\PF_XCVR_REF_CLK_C0\PF_XCVR_REF_CLK_C0_0\PF_XCVR_REF_CLK_C0_PF_XCVR_REF_CLK_C0_0_PF_XCVR_REF_CLK.v'.
Reading file 'C:\Users\c79828\Documents\HLS_Work\fpga-hls-libraries\vision\demo_designs\PF_Video_kit\libero\vision_pipeline\hdl\axis_to_vga_converter.v'.
Reading file 'C:\Users\c79828\Documents\HLS_Work\fpga-hls-libraries\vision\demo_designs\PF_Video_kit\libero\vision_pipeline\hdl\camera_to_axis_converter.v'.
Reading file 'C:\Users\c79828\Documents\HLS_Work\fpga-hls-libraries\vision\demo_designs\PF_Video_kit\libero\vision_pipeline\hdl\FrameBufferControl.v'.
Reading file 'C:\Users\c79828\Documents\HLS_Work\fpga-hls-libraries\vision\demo_designs\PF_Video_kit\libero\vision_pipeline\hdl\VGA_Controller_SHLS.vhd'.
Reading file 'C:\Users\c79828\Documents\HLS_Work\fpga-hls-libraries\vision\demo_designs\PF_Video_kit\hls\hls_output\rtl\hls_DDR_Write_wrapper.v'.
Reading file 'C:\Users\c79828\Documents\HLS_Work\fpga-hls-libraries\vision\demo_designs\PF_Video_kit\hls\hls_output\rtl\hls_VideoPipelineTop.v'.
Reading file 'C:\Users\c79828\Documents\HLS_Work\fpga-hls-libraries\vision\demo_designs\PF_Video_kit\libero\vision_pipeline\component\work\CAM_IOD_TIP_TOP\CAM_IOD_TIP_TOP.v'.
Reading file 'C:\Users\c79828\Documents\HLS_Work\fpga-hls-libraries\vision\demo_designs\PF_Video_kit\libero\vision_pipeline\component\work\HDMI_2p0\HDMI_2p0.v'.
Reading file 'C:\Users\c79828\Documents\HLS_Work\fpga-hls-libraries\vision\demo_designs\PF_Video_kit\libero\vision_pipeline\component\work\IMX334_IF_TOP\IMX334_IF_TOP.v'.
configure_tool -name {SYNTHESIZE}  -params {SYNPLIFY_OPTIONS:set_option -hdl_define -set MEM_INIT_DIR="C:/Users/c79828/Documents/HLS_Work/fpga-hls-libraries/vision/demo_designs/PF_Video_kit/hls/hls_output/rtl/mem_init/"}

Info: Core has been created successfully from 'VideoPipelineTop_top' HDL module.
Info:  <a href="liberoaction://open_online_help/70004">Read more</a> on how to create a core from your HDL module.
Info:  This feature enables you to add bus interfaces to your HDL module and configure any generics/parameters in your HDL module.

Warning: SmartDesign 'PF_CCC_C0' design rules check succeeded, but with warnings
Warning:  Design rules check of "PF_CCC_C0" has warning messages, Please check the Log Window for more details.
           [OK]
Warning: 'Core Validation' : PLL_FEEDBACK_MODE_0 If you select Post-VCO as a Feedback Mode, outputs will be resynchronized between each other after the PLL locks, but will not be resynchronized with the PLL reference clock
Info: 'Core Validation' : Incorrect PLL_LOCK_COUNT value of 0 found, updating the value to be 8.
Info: 'Core Validation' : PLL_EXPORT_PWRDWN It is recommended that the PLL_POWERDOWN_N_0 input be enabled and asserted by the user at PLL start-up until the reference clock is stable. For more information, refer to UG0684: PolarFire FPGA Clocking Resources
Info: 'Core Validation' : The current configuration of instance : PF_CCC_C0_0 has warning or information messages. Consult the User Guide for configuration of this core.
Info: 'PF_CCC_C0' was successfully generated.
Info:  Design "PF_CCC_C0" was successfully generated.
        [OK]
Info: 'PF_CCC_C0' manifest file 'C:/Users/c79828/Documents/HLS_Work/fpga-hls-libraries/vision/demo_designs/PF_Video_kit/libero/vision_pipeline/component/work/PF_CCC_C0/PF_CCC_C0_manifest.txt' was successfully generated.

Info:  Component 'PF_CCC_C0' was successfully created and configured with vendor:Actel library:SgCore name:PF_CCC version:2.2.220.
Warning: SmartDesign 'PF_CCC_C1' design rules check succeeded, but with warnings
Warning:  Design rules check of "PF_CCC_C1" has warning messages, Please check the Log Window for more details.
           [OK]
Warning: 'Core Validation' : PLL_FEEDBACK_MODE_0 If you select Post-VCO as a Feedback Mode, outputs will be resynchronized between each other after the PLL locks, but will not be resynchronized with the PLL reference clock
Info: 'Core Validation' : Incorrect PLL_LOCK_COUNT value of 0 found, updating the value to be 8.
Info: 'Core Validation' : PLL_EXPORT_PWRDWN It is recommended that the PLL_POWERDOWN_N_0 input be enabled and asserted by the user at PLL start-up until the reference clock is stable. For more information, refer to UG0684: PolarFire FPGA Clocking Resources
Info: 'Core Validation' : The current configuration of instance : PF_CCC_C1_0 has warning or information messages. Consult the User Guide for configuration of this core.
Info: 'PF_CCC_C1' was successfully generated.
Info:  Design "PF_CCC_C1" was successfully generated.
        [OK]
Info: 'PF_CCC_C1' manifest file 'C:/Users/c79828/Documents/HLS_Work/fpga-hls-libraries/vision/demo_designs/PF_Video_kit/libero/vision_pipeline/component/work/PF_CCC_C1/PF_CCC_C1_manifest.txt' was successfully generated.

Info:  Component 'PF_CCC_C1' was successfully created and configured with vendor:Actel library:SgCore name:PF_CCC version:2.2.220.
Info: 'CCC' was successfully generated.
Info: 'CCC' manifest file 'C:/Users/c79828/Documents/HLS_Work/fpga-hls-libraries/vision/demo_designs/PF_Video_kit/libero/vision_pipeline/component/work/CCC/CCC_manifest.txt' was successfully generated.

Info:  Successfully generated component 'CCC'.
Info: 'COREAXI4INTERCONNECT_C0' was successfully generated.
Info: 'COREAXI4INTERCONNECT_C0' manifest file 'C:/Users/c79828/Documents/HLS_Work/fpga-hls-libraries/vision/demo_designs/PF_Video_kit/libero/vision_pipeline/component/work/COREAXI4INTERCONNECT_C0/COREAXI4INTERCONNECT_C0_manifest.txt' was successfully generated.

Info:  Component 'COREAXI4INTERCONNECT_C0' was successfully created and configured with vendor:Actel library:DirectCore name:COREAXI4INTERCONNECT version:2.8.103.
SYSBLD_MODE: PF_DDR4_C0_DDRPHY_BLK+FAMILY:26 IOG_CLOCK_RATIO:4 IOG_NUM_BCLKS:1 IOG_WRITE_LEVELING:1 PARAM_IS_FALSE:false PIPELINE:true SDRAM_BG_ADDR_WIDTH:1 SDRAM_DATA_RATE:1600.0 SDRAM_DATA_WIDTH:64 SDRAM_DM_MODE:1 SDRAM_NB_RANKS:1 SDRAM_NUM_CLK_OUTS:1 SDRAM_PARITY_ALERT:0 SDRAM_ROW_ADDR_WIDTH:15 SDRAM_TYPE:0 SHIELD_ENABLED:true SIMULATION_MODE:FAST TGIGEN_ADD_PRESET_WIDGET:true

Info:  PAD pin `OB_DIFF_CK0:PADP` of `OB_DIFF_CK0` is automatically connected to a top-level port.
Info:  PAD pin `OB_DIFF_CK0:PADN` of `OB_DIFF_CK0` is automatically connected to a top-level port.
Info:  The connection is being dropped from the net 'PAD' because the pin 'PAD' does not exist.
Info:  The connection is being dropped from the net 'PAD' because the pin 'PAD' does not exist.
Info:  The connection is being dropped from the net 'PAD' because the pin 'PAD' does not exist.
Info:  The connection is being dropped from the net 'PAD' because the pin 'PAD' does not exist.
Info:  The connection is being dropped from the net 'PAD' because the pin 'PAD' does not exist.
Info:  The connection is being dropped from the net 'PAD' because the pin 'PAD' does not exist.
Info:  The connection is being dropped from the net 'PAD' because the pin 'PAD' does not exist.
Info:  The connection is being dropped from the net 'PAD' because the pin 'PAD' does not exist.
Info:  The connection is being dropped from the net 'PAD' because the pin 'PAD' does not exist.
Info:  The connection is being dropped from the net 'PAD' because the pin 'PAD' does not exist.
Info:  PAD pin `OB_A_12:PAD` of `OB_A_12` is automatically connected to a top-level port.
Info:  The connection is being dropped from the net 'PAD' because the pin 'PAD' does not exist.
Info:  The connection is being dropped from the net 'PAD' because the pin 'PAD' does not exist.
Info:  The connection is being dropped from the net 'PAD' because the pin 'PAD' does not exist.
Info:  The connection is being dropped from the net 'PAD' because the pin 'PAD' does not exist.
Info:  The connection is being dropped from the net 'PAD' because the pin 'PAD' does not exist.
Info:  The connection is being dropped from the net 'PAD' because the pin 'PAD' does not exist.
Info:  The connection is being dropped from the net 'PAD' because the pin 'PAD' does not exist.
Info:  The connection is being dropped from the net 'PAD' because the pin 'PAD' does not exist.
Info:  The connection is being dropped from the net 'PAD' because the pin 'PAD' does not exist.
Info:  The connection is being dropped from the net 'PAD' because the pin 'PAD' does not exist.
Info:  The connection is being dropped from the net 'PAD' because the pin 'PAD' does not exist.
Info:  The connection is being dropped from the net 'PAD' because the pin 'PAD' does not exist.
Info:  The connection is being dropped from the net 'PAD' because the pin 'PAD' does not exist.
Info:  The connection is being dropped from the net 'PAD' because the pin 'PAD' does not exist.
Info:  The connection is being dropped from the net 'PAD' because the pin 'PAD' does not exist.
Info:  PAD pin `TRI_SHIELD_0:PAD` of `TRI_SHIELD_0` is automatically connected to a top-level port.
Info:  The connection is being dropped from the net 'PAD' because the pin 'PAD' does not exist.
Info:  The connection is being dropped from the net 'PAD' because the pin 'PAD' does not exist.
Info:  PAD pin `TRI_SHIELD_1:PAD` of `TRI_SHIELD_1` is automatically connected to a top-level port.
Info:  The connection is being dropped from the net 'PAD' because the pin 'PAD' does not exist.
Info:  The connection is being dropped from the net 'PAD' because the pin 'PAD' does not exist.
Info:  PAD pin `TRI_SHIELD_2:PAD` of `TRI_SHIELD_2` is automatically connected to a top-level port.
Info:  The connection is being dropped from the net 'PAD' because the pin 'PAD' does not exist.
Info:  The connection is being dropped from the net 'PAD' because the pin 'PAD' does not exist.
Info:  PAD pin `TRI_SHIELD_3:PAD` of `TRI_SHIELD_3` is automatically connected to a top-level port.
Info:  The connection is being dropped from the net 'PAD' because the pin 'PAD' does not exist.
Info:  The connection is being dropped from the net 'PAD' because the pin 'PAD' does not exist.
Info:  PAD pin `TRI_SHIELD_4:PAD` of `TRI_SHIELD_4` is automatically connected to a top-level port.
Info:  The connection is being dropped from the net 'PAD' because the pin 'PAD' does not exist.
Info:  The connection is being dropped from the net 'PAD' because the pin 'PAD' does not exist.
Info:  PAD pin `TRI_SHIELD_5:PAD` of `TRI_SHIELD_5` is automatically connected to a top-level port.
Info:  The connection is being dropped from the net 'PAD' because the pin 'PAD' does not exist.
Info:  The connection is being dropped from the net 'PAD' because the pin 'PAD' does not exist.
Info:  PAD pin `TRI_SHIELD_6:PAD` of `TRI_SHIELD_6` is automatically connected to a top-level port.
Info:  The connection is being dropped from the net 'PAD' because the pin 'PAD' does not exist.
Info:  The connection is being dropped from the net 'PAD' because the pin 'PAD' does not exist.
Info:  PAD pin `TRI_SHIELD_7:PAD` of `TRI_SHIELD_7` is automatically connected to a top-level port.
Info: 'PF_DDR4_C0_DDRPHY_BLK' was successfully generated.
Info: 'PF_DDR4_C0_DDRPHY_BLK' manifest file 'C:/Users/c79828/Documents/HLS_Work/fpga-hls-libraries/vision/demo_designs/PF_Video_kit/libero/vision_pipeline/component/work/PF_DDR4_C0_DDRPHY_BLK/PF_DDR4_C0_DDRPHY_BLK_manifest.txt' was successfully generated.

Info:  PAD pin `DDRPHY_BLK_0:DQ` of `DDRPHY_BLK_0` is automatically connected to a top-level port.
Info:  PAD pin `DDRPHY_BLK_0:DQS` of `DDRPHY_BLK_0` is automatically connected to a top-level port.
Info:  PAD pin `DDRPHY_BLK_0:DQS_N` of `DDRPHY_BLK_0` is automatically connected to a top-level port.
Info:  PAD pin `DDRPHY_BLK_0:DM_N` of `DDRPHY_BLK_0` is automatically connected to a top-level port.
Info:  PAD pin `DDRPHY_BLK_0:CKE` of `DDRPHY_BLK_0` is automatically connected to a top-level port.
Info:  PAD pin `DDRPHY_BLK_0:CS_N` of `DDRPHY_BLK_0` is automatically connected to a top-level port.
Info:  PAD pin `DDRPHY_BLK_0:ODT` of `DDRPHY_BLK_0` is automatically connected to a top-level port.
Info:  PAD pin `DDRPHY_BLK_0:RAS_N` of `DDRPHY_BLK_0` is automatically connected to a top-level port.
Info:  PAD pin `DDRPHY_BLK_0:CAS_N` of `DDRPHY_BLK_0` is automatically connected to a top-level port.
Info:  PAD pin `DDRPHY_BLK_0:WE_N` of `DDRPHY_BLK_0` is automatically connected to a top-level port.
Info:  PAD pin `DDRPHY_BLK_0:ACT_N` of `DDRPHY_BLK_0` is automatically connected to a top-level port.
Info:  PAD pin `DDRPHY_BLK_0:BG` of `DDRPHY_BLK_0` is automatically connected to a top-level port.
Info:  PAD pin `DDRPHY_BLK_0:BA` of `DDRPHY_BLK_0` is automatically connected to a top-level port.
Info:  PAD pin `DDRPHY_BLK_0:RESET_N` of `DDRPHY_BLK_0` is automatically connected to a top-level port.
Info:  PAD pin `DDRPHY_BLK_0:A` of `DDRPHY_BLK_0` is automatically connected to a top-level port.
Info:  PAD pin `DDRPHY_BLK_0:CK0` of `DDRPHY_BLK_0` is automatically connected to a top-level port.
Info:  PAD pin `DDRPHY_BLK_0:CK0_N` of `DDRPHY_BLK_0` is automatically connected to a top-level port.
Info:  PAD pin `DDRPHY_BLK_0:SHIELD0` of `DDRPHY_BLK_0` is automatically connected to a top-level port.
Info:  PAD pin `DDRPHY_BLK_0:SHIELD1` of `DDRPHY_BLK_0` is automatically connected to a top-level port.
Info:  PAD pin `DDRPHY_BLK_0:SHIELD2` of `DDRPHY_BLK_0` is automatically connected to a top-level port.
Info:  PAD pin `DDRPHY_BLK_0:SHIELD3` of `DDRPHY_BLK_0` is automatically connected to a top-level port.
Info:  PAD pin `DDRPHY_BLK_0:SHIELD4` of `DDRPHY_BLK_0` is automatically connected to a top-level port.
Info:  PAD pin `DDRPHY_BLK_0:SHIELD5` of `DDRPHY_BLK_0` is automatically connected to a top-level port.
Info:  PAD pin `DDRPHY_BLK_0:SHIELD6` of `DDRPHY_BLK_0` is automatically connected to a top-level port.
Info:  PAD pin `DDRPHY_BLK_0:SHIELD7` of `DDRPHY_BLK_0` is automatically connected to a top-level port.
Warning:  Replace the driver for pin 'DLL_CODE' of 'DDRPHY_BLK_0' to 'DLL_CODE' of 'DLL_0'? [YES]
Writing file at C:/Users/c79828/Documents/HLS_Work/fpga-hls-libraries/vision/demo_designs/PF_Video_kit/libero/vision_pipeline/component/work/PF_DDR4_C0/DDRCTRL_0/DDRCTRL_0/sdram_lb_defines_0.v

Info: 'PF_DDR4_C0' was successfully generated.
Info: 'PF_DDR4_C0' manifest file 'C:/Users/c79828/Documents/HLS_Work/fpga-hls-libraries/vision/demo_designs/PF_Video_kit/libero/vision_pipeline/component/work/PF_DDR4_C0/PF_DDR4_C0_manifest.txt' was successfully generated.

Info:  Component 'PF_DDR4_C0' was successfully created and configured with vendor:Actel library:SystemBuilder name:PF_DDR4 version:2.5.120.
Info: 'COREI2C_C0' was successfully generated.
Info: 'COREI2C_C0' manifest file 'C:/Users/c79828/Documents/HLS_Work/fpga-hls-libraries/vision/demo_designs/PF_Video_kit/libero/vision_pipeline/component/work/COREI2C_C0/COREI2C_C0_manifest.txt' was successfully generated.

Info:  Component 'COREI2C_C0' was successfully created and configured with vendor:Actel library:DirectCore name:COREI2C version:7.2.101.
Info: 'CoreAHBLite_C0' was successfully generated.
Info: 'CoreAHBLite_C0' manifest file 'C:/Users/c79828/Documents/HLS_Work/fpga-hls-libraries/vision/demo_designs/PF_Video_kit/libero/vision_pipeline/component/work/CoreAHBLite_C0/CoreAHBLite_C0_manifest.txt' was successfully generated.

Info:  Component 'CoreAHBLite_C0' was successfully created and configured with vendor:Actel library:DirectCore name:CoreAHBLite version:5.6.105.
Info: 'MIV_RV32IMA_L1_AHB_C0' was successfully generated.
Info: 'MIV_RV32IMA_L1_AHB_C0' manifest file 'C:/Users/c79828/Documents/HLS_Work/fpga-hls-libraries/vision/demo_designs/PF_Video_kit/libero/vision_pipeline/component/work/MIV_RV32IMA_L1_AHB_C0/MIV_RV32IMA_L1_AHB_C0_manifest.txt' was successfully generated.

Info:  Component 'MIV_RV32IMA_L1_AHB_C0' was successfully created and configured with vendor:Microsemi library:MiV name:MIV_RV32IMA_L1_AHB version:2.3.100.
TPSRAM param values are FAMILY:26 BYTE_ENABLE_WIDTH:4 ECC:0 IMPORT_FILE: INIT_RAM:F PMODE2:0 RDEPTH:16384 WDEPTH:16384 RWIDTH:40 WWIDTH:40 

Info: 'PF_SRAM_AHBL_AXI_C0' was successfully generated.
Info: 'PF_SRAM_AHBL_AXI_C0' manifest file 'C:/Users/c79828/Documents/HLS_Work/fpga-hls-libraries/vision/demo_designs/PF_Video_kit/libero/vision_pipeline/component/work/PF_SRAM_AHBL_AXI_C0/PF_SRAM_AHBL_AXI_C0_manifest.txt' was successfully generated.

Info:  Component 'PF_SRAM_AHBL_AXI_C0' was successfully created and configured with vendor:Actel library:SystemBuilder name:PF_SRAM_AHBL_AXI version:1.2.116.
Warning: Target 'PF_SRAM_AHBL_AXI_C0_0:AHBSlaveInterface' with address space 0x8000_0000 - 0xFFFF_FFFF can be accessed partially by Initiator address space 0x8000_0000 - 0x8FFF_FFFF
Warning: SmartDesign 'PROC_SUBSYSTEM' design rules check succeeded, but with warnings
Warning:  There is a data width mismatch between CoreAPB3_0:APBmslave4:PWDATAS[0-31] and COREI2C_C0_0:APBslave:PWDATA[0-7] which may result in a loss of data.
Warning:  There is a data width mismatch between CoreAPB3_0:APBmslave7:PWDATAS[0-31] and COREI2C_C0_2:APBslave:PWDATA[0-7] which may result in a loss of data.
Warning:  There is a data width mismatch between CoreAPB3_0:APBmslave8:PWDATAS[0-31] and COREI2C_C0_1:APBslave:PWDATA[0-7] which may result in a loss of data.
Info: 'PROC_SUBSYSTEM' was successfully generated.
Info: 'PROC_SUBSYSTEM' manifest file 'C:/Users/c79828/Documents/HLS_Work/fpga-hls-libraries/vision/demo_designs/PF_Video_kit/libero/vision_pipeline/component/work/PROC_SUBSYSTEM/PROC_SUBSYSTEM_manifest.txt' was successfully generated.

Info:  Successfully generated component 'PROC_SUBSYSTEM'.
Info: 'CORERESET_PF_C0' was successfully generated.
Info: 'CORERESET_PF_C0' manifest file 'C:/Users/c79828/Documents/HLS_Work/fpga-hls-libraries/vision/demo_designs/PF_Video_kit/libero/vision_pipeline/component/work/CORERESET_PF_C0/CORERESET_PF_C0_manifest.txt' was successfully generated.

Info:  Component 'CORERESET_PF_C0' was successfully created and configured with vendor:Actel library:DirectCore name:CORERESET_PF version:2.2.107.
Info: 'PF_INIT_MONITOR_C0' was successfully generated.
Info: 'PF_INIT_MONITOR_C0' manifest file 'C:/Users/c79828/Documents/HLS_Work/fpga-hls-libraries/vision/demo_designs/PF_Video_kit/libero/vision_pipeline/component/work/PF_INIT_MONITOR_C0/PF_INIT_MONITOR_C0_manifest.txt' was successfully generated.

Info:  Component 'PF_INIT_MONITOR_C0' was successfully created and configured with vendor:Actel library:SgCore name:PF_INIT_MONITOR version:2.0.308.
Info: 'Reset' was successfully generated.
Info: 'Reset' manifest file 'C:/Users/c79828/Documents/HLS_Work/fpga-hls-libraries/vision/demo_designs/PF_Video_kit/libero/vision_pipeline/component/work/Reset/Reset_manifest.txt' was successfully generated.

Info:  Successfully generated component 'Reset'.
Warning: Target 'PROC_SUBSYSTEM_0/PF_SRAM_AHBL_AXI_C0_0:AHBSlaveInterface' with address space 0x8000_0000 - 0xFFFF_FFFF can be accessed partially by Initiator address space 0x8000_0000 - 0x8FFF_FFFF
Warning: SmartDesign 'VIDEO_KIT_TOP' design rules check succeeded, but with warnings
Warning: Floating output pin CCC_0:OUT0_FABCLK_0
Warning:  There is a data width mismatch between COREAXI4INTERCONNECT_C0_0:AXI4mmaster0:MASTER0_RDATA[0-63] and DDR_Write_wrapper_top_0:axi4initiator:[0--1] which may result in a loss of data.
Warning:  There is an ID width mismatch between COREAXI4INTERCONNECT_C0_0:AXI4mmaster1:MASTER1_RID[0-0] and VideoPipelineTop_top_0:axi4initiator:[0--1] which may result in a loss of data.
Warning: Floating output pin DDR_Write_wrapper_top_0:ready
Warning:  There is an ID width mismatch between PF_DDR4_C0_0:AXI4slave0:axi0_rid[0-3] and COREAXI4INTERCONNECT_C0_0:AXI4mslave0:SLAVE0_RID[0-1] which may result in a loss of data.
Warning: Floating output pin PROC_SUBSYSTEM_0:APB_CLK
Warning: Floating output pin PROC_SUBSYSTEM_0:APB_Reset
Warning: Floating output bus pin PROC_SUBSYSTEM_0:GPIO_OUT_0[3:0]
Warning: Unconnected bus interface pin PROC_SUBSYSTEM_0:APBmslave9
Warning: Floating output pin Reset_0:FABRIC_RESET_N_1
Warning: Floating output pin VideoPipelineTop_top_0:ready
Warning: Floating output pin VideoPipelineTop_top_0:finish
Info: 'VIDEO_KIT_TOP' was successfully generated.
Info: 'VIDEO_KIT_TOP' manifest file 'C:/Users/c79828/Documents/HLS_Work/fpga-hls-libraries/vision/demo_designs/PF_Video_kit/libero/vision_pipeline/component/work/VIDEO_KIT_TOP/VIDEO_KIT_TOP_manifest.txt' was successfully generated.

Info:  Successfully generated component 'VIDEO_KIT_TOP'.
Reading file 'C:\Users\c79828\Documents\HLS_Work\fpga-hls-libraries\vision\demo_designs\PF_Video_kit\libero\vision_pipeline\component\work\CoreAHBLite_C0\CoreAHBLite_C0.v'.
Reading file 'C:\Users\c79828\Documents\HLS_Work\fpga-hls-libraries\vision\demo_designs\PF_Video_kit\libero\vision_pipeline\component\Actel\DirectCore\CoreAHBLite\5.6.105\rtl\vlog\core\coreahblite_addrdec.v'.
Reading file 'C:\Users\c79828\Documents\HLS_Work\fpga-hls-libraries\vision\demo_designs\PF_Video_kit\libero\vision_pipeline\component\Actel\DirectCore\CoreAHBLite\5.6.105\rtl\vlog\core\coreahblite_defaultslavesm.v'.
Reading file 'C:\Users\c79828\Documents\HLS_Work\fpga-hls-libraries\vision\demo_designs\PF_Video_kit\libero\vision_pipeline\component\Actel\DirectCore\CoreAHBLite\5.6.105\rtl\vlog\core\coreahblite_slavearbiter.v'.
Reading file 'C:\Users\c79828\Documents\HLS_Work\fpga-hls-libraries\vision\demo_designs\PF_Video_kit\libero\vision_pipeline\component\Actel\DirectCore\CoreAHBLite\5.6.105\rtl\vlog\core\coreahblite_masterstage.v'.
Reading file 'C:\Users\c79828\Documents\HLS_Work\fpga-hls-libraries\vision\demo_designs\PF_Video_kit\libero\vision_pipeline\component\Actel\DirectCore\CoreAHBLite\5.6.105\rtl\vlog\core\coreahblite_slavestage.v'.
Reading file 'C:\Users\c79828\Documents\HLS_Work\fpga-hls-libraries\vision\demo_designs\PF_Video_kit\libero\vision_pipeline\component\Actel\DirectCore\CoreAHBLite\5.6.105\rtl\vlog\core\coreahblite_matrix4x16.v'.
Reading file 'C:\Users\c79828\Documents\HLS_Work\fpga-hls-libraries\vision\demo_designs\PF_Video_kit\libero\vision_pipeline\component\Actel\DirectCore\CoreAHBLite\5.6.105\rtl\vlog\amba_bfm\bfm_main.v'.
Reading file 'C:\Users\c79828\Documents\HLS_Work\fpga-hls-libraries\vision\demo_designs\PF_Video_kit\libero\vision_pipeline\component\Actel\DirectCore\CoreAHBLite\5.6.105\rtl\vlog\amba_bfm\bfm_ahbl.v'.
Reading file 'C:\Users\c79828\Documents\HLS_Work\fpga-hls-libraries\vision\demo_designs\PF_Video_kit\libero\vision_pipeline\component\Actel\DirectCore\CoreAHBLite\5.6.105\rtl\vlog\amba_bfm\bfm_ahbslaveext.v'.
Reading file 'C:\Users\c79828\Documents\HLS_Work\fpga-hls-libraries\vision\demo_designs\PF_Video_kit\libero\vision_pipeline\component\Actel\DirectCore\CoreAHBLite\5.6.105\rtl\vlog\amba_bfm\bfm_ahbslave.v'.
Reading file 'C:\Users\c79828\Documents\HLS_Work\fpga-hls-libraries\vision\demo_designs\PF_Video_kit\libero\vision_pipeline\component\work\CoreAHBLite_C0\CoreAHBLite_C0_0\rtl\vlog\core\coreahblite.v'.
Reading file 'C:\Users\c79828\Documents\HLS_Work\fpga-hls-libraries\vision\demo_designs\PF_Video_kit\libero\vision_pipeline\component\work\CoreAHBLite_C0\CoreAHBLite_C0_0\coreparameters.v'.
Reading file 'C:\Users\c79828\Documents\HLS_Work\fpga-hls-libraries\vision\demo_designs\PF_Video_kit\libero\vision_pipeline\component\Actel\DirectCore\CoreAHBLite\5.6.105\rtl\vlog\amba_bfm\bfm_main.v'.
Reading file 'C:\Users\c79828\Documents\HLS_Work\fpga-hls-libraries\vision\demo_designs\PF_Video_kit\libero\vision_pipeline\component\Actel\DirectCore\CoreAHBLite\5.6.105\rtl\vlog\amba_bfm\bfm_ahbl.v'.
Reading file 'C:\Users\c79828\Documents\HLS_Work\fpga-hls-libraries\vision\demo_designs\PF_Video_kit\libero\vision_pipeline\component\Actel\DirectCore\CoreAHBLite\5.6.105\rtl\vlog\amba_bfm\bfm_ahbslaveext.v'.
Reading file 'C:\Users\c79828\Documents\HLS_Work\fpga-hls-libraries\vision\demo_designs\PF_Video_kit\libero\vision_pipeline\component\Actel\DirectCore\CoreAHBLite\5.6.105\rtl\vlog\amba_bfm\bfm_ahbslave.v'.
Reading file 'C:\Users\c79828\Documents\HLS_Work\fpga-hls-libraries\vision\demo_designs\PF_Video_kit\libero\vision_pipeline\component\work\CoreAHBLite_C0\CoreAHBLite_C0_0\rtl\vlog\test\user\testbench.v'.
Reading file 'C:\Users\c79828\Documents\HLS_Work\fpga-hls-libraries\vision\demo_designs\PF_Video_kit\libero\vision_pipeline\component\work\COREAXI4INTERCONNECT_C0\COREAXI4INTERCONNECT_C0.v'.
Reading file 'C:\Users\c79828\Documents\HLS_Work\fpga-hls-libraries\vision\demo_designs\PF_Video_kit\libero\vision_pipeline\component\Actel\DirectCore\COREAXI4INTERCONNECT\2.8.103\rtl\vlog\core\Axi4Convertors\MasterConvertor.v'.
Reading file 'C:\Users\c79828\Documents\HLS_Work\fpga-hls-libraries\vision\demo_designs\PF_Video_kit\libero\vision_pipeline\component\Actel\DirectCore\COREAXI4INTERCONNECT\2.8.103\rtl\vlog\core\Axi4Convertors\MstrProtocolConverter.v'.
Reading file 'C:\Users\c79828\Documents\HLS_Work\fpga-hls-libraries\vision\demo_designs\PF_Video_kit\libero\vision_pipeline\component\Actel\DirectCore\COREAXI4INTERCONNECT\2.8.103\rtl\vlog\core\Axi4Convertors\RegisterSlice.v'.
Reading file 'C:\Users\c79828\Documents\HLS_Work\fpga-hls-libraries\vision\demo_designs\PF_Video_kit\libero\vision_pipeline\component\Actel\DirectCore\COREAXI4INTERCONNECT\2.8.103\rtl\vlog\core\Axi4Convertors\RegSliceFull.v'.
Reading file 'C:\Users\c79828\Documents\HLS_Work\fpga-hls-libraries\vision\demo_designs\PF_Video_kit\libero\vision_pipeline\component\Actel\DirectCore\COREAXI4INTERCONNECT\2.8.103\rtl\vlog\core\Axi4Convertors\SlaveConvertor.v'.
Reading file 'C:\Users\c79828\Documents\HLS_Work\fpga-hls-libraries\vision\demo_designs\PF_Video_kit\libero\vision_pipeline\component\Actel\DirectCore\COREAXI4INTERCONNECT\2.8.103\rtl\vlog\core\Axi4Convertors\SlvAxi4ProtConvRead.v'.
Reading file 'C:\Users\c79828\Documents\HLS_Work\fpga-hls-libraries\vision\demo_designs\PF_Video_kit\libero\vision_pipeline\component\Actel\DirectCore\COREAXI4INTERCONNECT\2.8.103\rtl\vlog\core\Axi4Convertors\SlvAxi4ProtConvWrite.v'.
Reading file 'C:\Users\c79828\Documents\HLS_Work\fpga-hls-libraries\vision\demo_designs\PF_Video_kit\libero\vision_pipeline\component\Actel\DirectCore\COREAXI4INTERCONNECT\2.8.103\rtl\vlog\core\Axi4Convertors\SlvAxi4ProtocolConv.v'.
Reading file 'C:\Users\c79828\Documents\HLS_Work\fpga-hls-libraries\vision\demo_designs\PF_Video_kit\libero\vision_pipeline\component\Actel\DirectCore\COREAXI4INTERCONNECT\2.8.103\rtl\vlog\core\Axi4Convertors\SlvDataWidthConverter.v'.
Reading file 'C:\Users\c79828\Documents\HLS_Work\fpga-hls-libraries\vision\demo_designs\PF_Video_kit\libero\vision_pipeline\component\Actel\DirectCore\COREAXI4INTERCONNECT\2.8.103\rtl\vlog\core\Axi4Convertors\SlvProtocolConverter.v'.
Reading file 'C:\Users\c79828\Documents\HLS_Work\fpga-hls-libraries\vision\demo_designs\PF_Video_kit\libero\vision_pipeline\component\Actel\DirectCore\COREAXI4INTERCONNECT\2.8.103\rtl\vlog\core\Axi4CrossBar\AddressController.v'.
Reading file 'C:\Users\c79828\Documents\HLS_Work\fpga-hls-libraries\vision\demo_designs\PF_Video_kit\libero\vision_pipeline\component\Actel\DirectCore\COREAXI4INTERCONNECT\2.8.103\rtl\vlog\core\Axi4CrossBar\Axi4CrossBar.v'.
Reading file 'C:\Users\c79828\Documents\HLS_Work\fpga-hls-libraries\vision\demo_designs\PF_Video_kit\libero\vision_pipeline\component\Actel\DirectCore\COREAXI4INTERCONNECT\2.8.103\rtl\vlog\core\Axi4CrossBar\BitScan0.v'.
Reading file 'C:\Users\c79828\Documents\HLS_Work\fpga-hls-libraries\vision\demo_designs\PF_Video_kit\libero\vision_pipeline\component\Actel\DirectCore\COREAXI4INTERCONNECT\2.8.103\rtl\vlog\core\Axi4CrossBar\DependenceChecker.v'.
Reading file 'C:\Users\c79828\Documents\HLS_Work\fpga-hls-libraries\vision\demo_designs\PF_Video_kit\libero\vision_pipeline\component\Actel\DirectCore\COREAXI4INTERCONNECT\2.8.103\rtl\vlog\core\Axi4CrossBar\DERR_Slave.v'.
Reading file 'C:\Users\c79828\Documents\HLS_Work\fpga-hls-libraries\vision\demo_designs\PF_Video_kit\libero\vision_pipeline\component\Actel\DirectCore\COREAXI4INTERCONNECT\2.8.103\rtl\vlog\core\Axi4CrossBar\DualPort_FF_SyncWr_SyncRd.v'.
Reading file 'C:\Users\c79828\Documents\HLS_Work\fpga-hls-libraries\vision\demo_designs\PF_Video_kit\libero\vision_pipeline\component\Actel\DirectCore\COREAXI4INTERCONNECT\2.8.103\rtl\vlog\core\Axi4CrossBar\DualPort_Ram_SyncWr_SyncRd.v'.
Reading file 'C:\Users\c79828\Documents\HLS_Work\fpga-hls-libraries\vision\demo_designs\PF_Video_kit\libero\vision_pipeline\component\Actel\DirectCore\COREAXI4INTERCONNECT\2.8.103\rtl\vlog\core\Axi4CrossBar\FifoDualPort.v'.
Reading file 'C:\Users\c79828\Documents\HLS_Work\fpga-hls-libraries\vision\demo_designs\PF_Video_kit\libero\vision_pipeline\component\Actel\DirectCore\COREAXI4INTERCONNECT\2.8.103\rtl\vlog\core\Axi4CrossBar\MasterControl.v'.
Reading file 'C:\Users\c79828\Documents\HLS_Work\fpga-hls-libraries\vision\demo_designs\PF_Video_kit\libero\vision_pipeline\component\Actel\DirectCore\COREAXI4INTERCONNECT\2.8.103\rtl\vlog\core\Axi4CrossBar\RDataController.v'.
Reading file 'C:\Users\c79828\Documents\HLS_Work\fpga-hls-libraries\vision\demo_designs\PF_Video_kit\libero\vision_pipeline\component\Actel\DirectCore\COREAXI4INTERCONNECT\2.8.103\rtl\vlog\core\Axi4CrossBar\RdFifoDualPort.v'.
Reading file 'C:\Users\c79828\Documents\HLS_Work\fpga-hls-libraries\vision\demo_designs\PF_Video_kit\libero\vision_pipeline\component\Actel\DirectCore\COREAXI4INTERCONNECT\2.8.103\rtl\vlog\core\Axi4CrossBar\ReadDataController.v'.
Reading file 'C:\Users\c79828\Documents\HLS_Work\fpga-hls-libraries\vision\demo_designs\PF_Video_kit\libero\vision_pipeline\component\Actel\DirectCore\COREAXI4INTERCONNECT\2.8.103\rtl\vlog\core\Axi4CrossBar\ReadDataMux.v'.
Reading file 'C:\Users\c79828\Documents\HLS_Work\fpga-hls-libraries\vision\demo_designs\PF_Video_kit\libero\vision_pipeline\component\Actel\DirectCore\COREAXI4INTERCONNECT\2.8.103\rtl\vlog\core\Axi4CrossBar\RequestQual.v'.
Reading file 'C:\Users\c79828\Documents\HLS_Work\fpga-hls-libraries\vision\demo_designs\PF_Video_kit\libero\vision_pipeline\component\Actel\DirectCore\COREAXI4INTERCONNECT\2.8.103\rtl\vlog\core\Axi4CrossBar\ResetSycnc.v'.
Reading file 'C:\Users\c79828\Documents\HLS_Work\fpga-hls-libraries\vision\demo_designs\PF_Video_kit\libero\vision_pipeline\component\Actel\DirectCore\COREAXI4INTERCONNECT\2.8.103\rtl\vlog\core\Axi4CrossBar\RespController.v'.
Reading file 'C:\Users\c79828\Documents\HLS_Work\fpga-hls-libraries\vision\demo_designs\PF_Video_kit\libero\vision_pipeline\component\Actel\DirectCore\COREAXI4INTERCONNECT\2.8.103\rtl\vlog\core\Axi4CrossBar\RoundRobinArb.v'.
Reading file 'C:\Users\c79828\Documents\HLS_Work\fpga-hls-libraries\vision\demo_designs\PF_Video_kit\libero\vision_pipeline\component\Actel\DirectCore\COREAXI4INTERCONNECT\2.8.103\rtl\vlog\core\Axi4CrossBar\SlaveDataMuxController.v'.
Reading file 'C:\Users\c79828\Documents\HLS_Work\fpga-hls-libraries\vision\demo_designs\PF_Video_kit\libero\vision_pipeline\component\Actel\DirectCore\COREAXI4INTERCONNECT\2.8.103\rtl\vlog\core\Axi4CrossBar\TargetMuxController.v'.
Reading file 'C:\Users\c79828\Documents\HLS_Work\fpga-hls-libraries\vision\demo_designs\PF_Video_kit\libero\vision_pipeline\component\Actel\DirectCore\COREAXI4INTERCONNECT\2.8.103\rtl\vlog\core\Axi4CrossBar\TransactionController.v'.
Reading file 'C:\Users\c79828\Documents\HLS_Work\fpga-hls-libraries\vision\demo_designs\PF_Video_kit\libero\vision_pipeline\component\Actel\DirectCore\COREAXI4INTERCONNECT\2.8.103\rtl\vlog\core\Axi4CrossBar\WDataController.v'.
Reading file 'C:\Users\c79828\Documents\HLS_Work\fpga-hls-libraries\vision\demo_designs\PF_Video_kit\libero\vision_pipeline\component\Actel\DirectCore\COREAXI4INTERCONNECT\2.8.103\rtl\vlog\core\Axi4CrossBar\WriteDataMux.v'.
Reading file 'C:\Users\c79828\Documents\HLS_Work\fpga-hls-libraries\vision\demo_designs\PF_Video_kit\libero\vision_pipeline\component\Actel\DirectCore\COREAXI4INTERCONNECT\2.8.103\rtl\vlog\core\CoreAxi4Interconnect.v'.
Reading file 'C:\Users\c79828\Documents\HLS_Work\fpga-hls-libraries\vision\demo_designs\PF_Video_kit\libero\vision_pipeline\component\Actel\DirectCore\COREAXI4INTERCONNECT\2.8.103\rtl\vlog\core\Axi4Convertors\MstrDataWidthConv.v'.
Reading file 'C:\Users\c79828\Documents\HLS_Work\fpga-hls-libraries\vision\demo_designs\PF_Video_kit\libero\vision_pipeline\component\Actel\DirectCore\COREAXI4INTERCONNECT\2.8.103\rtl\vlog\core\Axi4CrossBar\Revision.v'.
Reading file 'C:\Users\c79828\Documents\HLS_Work\fpga-hls-libraries\vision\demo_designs\PF_Video_kit\libero\vision_pipeline\component\Actel\DirectCore\COREAXI4INTERCONNECT\2.8.103\rtl\vlog\core\Axi4Convertors\AHB_SM.v'.
Reading file 'C:\Users\c79828\Documents\HLS_Work\fpga-hls-libraries\vision\demo_designs\PF_Video_kit\libero\vision_pipeline\component\Actel\DirectCore\COREAXI4INTERCONNECT\2.8.103\rtl\vlog\core\Axi4Convertors\AHBL_Ctrl.v'.
Reading file 'C:\Users\c79828\Documents\HLS_Work\fpga-hls-libraries\vision\demo_designs\PF_Video_kit\libero\vision_pipeline\component\Actel\DirectCore\COREAXI4INTERCONNECT\2.8.103\rtl\vlog\core\Axi4Convertors\AXI4_Read_Ctrl.v'.
Reading file 'C:\Users\c79828\Documents\HLS_Work\fpga-hls-libraries\vision\demo_designs\PF_Video_kit\libero\vision_pipeline\component\Actel\DirectCore\COREAXI4INTERCONNECT\2.8.103\rtl\vlog\core\Axi4Convertors\AXI4_Write_Ctrl.v'.
Reading file 'C:\Users\c79828\Documents\HLS_Work\fpga-hls-libraries\vision\demo_designs\PF_Video_kit\libero\vision_pipeline\component\Actel\DirectCore\COREAXI4INTERCONNECT\2.8.103\rtl\vlog\core\Axi4Convertors\MstrAHBtoAXI4Converter.v'.
Reading file 'C:\Users\c79828\Documents\HLS_Work\fpga-hls-libraries\vision\demo_designs\PF_Video_kit\libero\vision_pipeline\component\Actel\DirectCore\COREAXI4INTERCONNECT\2.8.103\rtl\vlog\core\Axi4Convertors\FIFO.v'.
Reading file 'C:\Users\c79828\Documents\HLS_Work\fpga-hls-libraries\vision\demo_designs\PF_Video_kit\libero\vision_pipeline\component\Actel\DirectCore\COREAXI4INTERCONNECT\2.8.103\rtl\vlog\core\Axi4Convertors\FIFO_CTRL.v'.
Reading file 'C:\Users\c79828\Documents\HLS_Work\fpga-hls-libraries\vision\demo_designs\PF_Video_kit\libero\vision_pipeline\component\Actel\DirectCore\COREAXI4INTERCONNECT\2.8.103\rtl\vlog\core\Axi4Convertors\RAM_BLOCK.v'.
Reading file 'C:\Users\c79828\Documents\HLS_Work\fpga-hls-libraries\vision\demo_designs\PF_Video_kit\libero\vision_pipeline\component\Actel\DirectCore\COREAXI4INTERCONNECT\2.8.103\rtl\vlog\core\Axi4Convertors\UpConverter.v'.
Reading file 'C:\Users\c79828\Documents\HLS_Work\fpga-hls-libraries\vision\demo_designs\PF_Video_kit\libero\vision_pipeline\component\Actel\DirectCore\COREAXI4INTERCONNECT\2.8.103\rtl\vlog\core\Axi4Convertors\DownConverter.v'.
Reading file 'C:\Users\c79828\Documents\HLS_Work\fpga-hls-libraries\vision\demo_designs\PF_Video_kit\libero\vision_pipeline\component\Actel\DirectCore\COREAXI4INTERCONNECT\2.8.103\rtl\vlog\core\Axi4Convertors\DWC_DownConv_CmdFifoWriteCtrl.v'.
Reading file 'C:\Users\c79828\Documents\HLS_Work\fpga-hls-libraries\vision\demo_designs\PF_Video_kit\libero\vision_pipeline\component\Actel\DirectCore\COREAXI4INTERCONNECT\2.8.103\rtl\vlog\core\Axi4Convertors\DWC_DownConv_readWidthConv.v'.
Reading file 'C:\Users\c79828\Documents\HLS_Work\fpga-hls-libraries\vision\demo_designs\PF_Video_kit\libero\vision_pipeline\component\Actel\DirectCore\COREAXI4INTERCONNECT\2.8.103\rtl\vlog\core\Axi4Convertors\DWC_DownConv_widthConvrd.v'.
Reading file 'C:\Users\c79828\Documents\HLS_Work\fpga-hls-libraries\vision\demo_designs\PF_Video_kit\libero\vision_pipeline\component\Actel\DirectCore\COREAXI4INTERCONNECT\2.8.103\rtl\vlog\core\Axi4Convertors\DWC_DownConv_widthConvwr.v'.
Reading file 'C:\Users\c79828\Documents\HLS_Work\fpga-hls-libraries\vision\demo_designs\PF_Video_kit\libero\vision_pipeline\component\Actel\DirectCore\COREAXI4INTERCONNECT\2.8.103\rtl\vlog\core\Axi4Convertors\DWC_DownConv_writeWidthConv.v'.
Reading file 'C:\Users\c79828\Documents\HLS_Work\fpga-hls-libraries\vision\demo_designs\PF_Video_kit\libero\vision_pipeline\component\Actel\DirectCore\COREAXI4INTERCONNECT\2.8.103\rtl\vlog\core\Axi4Convertors\DWC_UpConv_AChannel.v'.
Reading file 'C:\Users\c79828\Documents\HLS_Work\fpga-hls-libraries\vision\demo_designs\PF_Video_kit\libero\vision_pipeline\component\Actel\DirectCore\COREAXI4INTERCONNECT\2.8.103\rtl\vlog\core\Axi4Convertors\DWC_UpConv_BChannel.v'.
Reading file 'C:\Users\c79828\Documents\HLS_Work\fpga-hls-libraries\vision\demo_designs\PF_Video_kit\libero\vision_pipeline\component\Actel\DirectCore\COREAXI4INTERCONNECT\2.8.103\rtl\vlog\core\Axi4Convertors\DWC_UpConv_RChannel.v'.
Reading file 'C:\Users\c79828\Documents\HLS_Work\fpga-hls-libraries\vision\demo_designs\PF_Video_kit\libero\vision_pipeline\component\Actel\DirectCore\COREAXI4INTERCONNECT\2.8.103\rtl\vlog\core\Axi4Convertors\DWC_UpConv_RChan_Ctrl.v'.
Reading file 'C:\Users\c79828\Documents\HLS_Work\fpga-hls-libraries\vision\demo_designs\PF_Video_kit\libero\vision_pipeline\component\Actel\DirectCore\COREAXI4INTERCONNECT\2.8.103\rtl\vlog\core\Axi4Convertors\DWC_UpConv_WChannel.v'.
Reading file 'C:\Users\c79828\Documents\HLS_Work\fpga-hls-libraries\vision\demo_designs\PF_Video_kit\libero\vision_pipeline\component\Actel\DirectCore\COREAXI4INTERCONNECT\2.8.103\rtl\vlog\core\Axi4Convertors\DWC_UpConv_WChan_ReadDataFifoCtrl.v'.
Reading file 'C:\Users\c79828\Documents\HLS_Work\fpga-hls-libraries\vision\demo_designs\PF_Video_kit\libero\vision_pipeline\component\Actel\DirectCore\COREAXI4INTERCONNECT\2.8.103\rtl\vlog\core\Axi4Convertors\DWC_UpConv_Wchan_WriteDataFifoCtrl.v'.
Reading file 'C:\Users\c79828\Documents\HLS_Work\fpga-hls-libraries\vision\demo_designs\PF_Video_kit\libero\vision_pipeline\component\Actel\DirectCore\COREAXI4INTERCONNECT\2.8.103\rtl\vlog\core\Axi4Convertors\FIFO_downsizing.v'.
Reading file 'C:\Users\c79828\Documents\HLS_Work\fpga-hls-libraries\vision\demo_designs\PF_Video_kit\libero\vision_pipeline\component\Actel\DirectCore\COREAXI4INTERCONNECT\2.8.103\rtl\vlog\core\Axi4Convertors\FIFO_upsizing.v'.
Reading file 'C:\Users\c79828\Documents\HLS_Work\fpga-hls-libraries\vision\demo_designs\PF_Video_kit\libero\vision_pipeline\component\Actel\DirectCore\COREAXI4INTERCONNECT\2.8.103\rtl\vlog\core\Axi4Convertors\DWC_DownConv_Hold_Reg_Rd.v'.
Reading file 'C:\Users\c79828\Documents\HLS_Work\fpga-hls-libraries\vision\demo_designs\PF_Video_kit\libero\vision_pipeline\component\Actel\DirectCore\COREAXI4INTERCONNECT\2.8.103\rtl\vlog\core\Axi4Convertors\DWC_DownConv_Hold_Reg_Wr.v'.
Reading file 'C:\Users\c79828\Documents\HLS_Work\fpga-hls-libraries\vision\demo_designs\PF_Video_kit\libero\vision_pipeline\component\Actel\DirectCore\COREAXI4INTERCONNECT\2.8.103\rtl\vlog\core\Axi4Convertors\Hold_Reg_Ctrl.v'.
Reading file 'C:\Users\c79828\Documents\HLS_Work\fpga-hls-libraries\vision\demo_designs\PF_Video_kit\libero\vision_pipeline\component\Actel\DirectCore\COREAXI4INTERCONNECT\2.8.103\rtl\vlog\core\Axi4CrossBar\MasterAddressDecoder.v'.
Reading file 'C:\Users\c79828\Documents\HLS_Work\fpga-hls-libraries\vision\demo_designs\PF_Video_kit\libero\vision_pipeline\component\Actel\DirectCore\COREAXI4INTERCONNECT\2.8.103\rtl\vlog\core\Axi4Convertors\Bin2Gray.v'.
Reading file 'C:\Users\c79828\Documents\HLS_Work\fpga-hls-libraries\vision\demo_designs\PF_Video_kit\libero\vision_pipeline\component\Actel\DirectCore\COREAXI4INTERCONNECT\2.8.103\rtl\vlog\core\Axi4Convertors\CDC_FIFO.v'.
Reading file 'C:\Users\c79828\Documents\HLS_Work\fpga-hls-libraries\vision\demo_designs\PF_Video_kit\libero\vision_pipeline\component\Actel\DirectCore\COREAXI4INTERCONNECT\2.8.103\rtl\vlog\core\Axi4Convertors\CDC_grayCodeCounter.v'.
Reading file 'C:\Users\c79828\Documents\HLS_Work\fpga-hls-libraries\vision\demo_designs\PF_Video_kit\libero\vision_pipeline\component\Actel\DirectCore\COREAXI4INTERCONNECT\2.8.103\rtl\vlog\core\Axi4Convertors\CDC_rdCtrl.v'.
Reading file 'C:\Users\c79828\Documents\HLS_Work\fpga-hls-libraries\vision\demo_designs\PF_Video_kit\libero\vision_pipeline\component\Actel\DirectCore\COREAXI4INTERCONNECT\2.8.103\rtl\vlog\core\Axi4Convertors\CDC_wrCtrl.v'.
Reading file 'C:\Users\c79828\Documents\HLS_Work\fpga-hls-libraries\vision\demo_designs\PF_Video_kit\libero\vision_pipeline\component\Actel\DirectCore\COREAXI4INTERCONNECT\2.8.103\rtl\vlog\core\Axi4Convertors\MstrClockDomainCrossing.v'.
Reading file 'C:\Users\c79828\Documents\HLS_Work\fpga-hls-libraries\vision\demo_designs\PF_Video_kit\libero\vision_pipeline\component\Actel\DirectCore\COREAXI4INTERCONNECT\2.8.103\rtl\vlog\core\Axi4Convertors\SlvClockDomainCrossing.v'.
Reading file 'C:\Users\c79828\Documents\HLS_Work\fpga-hls-libraries\vision\demo_designs\PF_Video_kit\libero\vision_pipeline\component\Actel\DirectCore\COREAXI4INTERCONNECT\2.8.103\rtl\vlog\core\Axi4Convertors\byte2bit.v'.
Reading file 'C:\Users\c79828\Documents\HLS_Work\fpga-hls-libraries\vision\demo_designs\PF_Video_kit\libero\vision_pipeline\component\Actel\DirectCore\COREAXI4INTERCONNECT\2.8.103\rtl\vlog\core\Axi4Convertors\DWC_DownConv_preCalcCmdFifoWrCtrl.v'.
Reading file 'C:\Users\c79828\Documents\HLS_Work\fpga-hls-libraries\vision\demo_designs\PF_Video_kit\libero\vision_pipeline\component\Actel\DirectCore\COREAXI4INTERCONNECT\2.8.103\rtl\vlog\core\Axi4Convertors\DWC_UpConv_preCalcAChannel.v'.
Reading file 'C:\Users\c79828\Documents\HLS_Work\fpga-hls-libraries\vision\demo_designs\PF_Video_kit\libero\vision_pipeline\component\Actel\DirectCore\COREAXI4INTERCONNECT\2.8.103\rtl\vlog\core\Axi4Convertors\DWC_UpConv_preCalcRChan_Ctrl.v'.
Reading file 'C:\Users\c79828\Documents\HLS_Work\fpga-hls-libraries\vision\demo_designs\PF_Video_kit\libero\vision_pipeline\component\Actel\DirectCore\COREAXI4INTERCONNECT\2.8.103\rtl\vlog\core\Axi4Convertors\DWC_UpConv_WChan_Hold_Reg.v'.
Reading file 'C:\Users\c79828\Documents\HLS_Work\fpga-hls-libraries\vision\demo_designs\PF_Video_kit\libero\vision_pipeline\component\Actel\DirectCore\COREAXI4INTERCONNECT\2.8.103\rtl\vlog\core\Axi4Convertors\SlvAxi4ProtConvAXI4ID.v'.
Reading file 'C:\Users\c79828\Documents\HLS_Work\fpga-hls-libraries\vision\demo_designs\PF_Video_kit\libero\vision_pipeline\component\Actel\DirectCore\COREAXI4INTERCONNECT\2.8.103\rtl\vlog\core\Axi4Convertors\DWC_brespCtrl.v'.
Reading file 'C:\Users\c79828\Documents\HLS_Work\fpga-hls-libraries\vision\demo_designs\PF_Video_kit\libero\vision_pipeline\component\Actel\DirectCore\COREAXI4INTERCONNECT\2.8.103\rtl\vlog\core\Axi4Convertors\DWC_UpConv_RChannel_SlvRid_Arb.v'.
Reading file 'C:\Users\c79828\Documents\HLS_Work\fpga-hls-libraries\vision\demo_designs\PF_Video_kit\libero\vision_pipeline\component\Actel\DirectCore\COREAXI4INTERCONNECT\2.8.103\sim\AHBModel\AHBL_Master.v'.
Reading file 'C:\Users\c79828\Documents\HLS_Work\fpga-hls-libraries\vision\demo_designs\PF_Video_kit\libero\vision_pipeline\component\Actel\DirectCore\COREAXI4INTERCONNECT\2.8.103\sim\AXI4Models\Axi4MasterGen.v'.
Reading file 'C:\Users\c79828\Documents\HLS_Work\fpga-hls-libraries\vision\demo_designs\PF_Video_kit\libero\vision_pipeline\component\Actel\DirectCore\COREAXI4INTERCONNECT\2.8.103\sim\AXI4Models\Axi4SlaveGen.v'.
Reading file 'C:\Users\c79828\Documents\HLS_Work\fpga-hls-libraries\vision\demo_designs\PF_Video_kit\libero\vision_pipeline\component\Actel\DirectCore\COREAXI4INTERCONNECT\2.8.103\sim\AXI4Models\AxiMaster.v'.
Reading file 'C:\Users\c79828\Documents\HLS_Work\fpga-hls-libraries\vision\demo_designs\PF_Video_kit\libero\vision_pipeline\component\Actel\DirectCore\COREAXI4INTERCONNECT\2.8.103\sim\User_Test.v'.
Reading file 'C:\Users\c79828\Documents\HLS_Work\fpga-hls-libraries\vision\demo_designs\PF_Video_kit\libero\vision_pipeline\component\Actel\DirectCore\COREAXI4INTERCONNECT\2.8.103\sim\AXI4Models\DualPort_Ram_SyncWr_ASyncRd.v'.
Reading file 'C:\Users\c79828\Documents\HLS_Work\fpga-hls-libraries\vision\demo_designs\PF_Video_kit\libero\vision_pipeline\component\work\COREI2C_C0\COREI2C_C0.v'.
Reading file 'C:\Users\c79828\Documents\HLS_Work\fpga-hls-libraries\vision\demo_designs\PF_Video_kit\libero\vision_pipeline\component\Actel\DirectCore\COREI2C\7.2.101\rtl\vlog\core\corei2creal.v'.
Reading file 'C:\Users\c79828\Documents\HLS_Work\fpga-hls-libraries\vision\demo_designs\PF_Video_kit\libero\vision_pipeline\component\Actel\DirectCore\COREI2C\7.2.101\rtl\vlog\test\user\i2c_spk.v'.
Reading file 'C:\Users\c79828\Documents\HLS_Work\fpga-hls-libraries\vision\demo_designs\PF_Video_kit\libero\vision_pipeline\component\work\COREI2C_C0\COREI2C_C0_0\rtl\vlog\core\corei2c.v'.
Reading file 'C:\Users\c79828\Documents\HLS_Work\fpga-hls-libraries\vision\demo_designs\PF_Video_kit\libero\vision_pipeline\component\Actel\DirectCore\COREI2C\7.2.101\rtl\vlog\test\user\i2c_spk.v'.
Reading file 'C:\Users\c79828\Documents\HLS_Work\fpga-hls-libraries\vision\demo_designs\PF_Video_kit\libero\vision_pipeline\component\work\COREI2C_C0\COREI2C_C0_0\rtl\vlog\test\user\tb_user_corei2c.v'.
Reading file 'C:\Users\c79828\Documents\HLS_Work\fpga-hls-libraries\vision\demo_designs\PF_Video_kit\libero\vision_pipeline\component\work\COREI2C_C0\COREI2C_C0_0\coreparameters.v'.
Reading file 'C:\Users\c79828\Documents\HLS_Work\fpga-hls-libraries\vision\demo_designs\PF_Video_kit\libero\vision_pipeline\component\work\CORERESET_PF_C0\CORERESET_PF_C0.v'.
Reading file 'C:\Users\c79828\Documents\HLS_Work\fpga-hls-libraries\vision\demo_designs\PF_Video_kit\libero\vision_pipeline\component\work\CORERESET_PF_C0\CORERESET_PF_C0_0\core\corereset_pf.v'.
Reading file 'C:\Users\c79828\Documents\HLS_Work\fpga-hls-libraries\vision\demo_designs\PF_Video_kit\libero\vision_pipeline\component\work\CORERESET_PF_C0\CORERESET_PF_C0_0\test\corereset_pf_tb.v'.
Reading file 'C:\Users\c79828\Documents\HLS_Work\fpga-hls-libraries\vision\demo_designs\PF_Video_kit\libero\vision_pipeline\component\work\CORERESET_PF_C1\CORERESET_PF_C1.v'.
Reading file 'C:\Users\c79828\Documents\HLS_Work\fpga-hls-libraries\vision\demo_designs\PF_Video_kit\libero\vision_pipeline\component\work\CORERESET_PF_C1\CORERESET_PF_C1_0\core\corereset_pf.v'.
Reading file 'C:\Users\c79828\Documents\HLS_Work\fpga-hls-libraries\vision\demo_designs\PF_Video_kit\libero\vision_pipeline\component\work\CORERESET_PF_C1\CORERESET_PF_C1_0\test\corereset_pf_tb.v'.
Reading file 'C:\Users\c79828\Documents\HLS_Work\fpga-hls-libraries\vision\demo_designs\PF_Video_kit\libero\vision_pipeline\component\work\CORERESET_PF_C2\CORERESET_PF_C2.v'.
Reading file 'C:\Users\c79828\Documents\HLS_Work\fpga-hls-libraries\vision\demo_designs\PF_Video_kit\libero\vision_pipeline\component\work\CORERESET_PF_C2\CORERESET_PF_C2_0\core\corereset_pf.v'.
Reading file 'C:\Users\c79828\Documents\HLS_Work\fpga-hls-libraries\vision\demo_designs\PF_Video_kit\libero\vision_pipeline\component\work\CORERESET_PF_C2\CORERESET_PF_C2_0\test\corereset_pf_tb.v'.
Reading file 'C:\Users\c79828\Documents\HLS_Work\fpga-hls-libraries\vision\demo_designs\PF_Video_kit\libero\vision_pipeline\component\work\CORERESET_PF_C3\CORERESET_PF_C3.v'.
Reading file 'C:\Users\c79828\Documents\HLS_Work\fpga-hls-libraries\vision\demo_designs\PF_Video_kit\libero\vision_pipeline\component\work\CORERESET_PF_C3\CORERESET_PF_C3_0\core\corereset_pf.v'.
Reading file 'C:\Users\c79828\Documents\HLS_Work\fpga-hls-libraries\vision\demo_designs\PF_Video_kit\libero\vision_pipeline\component\work\CORERESET_PF_C3\CORERESET_PF_C3_0\test\corereset_pf_tb.v'.
Reading file 'C:\Users\c79828\Documents\HLS_Work\fpga-hls-libraries\vision\demo_designs\PF_Video_kit\libero\vision_pipeline\component\work\CORERXIODBITALIGN_C0\CORERXIODBITALIGN_C0.v'.
Reading file 'C:\Users\c79828\Documents\HLS_Work\fpga-hls-libraries\vision\demo_designs\PF_Video_kit\libero\vision_pipeline\component\work\CORERXIODBITALIGN_C0\CORERXIODBITALIGN_C0_0\rtl\vlog\core\CoreRxIODBitAlign.v'.
Reading file 'C:\Users\c79828\Documents\HLS_Work\fpga-hls-libraries\vision\demo_designs\PF_Video_kit\libero\vision_pipeline\component\work\CORERXIODBITALIGN_C0\CORERXIODBITALIGN_C0_0\rtl\vlog\core\CoreRxIODBitAlign_top.v'.
Reading file 'C:\Users\c79828\Documents\HLS_Work\fpga-hls-libraries\vision\demo_designs\PF_Video_kit\libero\vision_pipeline\component\work\CORERXIODBITALIGN_C0\CORERXIODBITALIGN_C0_0\rtl\vlog\test\user\prbscheck_parallel_fab_x4.v'.
Reading file 'C:\Users\c79828\Documents\HLS_Work\fpga-hls-libraries\vision\demo_designs\PF_Video_kit\libero\vision_pipeline\component\work\CORERXIODBITALIGN_C0\CORERXIODBITALIGN_C0_0\rtl\vlog\test\user\prbsgen_parallel_fab_x4.v'.
Reading file 'C:\Users\c79828\Documents\HLS_Work\fpga-hls-libraries\vision\demo_designs\PF_Video_kit\libero\vision_pipeline\component\work\CORERXIODBITALIGN_C0\CORERXIODBITALIGN_C0_0\rtl\vlog\test\user\rev_bits_x4.v'.
Reading file 'C:\Users\c79828\Documents\HLS_Work\fpga-hls-libraries\vision\demo_designs\PF_Video_kit\libero\vision_pipeline\component\work\CORERXIODBITALIGN_C0\CORERXIODBITALIGN_C0_0\rtl\vlog\test\user\CCC_COMP_CCC_COMP_0_PF_CCC.v'.
Reading file 'C:\Users\c79828\Documents\HLS_Work\fpga-hls-libraries\vision\demo_designs\PF_Video_kit\libero\vision_pipeline\component\work\CORERXIODBITALIGN_C0\CORERXIODBITALIGN_C0_0\rtl\vlog\test\user\CCC_COMP.v'.
Reading file 'C:\Users\c79828\Documents\HLS_Work\fpga-hls-libraries\vision\demo_designs\PF_Video_kit\libero\vision_pipeline\component\work\CORERXIODBITALIGN_C0\CORERXIODBITALIGN_C0_0\rtl\vlog\test\user\CORERXIODBITALIGN_C0.v'.
Reading file 'C:\Users\c79828\Documents\HLS_Work\fpga-hls-libraries\vision\demo_designs\PF_Video_kit\libero\vision_pipeline\component\work\CORERXIODBITALIGN_C0\CORERXIODBITALIGN_C0_0\rtl\vlog\test\user\RXIOD_COMP_PF_CLK_DIV_FIFO_PF_CLK_DIV_DELAY.v'.
Reading file 'C:\Users\c79828\Documents\HLS_Work\fpga-hls-libraries\vision\demo_designs\PF_Video_kit\libero\vision_pipeline\component\work\CORERXIODBITALIGN_C0\CORERXIODBITALIGN_C0_0\rtl\vlog\test\user\RXIOD_COMP_PF_CLK_DIV_RXCLK_PF_CLK_DIV_DELAY.v'.
Reading file 'C:\Users\c79828\Documents\HLS_Work\fpga-hls-libraries\vision\demo_designs\PF_Video_kit\libero\vision_pipeline\component\work\CORERXIODBITALIGN_C0\CORERXIODBITALIGN_C0_0\rtl\vlog\test\user\RXIOD_COMP_PF_IOD_CLK_TRAINING_PF_IOD.v'.
Reading file 'C:\Users\c79828\Documents\HLS_Work\fpga-hls-libraries\vision\demo_designs\PF_Video_kit\libero\vision_pipeline\component\work\CORERXIODBITALIGN_C0\CORERXIODBITALIGN_C0_0\rtl\vlog\test\user\RXIOD_COMP_PF_IOD_RX_PF_IOD.v'.
Reading file 'C:\Users\c79828\Documents\HLS_Work\fpga-hls-libraries\vision\demo_designs\PF_Video_kit\libero\vision_pipeline\component\work\CORERXIODBITALIGN_C0\CORERXIODBITALIGN_C0_0\rtl\vlog\test\user\PF_LANECTRL_PAUSE_SYNC.v'.
Reading file 'C:\Users\c79828\Documents\HLS_Work\fpga-hls-libraries\vision\demo_designs\PF_Video_kit\libero\vision_pipeline\component\work\CORERXIODBITALIGN_C0\CORERXIODBITALIGN_C0_0\rtl\vlog\test\user\RXIOD_COMP_PF_LANECTRL_0_PF_LANECTRL.v'.
Reading file 'C:\Users\c79828\Documents\HLS_Work\fpga-hls-libraries\vision\demo_designs\PF_Video_kit\libero\vision_pipeline\component\work\CORERXIODBITALIGN_C0\CORERXIODBITALIGN_C0_0\rtl\vlog\test\user\PLL_BclkSclkAlign.v'.
Reading file 'C:\Users\c79828\Documents\HLS_Work\fpga-hls-libraries\vision\demo_designs\PF_Video_kit\libero\vision_pipeline\component\work\CORERXIODBITALIGN_C0\CORERXIODBITALIGN_C0_0\rtl\vlog\test\user\ICB_BclkSclkAlign.v'.
Reading file 'C:\Users\c79828\Documents\HLS_Work\fpga-hls-libraries\vision\demo_designs\PF_Video_kit\libero\vision_pipeline\component\work\CORERXIODBITALIGN_C0\CORERXIODBITALIGN_C0_0\rtl\vlog\test\user\CoreBclkSclkAlign.v'.
Reading file 'C:\Users\c79828\Documents\HLS_Work\fpga-hls-libraries\vision\demo_designs\PF_Video_kit\libero\vision_pipeline\component\work\CORERXIODBITALIGN_C0\CORERXIODBITALIGN_C0_0\rtl\vlog\test\user\RXIOD_COMP_TR.v'.
Reading file 'C:\Users\c79828\Documents\HLS_Work\fpga-hls-libraries\vision\demo_designs\PF_Video_kit\libero\vision_pipeline\component\work\CORERXIODBITALIGN_C0\CORERXIODBITALIGN_C0_0\rtl\vlog\test\user\RXIOD_COMP.v'.
Reading file 'C:\Users\c79828\Documents\HLS_Work\fpga-hls-libraries\vision\demo_designs\PF_Video_kit\libero\vision_pipeline\component\work\CORERXIODBITALIGN_C0\CORERXIODBITALIGN_C0_0\rtl\vlog\test\user\PF_LANECTRL_PAUSE_SYNC1.v'.
Reading file 'C:\Users\c79828\Documents\HLS_Work\fpga-hls-libraries\vision\demo_designs\PF_Video_kit\libero\vision_pipeline\component\work\CORERXIODBITALIGN_C0\CORERXIODBITALIGN_C0_0\rtl\vlog\test\user\TXIOD_COMP_LANECTRL_ADDR_CMD_0_PF_LANECTRL.v'.
Reading file 'C:\Users\c79828\Documents\HLS_Work\fpga-hls-libraries\vision\demo_designs\PF_Video_kit\libero\vision_pipeline\component\work\CORERXIODBITALIGN_C0\CORERXIODBITALIGN_C0_0\rtl\vlog\test\user\TXIOD_COMP_PF_IOD_TX_CLK_PF_IOD.v'.
Reading file 'C:\Users\c79828\Documents\HLS_Work\fpga-hls-libraries\vision\demo_designs\PF_Video_kit\libero\vision_pipeline\component\work\CORERXIODBITALIGN_C0\CORERXIODBITALIGN_C0_0\rtl\vlog\test\user\TXIOD_COMP_PF_IOD_TX_PF_IOD.v'.
Reading file 'C:\Users\c79828\Documents\HLS_Work\fpga-hls-libraries\vision\demo_designs\PF_Video_kit\libero\vision_pipeline\component\work\CORERXIODBITALIGN_C0\CORERXIODBITALIGN_C0_0\rtl\vlog\test\user\TXIOD_COMP.v'.
Reading file 'C:\Users\c79828\Documents\HLS_Work\fpga-hls-libraries\vision\demo_designs\PF_Video_kit\libero\vision_pipeline\component\work\CORERXIODBITALIGN_C0\CORERXIODBITALIGN_C0_0\rtl\vlog\test\user\CoreRxIODBitAlign_SD_wrap.v'.
Reading file 'C:\Users\c79828\Documents\HLS_Work\fpga-hls-libraries\vision\demo_designs\PF_Video_kit\libero\vision_pipeline\component\work\CORERXIODBITALIGN_C0\CORERXIODBITALIGN_C0_0\rtl\vlog\test\user\testbench.v'.
Reading file 'C:\Users\c79828\Documents\HLS_Work\fpga-hls-libraries\vision\demo_designs\PF_Video_kit\libero\vision_pipeline\component\work\CORERXIODBITALIGN_C1\CORERXIODBITALIGN_C1.v'.
Reading file 'C:\Users\c79828\Documents\HLS_Work\fpga-hls-libraries\vision\demo_designs\PF_Video_kit\libero\vision_pipeline\component\work\CORERXIODBITALIGN_C1\CORERXIODBITALIGN_C1_0\rtl\vlog\core\CoreRxIODBitAlign.v'.
Reading file 'C:\Users\c79828\Documents\HLS_Work\fpga-hls-libraries\vision\demo_designs\PF_Video_kit\libero\vision_pipeline\component\work\CORERXIODBITALIGN_C1\CORERXIODBITALIGN_C1_0\rtl\vlog\core\CoreRxIODBitAlign_top.v'.
Reading file 'C:\Users\c79828\Documents\HLS_Work\fpga-hls-libraries\vision\demo_designs\PF_Video_kit\libero\vision_pipeline\component\work\CORERXIODBITALIGN_C1\CORERXIODBITALIGN_C1_0\rtl\vlog\test\user\prbscheck_parallel_fab_x4.v'.
Reading file 'C:\Users\c79828\Documents\HLS_Work\fpga-hls-libraries\vision\demo_designs\PF_Video_kit\libero\vision_pipeline\component\work\CORERXIODBITALIGN_C1\CORERXIODBITALIGN_C1_0\rtl\vlog\test\user\prbsgen_parallel_fab_x4.v'.
Reading file 'C:\Users\c79828\Documents\HLS_Work\fpga-hls-libraries\vision\demo_designs\PF_Video_kit\libero\vision_pipeline\component\work\CORERXIODBITALIGN_C1\CORERXIODBITALIGN_C1_0\rtl\vlog\test\user\rev_bits_x4.v'.
Reading file 'C:\Users\c79828\Documents\HLS_Work\fpga-hls-libraries\vision\demo_designs\PF_Video_kit\libero\vision_pipeline\component\work\CORERXIODBITALIGN_C1\CORERXIODBITALIGN_C1_0\rtl\vlog\test\user\CCC_COMP_CCC_COMP_0_PF_CCC.v'.
Reading file 'C:\Users\c79828\Documents\HLS_Work\fpga-hls-libraries\vision\demo_designs\PF_Video_kit\libero\vision_pipeline\component\work\CORERXIODBITALIGN_C1\CORERXIODBITALIGN_C1_0\rtl\vlog\test\user\CCC_COMP.v'.
Reading file 'C:\Users\c79828\Documents\HLS_Work\fpga-hls-libraries\vision\demo_designs\PF_Video_kit\libero\vision_pipeline\component\work\CORERXIODBITALIGN_C1\CORERXIODBITALIGN_C1_0\rtl\vlog\test\user\CORERXIODBITALIGN_C0.v'.
Reading file 'C:\Users\c79828\Documents\HLS_Work\fpga-hls-libraries\vision\demo_designs\PF_Video_kit\libero\vision_pipeline\component\work\CORERXIODBITALIGN_C1\CORERXIODBITALIGN_C1_0\rtl\vlog\test\user\RXIOD_COMP_PF_CLK_DIV_FIFO_PF_CLK_DIV_DELAY.v'.
Reading file 'C:\Users\c79828\Documents\HLS_Work\fpga-hls-libraries\vision\demo_designs\PF_Video_kit\libero\vision_pipeline\component\work\CORERXIODBITALIGN_C1\CORERXIODBITALIGN_C1_0\rtl\vlog\test\user\RXIOD_COMP_PF_CLK_DIV_RXCLK_PF_CLK_DIV_DELAY.v'.
Reading file 'C:\Users\c79828\Documents\HLS_Work\fpga-hls-libraries\vision\demo_designs\PF_Video_kit\libero\vision_pipeline\component\work\CORERXIODBITALIGN_C1\CORERXIODBITALIGN_C1_0\rtl\vlog\test\user\RXIOD_COMP_PF_IOD_CLK_TRAINING_PF_IOD.v'.
Reading file 'C:\Users\c79828\Documents\HLS_Work\fpga-hls-libraries\vision\demo_designs\PF_Video_kit\libero\vision_pipeline\component\work\CORERXIODBITALIGN_C1\CORERXIODBITALIGN_C1_0\rtl\vlog\test\user\RXIOD_COMP_PF_IOD_RX_PF_IOD.v'.
Reading file 'C:\Users\c79828\Documents\HLS_Work\fpga-hls-libraries\vision\demo_designs\PF_Video_kit\libero\vision_pipeline\component\work\CORERXIODBITALIGN_C1\CORERXIODBITALIGN_C1_0\rtl\vlog\test\user\PF_LANECTRL_PAUSE_SYNC.v'.
Reading file 'C:\Users\c79828\Documents\HLS_Work\fpga-hls-libraries\vision\demo_designs\PF_Video_kit\libero\vision_pipeline\component\work\CORERXIODBITALIGN_C1\CORERXIODBITALIGN_C1_0\rtl\vlog\test\user\RXIOD_COMP_PF_LANECTRL_0_PF_LANECTRL.v'.
Reading file 'C:\Users\c79828\Documents\HLS_Work\fpga-hls-libraries\vision\demo_designs\PF_Video_kit\libero\vision_pipeline\component\work\CORERXIODBITALIGN_C1\CORERXIODBITALIGN_C1_0\rtl\vlog\test\user\PLL_BclkSclkAlign.v'.
Reading file 'C:\Users\c79828\Documents\HLS_Work\fpga-hls-libraries\vision\demo_designs\PF_Video_kit\libero\vision_pipeline\component\work\CORERXIODBITALIGN_C1\CORERXIODBITALIGN_C1_0\rtl\vlog\test\user\ICB_BclkSclkAlign.v'.
Reading file 'C:\Users\c79828\Documents\HLS_Work\fpga-hls-libraries\vision\demo_designs\PF_Video_kit\libero\vision_pipeline\component\work\CORERXIODBITALIGN_C1\CORERXIODBITALIGN_C1_0\rtl\vlog\test\user\CoreBclkSclkAlign.v'.
Reading file 'C:\Users\c79828\Documents\HLS_Work\fpga-hls-libraries\vision\demo_designs\PF_Video_kit\libero\vision_pipeline\component\work\CORERXIODBITALIGN_C1\CORERXIODBITALIGN_C1_0\rtl\vlog\test\user\RXIOD_COMP_TR.v'.
Reading file 'C:\Users\c79828\Documents\HLS_Work\fpga-hls-libraries\vision\demo_designs\PF_Video_kit\libero\vision_pipeline\component\work\CORERXIODBITALIGN_C1\CORERXIODBITALIGN_C1_0\rtl\vlog\test\user\RXIOD_COMP.v'.
Reading file 'C:\Users\c79828\Documents\HLS_Work\fpga-hls-libraries\vision\demo_designs\PF_Video_kit\libero\vision_pipeline\component\work\CORERXIODBITALIGN_C1\CORERXIODBITALIGN_C1_0\rtl\vlog\test\user\PF_LANECTRL_PAUSE_SYNC1.v'.
Reading file 'C:\Users\c79828\Documents\HLS_Work\fpga-hls-libraries\vision\demo_designs\PF_Video_kit\libero\vision_pipeline\component\work\CORERXIODBITALIGN_C1\CORERXIODBITALIGN_C1_0\rtl\vlog\test\user\TXIOD_COMP_LANECTRL_ADDR_CMD_0_PF_LANECTRL.v'.
Reading file 'C:\Users\c79828\Documents\HLS_Work\fpga-hls-libraries\vision\demo_designs\PF_Video_kit\libero\vision_pipeline\component\work\CORERXIODBITALIGN_C1\CORERXIODBITALIGN_C1_0\rtl\vlog\test\user\TXIOD_COMP_PF_IOD_TX_CLK_PF_IOD.v'.
Reading file 'C:\Users\c79828\Documents\HLS_Work\fpga-hls-libraries\vision\demo_designs\PF_Video_kit\libero\vision_pipeline\component\work\CORERXIODBITALIGN_C1\CORERXIODBITALIGN_C1_0\rtl\vlog\test\user\TXIOD_COMP_PF_IOD_TX_PF_IOD.v'.
Reading file 'C:\Users\c79828\Documents\HLS_Work\fpga-hls-libraries\vision\demo_designs\PF_Video_kit\libero\vision_pipeline\component\work\CORERXIODBITALIGN_C1\CORERXIODBITALIGN_C1_0\rtl\vlog\test\user\TXIOD_COMP.v'.
Reading file 'C:\Users\c79828\Documents\HLS_Work\fpga-hls-libraries\vision\demo_designs\PF_Video_kit\libero\vision_pipeline\component\work\CORERXIODBITALIGN_C1\CORERXIODBITALIGN_C1_0\rtl\vlog\test\user\CoreRxIODBitAlign_SD_wrap.v'.
Reading file 'C:\Users\c79828\Documents\HLS_Work\fpga-hls-libraries\vision\demo_designs\PF_Video_kit\libero\vision_pipeline\component\work\CORERXIODBITALIGN_C1\CORERXIODBITALIGN_C1_0\rtl\vlog\test\user\testbench.v'.
Reading file 'C:\Users\c79828\Documents\HLS_Work\fpga-hls-libraries\vision\demo_designs\PF_Video_kit\libero\vision_pipeline\component\work\CORERXIODBITALIGN_C2\CORERXIODBITALIGN_C2.v'.
Reading file 'C:\Users\c79828\Documents\HLS_Work\fpga-hls-libraries\vision\demo_designs\PF_Video_kit\libero\vision_pipeline\component\work\CORERXIODBITALIGN_C2\CORERXIODBITALIGN_C2_0\rtl\vlog\core\CoreRxIODBitAlign.v'.
Reading file 'C:\Users\c79828\Documents\HLS_Work\fpga-hls-libraries\vision\demo_designs\PF_Video_kit\libero\vision_pipeline\component\work\CORERXIODBITALIGN_C2\CORERXIODBITALIGN_C2_0\rtl\vlog\core\CoreRxIODBitAlign_top.v'.
Reading file 'C:\Users\c79828\Documents\HLS_Work\fpga-hls-libraries\vision\demo_designs\PF_Video_kit\libero\vision_pipeline\component\work\CORERXIODBITALIGN_C2\CORERXIODBITALIGN_C2_0\rtl\vlog\test\user\prbscheck_parallel_fab_x4.v'.
Reading file 'C:\Users\c79828\Documents\HLS_Work\fpga-hls-libraries\vision\demo_designs\PF_Video_kit\libero\vision_pipeline\component\work\CORERXIODBITALIGN_C2\CORERXIODBITALIGN_C2_0\rtl\vlog\test\user\prbsgen_parallel_fab_x4.v'.
Reading file 'C:\Users\c79828\Documents\HLS_Work\fpga-hls-libraries\vision\demo_designs\PF_Video_kit\libero\vision_pipeline\component\work\CORERXIODBITALIGN_C2\CORERXIODBITALIGN_C2_0\rtl\vlog\test\user\rev_bits_x4.v'.
Reading file 'C:\Users\c79828\Documents\HLS_Work\fpga-hls-libraries\vision\demo_designs\PF_Video_kit\libero\vision_pipeline\component\work\CORERXIODBITALIGN_C2\CORERXIODBITALIGN_C2_0\rtl\vlog\test\user\CCC_COMP_CCC_COMP_0_PF_CCC.v'.
Reading file 'C:\Users\c79828\Documents\HLS_Work\fpga-hls-libraries\vision\demo_designs\PF_Video_kit\libero\vision_pipeline\component\work\CORERXIODBITALIGN_C2\CORERXIODBITALIGN_C2_0\rtl\vlog\test\user\CCC_COMP.v'.
Reading file 'C:\Users\c79828\Documents\HLS_Work\fpga-hls-libraries\vision\demo_designs\PF_Video_kit\libero\vision_pipeline\component\work\CORERXIODBITALIGN_C2\CORERXIODBITALIGN_C2_0\rtl\vlog\test\user\CORERXIODBITALIGN_C0.v'.
Reading file 'C:\Users\c79828\Documents\HLS_Work\fpga-hls-libraries\vision\demo_designs\PF_Video_kit\libero\vision_pipeline\component\work\CORERXIODBITALIGN_C2\CORERXIODBITALIGN_C2_0\rtl\vlog\test\user\RXIOD_COMP_PF_CLK_DIV_FIFO_PF_CLK_DIV_DELAY.v'.
Reading file 'C:\Users\c79828\Documents\HLS_Work\fpga-hls-libraries\vision\demo_designs\PF_Video_kit\libero\vision_pipeline\component\work\CORERXIODBITALIGN_C2\CORERXIODBITALIGN_C2_0\rtl\vlog\test\user\RXIOD_COMP_PF_CLK_DIV_RXCLK_PF_CLK_DIV_DELAY.v'.
Reading file 'C:\Users\c79828\Documents\HLS_Work\fpga-hls-libraries\vision\demo_designs\PF_Video_kit\libero\vision_pipeline\component\work\CORERXIODBITALIGN_C2\CORERXIODBITALIGN_C2_0\rtl\vlog\test\user\RXIOD_COMP_PF_IOD_CLK_TRAINING_PF_IOD.v'.
Reading file 'C:\Users\c79828\Documents\HLS_Work\fpga-hls-libraries\vision\demo_designs\PF_Video_kit\libero\vision_pipeline\component\work\CORERXIODBITALIGN_C2\CORERXIODBITALIGN_C2_0\rtl\vlog\test\user\RXIOD_COMP_PF_IOD_RX_PF_IOD.v'.
Reading file 'C:\Users\c79828\Documents\HLS_Work\fpga-hls-libraries\vision\demo_designs\PF_Video_kit\libero\vision_pipeline\component\work\CORERXIODBITALIGN_C2\CORERXIODBITALIGN_C2_0\rtl\vlog\test\user\PF_LANECTRL_PAUSE_SYNC.v'.
Reading file 'C:\Users\c79828\Documents\HLS_Work\fpga-hls-libraries\vision\demo_designs\PF_Video_kit\libero\vision_pipeline\component\work\CORERXIODBITALIGN_C2\CORERXIODBITALIGN_C2_0\rtl\vlog\test\user\RXIOD_COMP_PF_LANECTRL_0_PF_LANECTRL.v'.
Reading file 'C:\Users\c79828\Documents\HLS_Work\fpga-hls-libraries\vision\demo_designs\PF_Video_kit\libero\vision_pipeline\component\work\CORERXIODBITALIGN_C2\CORERXIODBITALIGN_C2_0\rtl\vlog\test\user\PLL_BclkSclkAlign.v'.
Reading file 'C:\Users\c79828\Documents\HLS_Work\fpga-hls-libraries\vision\demo_designs\PF_Video_kit\libero\vision_pipeline\component\work\CORERXIODBITALIGN_C2\CORERXIODBITALIGN_C2_0\rtl\vlog\test\user\ICB_BclkSclkAlign.v'.
Reading file 'C:\Users\c79828\Documents\HLS_Work\fpga-hls-libraries\vision\demo_designs\PF_Video_kit\libero\vision_pipeline\component\work\CORERXIODBITALIGN_C2\CORERXIODBITALIGN_C2_0\rtl\vlog\test\user\CoreBclkSclkAlign.v'.
Reading file 'C:\Users\c79828\Documents\HLS_Work\fpga-hls-libraries\vision\demo_designs\PF_Video_kit\libero\vision_pipeline\component\work\CORERXIODBITALIGN_C2\CORERXIODBITALIGN_C2_0\rtl\vlog\test\user\RXIOD_COMP_TR.v'.
Reading file 'C:\Users\c79828\Documents\HLS_Work\fpga-hls-libraries\vision\demo_designs\PF_Video_kit\libero\vision_pipeline\component\work\CORERXIODBITALIGN_C2\CORERXIODBITALIGN_C2_0\rtl\vlog\test\user\RXIOD_COMP.v'.
Reading file 'C:\Users\c79828\Documents\HLS_Work\fpga-hls-libraries\vision\demo_designs\PF_Video_kit\libero\vision_pipeline\component\work\CORERXIODBITALIGN_C2\CORERXIODBITALIGN_C2_0\rtl\vlog\test\user\PF_LANECTRL_PAUSE_SYNC1.v'.
Reading file 'C:\Users\c79828\Documents\HLS_Work\fpga-hls-libraries\vision\demo_designs\PF_Video_kit\libero\vision_pipeline\component\work\CORERXIODBITALIGN_C2\CORERXIODBITALIGN_C2_0\rtl\vlog\test\user\TXIOD_COMP_LANECTRL_ADDR_CMD_0_PF_LANECTRL.v'.
Reading file 'C:\Users\c79828\Documents\HLS_Work\fpga-hls-libraries\vision\demo_designs\PF_Video_kit\libero\vision_pipeline\component\work\CORERXIODBITALIGN_C2\CORERXIODBITALIGN_C2_0\rtl\vlog\test\user\TXIOD_COMP_PF_IOD_TX_CLK_PF_IOD.v'.
Reading file 'C:\Users\c79828\Documents\HLS_Work\fpga-hls-libraries\vision\demo_designs\PF_Video_kit\libero\vision_pipeline\component\work\CORERXIODBITALIGN_C2\CORERXIODBITALIGN_C2_0\rtl\vlog\test\user\TXIOD_COMP_PF_IOD_TX_PF_IOD.v'.
Reading file 'C:\Users\c79828\Documents\HLS_Work\fpga-hls-libraries\vision\demo_designs\PF_Video_kit\libero\vision_pipeline\component\work\CORERXIODBITALIGN_C2\CORERXIODBITALIGN_C2_0\rtl\vlog\test\user\TXIOD_COMP.v'.
Reading file 'C:\Users\c79828\Documents\HLS_Work\fpga-hls-libraries\vision\demo_designs\PF_Video_kit\libero\vision_pipeline\component\work\CORERXIODBITALIGN_C2\CORERXIODBITALIGN_C2_0\rtl\vlog\test\user\CoreRxIODBitAlign_SD_wrap.v'.
Reading file 'C:\Users\c79828\Documents\HLS_Work\fpga-hls-libraries\vision\demo_designs\PF_Video_kit\libero\vision_pipeline\component\work\CORERXIODBITALIGN_C2\CORERXIODBITALIGN_C2_0\rtl\vlog\test\user\testbench.v'.
Reading file 'C:\Users\c79828\Documents\HLS_Work\fpga-hls-libraries\vision\demo_designs\PF_Video_kit\libero\vision_pipeline\component\work\CORERXIODBITALIGN_C3\CORERXIODBITALIGN_C3.v'.
Reading file 'C:\Users\c79828\Documents\HLS_Work\fpga-hls-libraries\vision\demo_designs\PF_Video_kit\libero\vision_pipeline\component\work\CORERXIODBITALIGN_C3\CORERXIODBITALIGN_C3_0\rtl\vlog\core\CoreRxIODBitAlign.v'.
Reading file 'C:\Users\c79828\Documents\HLS_Work\fpga-hls-libraries\vision\demo_designs\PF_Video_kit\libero\vision_pipeline\component\work\CORERXIODBITALIGN_C3\CORERXIODBITALIGN_C3_0\rtl\vlog\core\CoreRxIODBitAlign_top.v'.
Reading file 'C:\Users\c79828\Documents\HLS_Work\fpga-hls-libraries\vision\demo_designs\PF_Video_kit\libero\vision_pipeline\component\work\CORERXIODBITALIGN_C3\CORERXIODBITALIGN_C3_0\rtl\vlog\test\user\prbscheck_parallel_fab_x4.v'.
Reading file 'C:\Users\c79828\Documents\HLS_Work\fpga-hls-libraries\vision\demo_designs\PF_Video_kit\libero\vision_pipeline\component\work\CORERXIODBITALIGN_C3\CORERXIODBITALIGN_C3_0\rtl\vlog\test\user\prbsgen_parallel_fab_x4.v'.
Reading file 'C:\Users\c79828\Documents\HLS_Work\fpga-hls-libraries\vision\demo_designs\PF_Video_kit\libero\vision_pipeline\component\work\CORERXIODBITALIGN_C3\CORERXIODBITALIGN_C3_0\rtl\vlog\test\user\rev_bits_x4.v'.
Reading file 'C:\Users\c79828\Documents\HLS_Work\fpga-hls-libraries\vision\demo_designs\PF_Video_kit\libero\vision_pipeline\component\work\CORERXIODBITALIGN_C3\CORERXIODBITALIGN_C3_0\rtl\vlog\test\user\CCC_COMP_CCC_COMP_0_PF_CCC.v'.
Reading file 'C:\Users\c79828\Documents\HLS_Work\fpga-hls-libraries\vision\demo_designs\PF_Video_kit\libero\vision_pipeline\component\work\CORERXIODBITALIGN_C3\CORERXIODBITALIGN_C3_0\rtl\vlog\test\user\CCC_COMP.v'.
Reading file 'C:\Users\c79828\Documents\HLS_Work\fpga-hls-libraries\vision\demo_designs\PF_Video_kit\libero\vision_pipeline\component\work\CORERXIODBITALIGN_C3\CORERXIODBITALIGN_C3_0\rtl\vlog\test\user\CORERXIODBITALIGN_C0.v'.
Reading file 'C:\Users\c79828\Documents\HLS_Work\fpga-hls-libraries\vision\demo_designs\PF_Video_kit\libero\vision_pipeline\component\work\CORERXIODBITALIGN_C3\CORERXIODBITALIGN_C3_0\rtl\vlog\test\user\RXIOD_COMP_PF_CLK_DIV_FIFO_PF_CLK_DIV_DELAY.v'.
Reading file 'C:\Users\c79828\Documents\HLS_Work\fpga-hls-libraries\vision\demo_designs\PF_Video_kit\libero\vision_pipeline\component\work\CORERXIODBITALIGN_C3\CORERXIODBITALIGN_C3_0\rtl\vlog\test\user\RXIOD_COMP_PF_CLK_DIV_RXCLK_PF_CLK_DIV_DELAY.v'.
Reading file 'C:\Users\c79828\Documents\HLS_Work\fpga-hls-libraries\vision\demo_designs\PF_Video_kit\libero\vision_pipeline\component\work\CORERXIODBITALIGN_C3\CORERXIODBITALIGN_C3_0\rtl\vlog\test\user\RXIOD_COMP_PF_IOD_CLK_TRAINING_PF_IOD.v'.
Reading file 'C:\Users\c79828\Documents\HLS_Work\fpga-hls-libraries\vision\demo_designs\PF_Video_kit\libero\vision_pipeline\component\work\CORERXIODBITALIGN_C3\CORERXIODBITALIGN_C3_0\rtl\vlog\test\user\RXIOD_COMP_PF_IOD_RX_PF_IOD.v'.
Reading file 'C:\Users\c79828\Documents\HLS_Work\fpga-hls-libraries\vision\demo_designs\PF_Video_kit\libero\vision_pipeline\component\work\CORERXIODBITALIGN_C3\CORERXIODBITALIGN_C3_0\rtl\vlog\test\user\PF_LANECTRL_PAUSE_SYNC.v'.
Reading file 'C:\Users\c79828\Documents\HLS_Work\fpga-hls-libraries\vision\demo_designs\PF_Video_kit\libero\vision_pipeline\component\work\CORERXIODBITALIGN_C3\CORERXIODBITALIGN_C3_0\rtl\vlog\test\user\RXIOD_COMP_PF_LANECTRL_0_PF_LANECTRL.v'.
Reading file 'C:\Users\c79828\Documents\HLS_Work\fpga-hls-libraries\vision\demo_designs\PF_Video_kit\libero\vision_pipeline\component\work\CORERXIODBITALIGN_C3\CORERXIODBITALIGN_C3_0\rtl\vlog\test\user\PLL_BclkSclkAlign.v'.
Reading file 'C:\Users\c79828\Documents\HLS_Work\fpga-hls-libraries\vision\demo_designs\PF_Video_kit\libero\vision_pipeline\component\work\CORERXIODBITALIGN_C3\CORERXIODBITALIGN_C3_0\rtl\vlog\test\user\ICB_BclkSclkAlign.v'.
Reading file 'C:\Users\c79828\Documents\HLS_Work\fpga-hls-libraries\vision\demo_designs\PF_Video_kit\libero\vision_pipeline\component\work\CORERXIODBITALIGN_C3\CORERXIODBITALIGN_C3_0\rtl\vlog\test\user\CoreBclkSclkAlign.v'.
Reading file 'C:\Users\c79828\Documents\HLS_Work\fpga-hls-libraries\vision\demo_designs\PF_Video_kit\libero\vision_pipeline\component\work\CORERXIODBITALIGN_C3\CORERXIODBITALIGN_C3_0\rtl\vlog\test\user\RXIOD_COMP_TR.v'.
Reading file 'C:\Users\c79828\Documents\HLS_Work\fpga-hls-libraries\vision\demo_designs\PF_Video_kit\libero\vision_pipeline\component\work\CORERXIODBITALIGN_C3\CORERXIODBITALIGN_C3_0\rtl\vlog\test\user\RXIOD_COMP.v'.
Reading file 'C:\Users\c79828\Documents\HLS_Work\fpga-hls-libraries\vision\demo_designs\PF_Video_kit\libero\vision_pipeline\component\work\CORERXIODBITALIGN_C3\CORERXIODBITALIGN_C3_0\rtl\vlog\test\user\PF_LANECTRL_PAUSE_SYNC1.v'.
Reading file 'C:\Users\c79828\Documents\HLS_Work\fpga-hls-libraries\vision\demo_designs\PF_Video_kit\libero\vision_pipeline\component\work\CORERXIODBITALIGN_C3\CORERXIODBITALIGN_C3_0\rtl\vlog\test\user\TXIOD_COMP_LANECTRL_ADDR_CMD_0_PF_LANECTRL.v'.
Reading file 'C:\Users\c79828\Documents\HLS_Work\fpga-hls-libraries\vision\demo_designs\PF_Video_kit\libero\vision_pipeline\component\work\CORERXIODBITALIGN_C3\CORERXIODBITALIGN_C3_0\rtl\vlog\test\user\TXIOD_COMP_PF_IOD_TX_CLK_PF_IOD.v'.
Reading file 'C:\Users\c79828\Documents\HLS_Work\fpga-hls-libraries\vision\demo_designs\PF_Video_kit\libero\vision_pipeline\component\work\CORERXIODBITALIGN_C3\CORERXIODBITALIGN_C3_0\rtl\vlog\test\user\TXIOD_COMP_PF_IOD_TX_PF_IOD.v'.
Reading file 'C:\Users\c79828\Documents\HLS_Work\fpga-hls-libraries\vision\demo_designs\PF_Video_kit\libero\vision_pipeline\component\work\CORERXIODBITALIGN_C3\CORERXIODBITALIGN_C3_0\rtl\vlog\test\user\TXIOD_COMP.v'.
Reading file 'C:\Users\c79828\Documents\HLS_Work\fpga-hls-libraries\vision\demo_designs\PF_Video_kit\libero\vision_pipeline\component\work\CORERXIODBITALIGN_C3\CORERXIODBITALIGN_C3_0\rtl\vlog\test\user\CoreRxIODBitAlign_SD_wrap.v'.
Reading file 'C:\Users\c79828\Documents\HLS_Work\fpga-hls-libraries\vision\demo_designs\PF_Video_kit\libero\vision_pipeline\component\work\CORERXIODBITALIGN_C3\CORERXIODBITALIGN_C3_0\rtl\vlog\test\user\testbench.v'.
Reading file 'C:\Users\c79828\Documents\HLS_Work\fpga-hls-libraries\vision\demo_designs\PF_Video_kit\libero\vision_pipeline\component\work\HDMI_TX_C0\HDMI_TX_C0.vhd'.
Reading file 'C:\Users\c79828\Documents\HLS_Work\fpga-hls-libraries\vision\demo_designs\PF_Video_kit\libero\vision_pipeline\component\Microsemi\SolutionCore\HDMI_TX\1.0.2\HDL\HDMI_TX.vhd'.
Reading file 'C:\Users\c79828\Documents\HLS_Work\fpga-hls-libraries\vision\demo_designs\PF_Video_kit\libero\vision_pipeline\component\Microsemi\SolutionCore\HDMI_TX\1.0.2\HDL\tmds_encoder.vhd'.
Reading file 'C:\Users\c79828\Documents\HLS_Work\fpga-hls-libraries\vision\demo_designs\PF_Video_kit\libero\vision_pipeline\component\Microsemi\SolutionCore\HDMI_TX\1.0.2\stimulus\HDMI_TX_TB.vhd'.
Reading file 'C:\Users\c79828\Documents\HLS_Work\fpga-hls-libraries\vision\demo_designs\PF_Video_kit\libero\vision_pipeline\component\work\mipicsi2rxdecoderPF_C0\mipicsi2rxdecoderPF_C0.v'.
Reading file 'C:\Users\c79828\Documents\HLS_Work\fpga-hls-libraries\vision\demo_designs\PF_Video_kit\libero\vision_pipeline\component\Microsemi\SolutionCore\mipicsi2rxdecoderPF\2.2.5\RTL\byte2pixel_conversion.v'.
Reading file 'C:\Users\c79828\Documents\HLS_Work\fpga-hls-libraries\vision\demo_designs\PF_Video_kit\libero\vision_pipeline\component\Microsemi\SolutionCore\mipicsi2rxdecoderPF\2.2.5\RTL\cdcfifo.v'.
Reading file 'C:\Users\c79828\Documents\HLS_Work\fpga-hls-libraries\vision\demo_designs\PF_Video_kit\libero\vision_pipeline\component\Microsemi\SolutionCore\mipicsi2rxdecoderPF\2.2.5\RTL\cdcfiforam.v'.
Reading file 'C:\Users\c79828\Documents\HLS_Work\fpga-hls-libraries\vision\demo_designs\PF_Video_kit\libero\vision_pipeline\component\Microsemi\SolutionCore\mipicsi2rxdecoderPF\2.2.5\RTL\embsync_detect.v'.
Reading file 'C:\Users\c79828\Documents\HLS_Work\fpga-hls-libraries\vision\demo_designs\PF_Video_kit\libero\vision_pipeline\component\Microsemi\SolutionCore\mipicsi2rxdecoderPF\2.2.5\RTL\mipicsi2rxdecoderPF.v'.
Reading file 'C:\Users\c79828\Documents\HLS_Work\fpga-hls-libraries\vision\demo_designs\PF_Video_kit\libero\vision_pipeline\component\Microsemi\SolutionCore\mipicsi2rxdecoderPF\2.2.5\RTL\mipi_csi2_rxdecoder.v'.
Reading file 'C:\Users\c79828\Documents\HLS_Work\fpga-hls-libraries\vision\demo_designs\PF_Video_kit\libero\vision_pipeline\component\work\MIV_RV32IMA_L1_AHB_C0\MIV_RV32IMA_L1_AHB_C0.v'.
Reading file 'C:\Users\c79828\Documents\HLS_Work\fpga-hls-libraries\vision\demo_designs\PF_Video_kit\libero\vision_pipeline\component\work\MIV_RV32IMA_L1_AHB_C0\MIV_RV32IMA_L1_AHB_C0_0\core\miv_rv32ima_l1_ahb_alu.v'.
Reading file 'C:\Users\c79828\Documents\HLS_Work\fpga-hls-libraries\vision\demo_designs\PF_Video_kit\libero\vision_pipeline\component\work\MIV_RV32IMA_L1_AHB_C0\MIV_RV32IMA_L1_AHB_C0_0\core\miv_rv32ima_l1_ahb_amoalu.v'.
Reading file 'C:\Users\c79828\Documents\HLS_Work\fpga-hls-libraries\vision\demo_designs\PF_Video_kit\libero\vision_pipeline\component\work\MIV_RV32IMA_L1_AHB_C0\MIV_RV32IMA_L1_AHB_C0_0\core\miv_rv32ima_l1_ahb_arbiter.v'.
Reading file 'C:\Users\c79828\Documents\HLS_Work\fpga-hls-libraries\vision\demo_designs\PF_Video_kit\libero\vision_pipeline\component\work\MIV_RV32IMA_L1_AHB_C0\MIV_RV32IMA_L1_AHB_C0_0\core\miv_rv32ima_l1_ahb_arbiter_1.v'.
Reading file 'C:\Users\c79828\Documents\HLS_Work\fpga-hls-libraries\vision\demo_designs\PF_Video_kit\libero\vision_pipeline\component\work\MIV_RV32IMA_L1_AHB_C0\MIV_RV32IMA_L1_AHB_C0_0\core\miv_rv32ima_l1_ahb_async_queue_sink.v'.
Reading file 'C:\Users\c79828\Documents\HLS_Work\fpga-hls-libraries\vision\demo_designs\PF_Video_kit\libero\vision_pipeline\component\work\MIV_RV32IMA_L1_AHB_C0\MIV_RV32IMA_L1_AHB_C0_0\core\miv_rv32ima_l1_ahb_async_queue_sink_1.v'.
Reading file 'C:\Users\c79828\Documents\HLS_Work\fpga-hls-libraries\vision\demo_designs\PF_Video_kit\libero\vision_pipeline\component\work\MIV_RV32IMA_L1_AHB_C0\MIV_RV32IMA_L1_AHB_C0_0\core\miv_rv32ima_l1_ahb_async_queue_sink_2.v'.
Reading file 'C:\Users\c79828\Documents\HLS_Work\fpga-hls-libraries\vision\demo_designs\PF_Video_kit\libero\vision_pipeline\component\work\MIV_RV32IMA_L1_AHB_C0\MIV_RV32IMA_L1_AHB_C0_0\core\miv_rv32ima_l1_ahb_async_queue_source.v'.
Reading file 'C:\Users\c79828\Documents\HLS_Work\fpga-hls-libraries\vision\demo_designs\PF_Video_kit\libero\vision_pipeline\component\work\MIV_RV32IMA_L1_AHB_C0\MIV_RV32IMA_L1_AHB_C0_0\core\miv_rv32ima_l1_ahb_async_queue_source_1.v'.
Reading file 'C:\Users\c79828\Documents\HLS_Work\fpga-hls-libraries\vision\demo_designs\PF_Video_kit\libero\vision_pipeline\component\work\MIV_RV32IMA_L1_AHB_C0\MIV_RV32IMA_L1_AHB_C0_0\core\miv_rv32ima_l1_ahb_async_queue_source_2.v'.
Reading file 'C:\Users\c79828\Documents\HLS_Work\fpga-hls-libraries\vision\demo_designs\PF_Video_kit\libero\vision_pipeline\component\work\MIV_RV32IMA_L1_AHB_C0\MIV_RV32IMA_L1_AHB_C0_0\core\miv_rv32ima_l1_ahb_async_reset_reg.v'.
Reading file 'C:\Users\c79828\Documents\HLS_Work\fpga-hls-libraries\vision\demo_designs\PF_Video_kit\libero\vision_pipeline\component\work\MIV_RV32IMA_L1_AHB_C0\MIV_RV32IMA_L1_AHB_C0_0\core\miv_rv32ima_l1_ahb_async_reset_reg_vec_w1_i0.v'.
Reading file 'C:\Users\c79828\Documents\HLS_Work\fpga-hls-libraries\vision\demo_designs\PF_Video_kit\libero\vision_pipeline\component\work\MIV_RV32IMA_L1_AHB_C0\MIV_RV32IMA_L1_AHB_C0_0\core\miv_rv32ima_l1_ahb_async_reset_reg_vec_w2_i0.v'.
Reading file 'C:\Users\c79828\Documents\HLS_Work\fpga-hls-libraries\vision\demo_designs\PF_Video_kit\libero\vision_pipeline\component\work\MIV_RV32IMA_L1_AHB_C0\MIV_RV32IMA_L1_AHB_C0_0\core\miv_rv32ima_l1_ahb_async_reset_reg_vec_w32_i0.v'.
Reading file 'C:\Users\c79828\Documents\HLS_Work\fpga-hls-libraries\vision\demo_designs\PF_Video_kit\libero\vision_pipeline\component\work\MIV_RV32IMA_L1_AHB_C0\MIV_RV32IMA_L1_AHB_C0_0\core\miv_rv32ima_l1_ahb_async_reset_reg_vec_w4_i15.v'.
Reading file 'C:\Users\c79828\Documents\HLS_Work\fpga-hls-libraries\vision\demo_designs\PF_Video_kit\libero\vision_pipeline\component\work\MIV_RV32IMA_L1_AHB_C0\MIV_RV32IMA_L1_AHB_C0_0\core\miv_rv32ima_l1_ahb_async_reset_synchronizer_shift_reg_w1_d1_i0.v'.
Reading file 'C:\Users\c79828\Documents\HLS_Work\fpga-hls-libraries\vision\demo_designs\PF_Video_kit\libero\vision_pipeline\component\work\MIV_RV32IMA_L1_AHB_C0\MIV_RV32IMA_L1_AHB_C0_0\core\miv_rv32ima_l1_ahb_async_reset_synchronizer_shift_reg_w1_d3_i0.v'.
Reading file 'C:\Users\c79828\Documents\HLS_Work\fpga-hls-libraries\vision\demo_designs\PF_Video_kit\libero\vision_pipeline\component\work\MIV_RV32IMA_L1_AHB_C0\MIV_RV32IMA_L1_AHB_C0_0\core\miv_rv32ima_l1_ahb_async_reset_synchronizer_shift_reg_w1_d4_i0.v'.
Reading file 'C:\Users\c79828\Documents\HLS_Work\fpga-hls-libraries\vision\demo_designs\PF_Video_kit\libero\vision_pipeline\component\work\MIV_RV32IMA_L1_AHB_C0\MIV_RV32IMA_L1_AHB_C0_0\core\miv_rv32ima_l1_ahb_async_valid_sync.v'.
Reading file 'C:\Users\c79828\Documents\HLS_Work\fpga-hls-libraries\vision\demo_designs\PF_Video_kit\libero\vision_pipeline\component\work\MIV_RV32IMA_L1_AHB_C0\MIV_RV32IMA_L1_AHB_C0_0\core\miv_rv32ima_l1_ahb_async_valid_sync_1.v'.
Reading file 'C:\Users\c79828\Documents\HLS_Work\fpga-hls-libraries\vision\demo_designs\PF_Video_kit\libero\vision_pipeline\component\work\MIV_RV32IMA_L1_AHB_C0\MIV_RV32IMA_L1_AHB_C0_0\core\miv_rv32ima_l1_ahb_async_valid_sync_2.v'.
Reading file 'C:\Users\c79828\Documents\HLS_Work\fpga-hls-libraries\vision\demo_designs\PF_Video_kit\libero\vision_pipeline\component\work\MIV_RV32IMA_L1_AHB_C0\MIV_RV32IMA_L1_AHB_C0_0\core\miv_rv32ima_l1_ahb_async_valid_sync_3.v'.
Reading file 'C:\Users\c79828\Documents\HLS_Work\fpga-hls-libraries\vision\demo_designs\PF_Video_kit\libero\vision_pipeline\component\work\MIV_RV32IMA_L1_AHB_C0\MIV_RV32IMA_L1_AHB_C0_0\core\miv_rv32ima_l1_ahb_async_valid_sync_4.v'.
Reading file 'C:\Users\c79828\Documents\HLS_Work\fpga-hls-libraries\vision\demo_designs\PF_Video_kit\libero\vision_pipeline\component\work\MIV_RV32IMA_L1_AHB_C0\MIV_RV32IMA_L1_AHB_C0_0\core\miv_rv32ima_l1_ahb_async_valid_sync_5.v'.
Reading file 'C:\Users\c79828\Documents\HLS_Work\fpga-hls-libraries\vision\demo_designs\PF_Video_kit\libero\vision_pipeline\component\work\MIV_RV32IMA_L1_AHB_C0\MIV_RV32IMA_L1_AHB_C0_0\core\miv_rv32ima_l1_ahb_breakpoint_unit.v'.
Reading file 'C:\Users\c79828\Documents\HLS_Work\fpga-hls-libraries\vision\demo_designs\PF_Video_kit\libero\vision_pipeline\component\work\MIV_RV32IMA_L1_AHB_C0\MIV_RV32IMA_L1_AHB_C0_0\core\miv_rv32ima_l1_ahb_capture_chain.v'.
Reading file 'C:\Users\c79828\Documents\HLS_Work\fpga-hls-libraries\vision\demo_designs\PF_Video_kit\libero\vision_pipeline\component\work\MIV_RV32IMA_L1_AHB_C0\MIV_RV32IMA_L1_AHB_C0_0\core\miv_rv32ima_l1_ahb_capture_update_chain.v'.
Reading file 'C:\Users\c79828\Documents\HLS_Work\fpga-hls-libraries\vision\demo_designs\PF_Video_kit\libero\vision_pipeline\component\work\MIV_RV32IMA_L1_AHB_C0\MIV_RV32IMA_L1_AHB_C0_0\core\miv_rv32ima_l1_ahb_capture_update_chain_1.v'.
Reading file 'C:\Users\c79828\Documents\HLS_Work\fpga-hls-libraries\vision\demo_designs\PF_Video_kit\libero\vision_pipeline\component\work\MIV_RV32IMA_L1_AHB_C0\MIV_RV32IMA_L1_AHB_C0_0\core\miv_rv32ima_l1_ahb_capture_update_chain_2.v'.
Reading file 'C:\Users\c79828\Documents\HLS_Work\fpga-hls-libraries\vision\demo_designs\PF_Video_kit\libero\vision_pipeline\component\work\MIV_RV32IMA_L1_AHB_C0\MIV_RV32IMA_L1_AHB_C0_0\core\miv_rv32ima_l1_ahb_coreplex_local_interrupter_clint.v'.
Reading file 'C:\Users\c79828\Documents\HLS_Work\fpga-hls-libraries\vision\demo_designs\PF_Video_kit\libero\vision_pipeline\component\work\MIV_RV32IMA_L1_AHB_C0\MIV_RV32IMA_L1_AHB_C0_0\core\miv_rv32ima_l1_ahb_debug_transport_module_jtag.v'.
Reading file 'C:\Users\c79828\Documents\HLS_Work\fpga-hls-libraries\vision\demo_designs\PF_Video_kit\libero\vision_pipeline\component\work\MIV_RV32IMA_L1_AHB_C0\MIV_RV32IMA_L1_AHB_C0_0\core\miv_rv32ima_l1_ahb_dmito_tl_dmi2tl.v'.
Reading file 'C:\Users\c79828\Documents\HLS_Work\fpga-hls-libraries\vision\demo_designs\PF_Video_kit\libero\vision_pipeline\component\work\MIV_RV32IMA_L1_AHB_C0\MIV_RV32IMA_L1_AHB_C0_0\core\miv_rv32ima_l1_ahb_hella_cache_arbiter.v'.
Reading file 'C:\Users\c79828\Documents\HLS_Work\fpga-hls-libraries\vision\demo_designs\PF_Video_kit\libero\vision_pipeline\component\work\MIV_RV32IMA_L1_AHB_C0\MIV_RV32IMA_L1_AHB_C0_0\core\miv_rv32ima_l1_ahb_ibuf.v'.
Reading file 'C:\Users\c79828\Documents\HLS_Work\fpga-hls-libraries\vision\demo_designs\PF_Video_kit\libero\vision_pipeline\component\work\MIV_RV32IMA_L1_AHB_C0\MIV_RV32IMA_L1_AHB_C0_0\core\miv_rv32ima_l1_ahb_identity_module.v'.
Reading file 'C:\Users\c79828\Documents\HLS_Work\fpga-hls-libraries\vision\demo_designs\PF_Video_kit\libero\vision_pipeline\component\work\MIV_RV32IMA_L1_AHB_C0\MIV_RV32IMA_L1_AHB_C0_0\core\miv_rv32ima_l1_ahb_int_sync_crossing_sink.v'.
Reading file 'C:\Users\c79828\Documents\HLS_Work\fpga-hls-libraries\vision\demo_designs\PF_Video_kit\libero\vision_pipeline\component\work\MIV_RV32IMA_L1_AHB_C0\MIV_RV32IMA_L1_AHB_C0_0\core\miv_rv32ima_l1_ahb_int_sync_crossing_sink_1.v'.
Reading file 'C:\Users\c79828\Documents\HLS_Work\fpga-hls-libraries\vision\demo_designs\PF_Video_kit\libero\vision_pipeline\component\work\MIV_RV32IMA_L1_AHB_C0\MIV_RV32IMA_L1_AHB_C0_0\core\miv_rv32ima_l1_ahb_int_sync_crossing_source.v'.
Reading file 'C:\Users\c79828\Documents\HLS_Work\fpga-hls-libraries\vision\demo_designs\PF_Video_kit\libero\vision_pipeline\component\work\MIV_RV32IMA_L1_AHB_C0\MIV_RV32IMA_L1_AHB_C0_0\core\miv_rv32ima_l1_ahb_int_sync_crossing_source_2.v'.
Reading file 'C:\Users\c79828\Documents\HLS_Work\fpga-hls-libraries\vision\demo_designs\PF_Video_kit\libero\vision_pipeline\component\work\MIV_RV32IMA_L1_AHB_C0\MIV_RV32IMA_L1_AHB_C0_0\core\miv_rv32ima_l1_ahb_int_xbar.v'.
Reading file 'C:\Users\c79828\Documents\HLS_Work\fpga-hls-libraries\vision\demo_designs\PF_Video_kit\libero\vision_pipeline\component\work\MIV_RV32IMA_L1_AHB_C0\MIV_RV32IMA_L1_AHB_C0_0\core\miv_rv32ima_l1_ahb_int_xbar_int_xbar.v'.
Reading file 'C:\Users\c79828\Documents\HLS_Work\fpga-hls-libraries\vision\demo_designs\PF_Video_kit\libero\vision_pipeline\component\work\MIV_RV32IMA_L1_AHB_C0\MIV_RV32IMA_L1_AHB_C0_0\core\miv_rv32ima_l1_ahb_int_xing.v'.
Reading file 'C:\Users\c79828\Documents\HLS_Work\fpga-hls-libraries\vision\demo_designs\PF_Video_kit\libero\vision_pipeline\component\work\MIV_RV32IMA_L1_AHB_C0\MIV_RV32IMA_L1_AHB_C0_0\core\miv_rv32ima_l1_ahb_jtag_bypass_chain.v'.
Reading file 'C:\Users\c79828\Documents\HLS_Work\fpga-hls-libraries\vision\demo_designs\PF_Video_kit\libero\vision_pipeline\component\work\MIV_RV32IMA_L1_AHB_C0\MIV_RV32IMA_L1_AHB_C0_0\core\miv_rv32ima_l1_ahb_jtag_state_machine.v'.
Reading file 'C:\Users\c79828\Documents\HLS_Work\fpga-hls-libraries\vision\demo_designs\PF_Video_kit\libero\vision_pipeline\component\work\MIV_RV32IMA_L1_AHB_C0\MIV_RV32IMA_L1_AHB_C0_0\core\miv_rv32ima_l1_ahb_jtag_tap_controller.v'.
Reading file 'C:\Users\c79828\Documents\HLS_Work\fpga-hls-libraries\vision\demo_designs\PF_Video_kit\libero\vision_pipeline\component\work\MIV_RV32IMA_L1_AHB_C0\MIV_RV32IMA_L1_AHB_C0_0\core\miv_rv32ima_l1_ahb_level_gateway.v'.
Reading file 'C:\Users\c79828\Documents\HLS_Work\fpga-hls-libraries\vision\demo_designs\PF_Video_kit\libero\vision_pipeline\component\work\MIV_RV32IMA_L1_AHB_C0\MIV_RV32IMA_L1_AHB_C0_0\core\miv_rv32ima_l1_ahb_memory_bus_mem_buses_0.v'.
Reading file 'C:\Users\c79828\Documents\HLS_Work\fpga-hls-libraries\vision\demo_designs\PF_Video_kit\libero\vision_pipeline\component\work\MIV_RV32IMA_L1_AHB_C0\MIV_RV32IMA_L1_AHB_C0_0\core\miv_rv32ima_l1_ahb_mul_div.v'.
Reading file 'C:\Users\c79828\Documents\HLS_Work\fpga-hls-libraries\vision\demo_designs\PF_Video_kit\libero\vision_pipeline\component\work\MIV_RV32IMA_L1_AHB_C0\MIV_RV32IMA_L1_AHB_C0_0\core\miv_rv32ima_l1_ahb_negative_edge_latch.v'.
Reading file 'C:\Users\c79828\Documents\HLS_Work\fpga-hls-libraries\vision\demo_designs\PF_Video_kit\libero\vision_pipeline\component\work\MIV_RV32IMA_L1_AHB_C0\MIV_RV32IMA_L1_AHB_C0_0\core\miv_rv32ima_l1_ahb_negative_edge_latch_2.v'.
Reading file 'C:\Users\c79828\Documents\HLS_Work\fpga-hls-libraries\vision\demo_designs\PF_Video_kit\libero\vision_pipeline\component\work\MIV_RV32IMA_L1_AHB_C0\MIV_RV32IMA_L1_AHB_C0_0\core\miv_rv32ima_l1_ahb_periphery_bus_pbus.v'.
Reading file 'C:\Users\c79828\Documents\HLS_Work\fpga-hls-libraries\vision\demo_designs\PF_Video_kit\libero\vision_pipeline\component\work\MIV_RV32IMA_L1_AHB_C0\MIV_RV32IMA_L1_AHB_C0_0\core\miv_rv32ima_l1_ahb_plusarg_reader.v'.
Reading file 'C:\Users\c79828\Documents\HLS_Work\fpga-hls-libraries\vision\demo_designs\PF_Video_kit\libero\vision_pipeline\component\work\MIV_RV32IMA_L1_AHB_C0\MIV_RV32IMA_L1_AHB_C0_0\core\miv_rv32ima_l1_ahb_queue.v'.
Reading file 'C:\Users\c79828\Documents\HLS_Work\fpga-hls-libraries\vision\demo_designs\PF_Video_kit\libero\vision_pipeline\component\work\MIV_RV32IMA_L1_AHB_C0\MIV_RV32IMA_L1_AHB_C0_0\core\miv_rv32ima_l1_ahb_queue_1.v'.
Reading file 'C:\Users\c79828\Documents\HLS_Work\fpga-hls-libraries\vision\demo_designs\PF_Video_kit\libero\vision_pipeline\component\work\MIV_RV32IMA_L1_AHB_C0\MIV_RV32IMA_L1_AHB_C0_0\core\miv_rv32ima_l1_ahb_queue_10.v'.
Reading file 'C:\Users\c79828\Documents\HLS_Work\fpga-hls-libraries\vision\demo_designs\PF_Video_kit\libero\vision_pipeline\component\work\MIV_RV32IMA_L1_AHB_C0\MIV_RV32IMA_L1_AHB_C0_0\core\miv_rv32ima_l1_ahb_queue_11.v'.
Reading file 'C:\Users\c79828\Documents\HLS_Work\fpga-hls-libraries\vision\demo_designs\PF_Video_kit\libero\vision_pipeline\component\work\MIV_RV32IMA_L1_AHB_C0\MIV_RV32IMA_L1_AHB_C0_0\core\miv_rv32ima_l1_ahb_queue_13.v'.
Reading file 'C:\Users\c79828\Documents\HLS_Work\fpga-hls-libraries\vision\demo_designs\PF_Video_kit\libero\vision_pipeline\component\work\MIV_RV32IMA_L1_AHB_C0\MIV_RV32IMA_L1_AHB_C0_0\core\miv_rv32ima_l1_ahb_queue_14.v'.
Reading file 'C:\Users\c79828\Documents\HLS_Work\fpga-hls-libraries\vision\demo_designs\PF_Video_kit\libero\vision_pipeline\component\work\MIV_RV32IMA_L1_AHB_C0\MIV_RV32IMA_L1_AHB_C0_0\core\miv_rv32ima_l1_ahb_queue_15.v'.
Reading file 'C:\Users\c79828\Documents\HLS_Work\fpga-hls-libraries\vision\demo_designs\PF_Video_kit\libero\vision_pipeline\component\work\MIV_RV32IMA_L1_AHB_C0\MIV_RV32IMA_L1_AHB_C0_0\core\miv_rv32ima_l1_ahb_queue_16.v'.
Reading file 'C:\Users\c79828\Documents\HLS_Work\fpga-hls-libraries\vision\demo_designs\PF_Video_kit\libero\vision_pipeline\component\work\MIV_RV32IMA_L1_AHB_C0\MIV_RV32IMA_L1_AHB_C0_0\core\miv_rv32ima_l1_ahb_queue_18.v'.
Reading file 'C:\Users\c79828\Documents\HLS_Work\fpga-hls-libraries\vision\demo_designs\PF_Video_kit\libero\vision_pipeline\component\work\MIV_RV32IMA_L1_AHB_C0\MIV_RV32IMA_L1_AHB_C0_0\core\miv_rv32ima_l1_ahb_queue_19.v'.
Reading file 'C:\Users\c79828\Documents\HLS_Work\fpga-hls-libraries\vision\demo_designs\PF_Video_kit\libero\vision_pipeline\component\work\MIV_RV32IMA_L1_AHB_C0\MIV_RV32IMA_L1_AHB_C0_0\core\miv_rv32ima_l1_ahb_queue_4.v'.
Reading file 'C:\Users\c79828\Documents\HLS_Work\fpga-hls-libraries\vision\demo_designs\PF_Video_kit\libero\vision_pipeline\component\work\MIV_RV32IMA_L1_AHB_C0\MIV_RV32IMA_L1_AHB_C0_0\core\miv_rv32ima_l1_ahb_queue_5.v'.
Reading file 'C:\Users\c79828\Documents\HLS_Work\fpga-hls-libraries\vision\demo_designs\PF_Video_kit\libero\vision_pipeline\component\work\MIV_RV32IMA_L1_AHB_C0\MIV_RV32IMA_L1_AHB_C0_0\core\miv_rv32ima_l1_ahb_queue_6.v'.
Reading file 'C:\Users\c79828\Documents\HLS_Work\fpga-hls-libraries\vision\demo_designs\PF_Video_kit\libero\vision_pipeline\component\work\MIV_RV32IMA_L1_AHB_C0\MIV_RV32IMA_L1_AHB_C0_0\core\miv_rv32ima_l1_ahb_repeater.v'.
Reading file 'C:\Users\c79828\Documents\HLS_Work\fpga-hls-libraries\vision\demo_designs\PF_Video_kit\libero\vision_pipeline\component\work\MIV_RV32IMA_L1_AHB_C0\MIV_RV32IMA_L1_AHB_C0_0\core\miv_rv32ima_l1_ahb_repeater_2.v'.
Reading file 'C:\Users\c79828\Documents\HLS_Work\fpga-hls-libraries\vision\demo_designs\PF_Video_kit\libero\vision_pipeline\component\work\MIV_RV32IMA_L1_AHB_C0\MIV_RV32IMA_L1_AHB_C0_0\core\miv_rv32ima_l1_ahb_reset_catch_and_sync_d3.v'.
Reading file 'C:\Users\c79828\Documents\HLS_Work\fpga-hls-libraries\vision\demo_designs\PF_Video_kit\libero\vision_pipeline\component\work\MIV_RV32IMA_L1_AHB_C0\MIV_RV32IMA_L1_AHB_C0_0\core\miv_rv32ima_l1_ahb_rvcexpander.v'.
Reading file 'C:\Users\c79828\Documents\HLS_Work\fpga-hls-libraries\vision\demo_designs\PF_Video_kit\libero\vision_pipeline\component\work\MIV_RV32IMA_L1_AHB_C0\MIV_RV32IMA_L1_AHB_C0_0\core\miv_rv32ima_l1_ahb_shift_queue.v'.
Reading file 'C:\Users\c79828\Documents\HLS_Work\fpga-hls-libraries\vision\demo_designs\PF_Video_kit\libero\vision_pipeline\component\work\MIV_RV32IMA_L1_AHB_C0\MIV_RV32IMA_L1_AHB_C0_0\core\miv_rv32ima_l1_ahb_simple_lazy_module_system_bus_from_tile.v'.
Reading file 'C:\Users\c79828\Documents\HLS_Work\fpga-hls-libraries\vision\demo_designs\PF_Video_kit\libero\vision_pipeline\component\work\MIV_RV32IMA_L1_AHB_C0\MIV_RV32IMA_L1_AHB_C0_0\core\miv_rv32ima_l1_ahb_synchronizer_shift_reg_w12_d1.v'.
Reading file 'C:\Users\c79828\Documents\HLS_Work\fpga-hls-libraries\vision\demo_designs\PF_Video_kit\libero\vision_pipeline\component\work\MIV_RV32IMA_L1_AHB_C0\MIV_RV32IMA_L1_AHB_C0_0\core\miv_rv32ima_l1_ahb_synchronizer_shift_reg_w1_d3.v'.
Reading file 'C:\Users\c79828\Documents\HLS_Work\fpga-hls-libraries\vision\demo_designs\PF_Video_kit\libero\vision_pipeline\component\work\MIV_RV32IMA_L1_AHB_C0\MIV_RV32IMA_L1_AHB_C0_0\core\miv_rv32ima_l1_ahb_synchronizer_shift_reg_w31_d3.v'.
Reading file 'C:\Users\c79828\Documents\HLS_Work\fpga-hls-libraries\vision\demo_designs\PF_Video_kit\libero\vision_pipeline\component\work\MIV_RV32IMA_L1_AHB_C0\MIV_RV32IMA_L1_AHB_C0_0\core\miv_rv32ima_l1_ahb_synchronizer_shift_reg_w42_d1.v'.
Reading file 'C:\Users\c79828\Documents\HLS_Work\fpga-hls-libraries\vision\demo_designs\PF_Video_kit\libero\vision_pipeline\component\work\MIV_RV32IMA_L1_AHB_C0\MIV_RV32IMA_L1_AHB_C0_0\core\miv_rv32ima_l1_ahb_synchronizer_shift_reg_w54_d1.v'.
Reading file 'C:\Users\c79828\Documents\HLS_Work\fpga-hls-libraries\vision\demo_designs\PF_Video_kit\libero\vision_pipeline\component\work\MIV_RV32IMA_L1_AHB_C0\MIV_RV32IMA_L1_AHB_C0_0\core\miv_rv32ima_l1_ahb_system_bus_sbus.v'.
Reading file 'C:\Users\c79828\Documents\HLS_Work\fpga-hls-libraries\vision\demo_designs\PF_Video_kit\libero\vision_pipeline\component\work\MIV_RV32IMA_L1_AHB_C0\MIV_RV32IMA_L1_AHB_C0_0\core\miv_rv32ima_l1_ahb_tlasync_crossing_sink_dmi_xing.v'.
Reading file 'C:\Users\c79828\Documents\HLS_Work\fpga-hls-libraries\vision\demo_designs\PF_Video_kit\libero\vision_pipeline\component\work\MIV_RV32IMA_L1_AHB_C0\MIV_RV32IMA_L1_AHB_C0_0\core\miv_rv32ima_l1_ahb_tlasync_crossing_source_dm_inner.v'.
Reading file 'C:\Users\c79828\Documents\HLS_Work\fpga-hls-libraries\vision\demo_designs\PF_Video_kit\libero\vision_pipeline\component\work\MIV_RV32IMA_L1_AHB_C0\MIV_RV32IMA_L1_AHB_C0_0\core\miv_rv32ima_l1_ahb_tlatomic_automata_periphery_bus_slave_tlfragmenter.v'.
Reading file 'C:\Users\c79828\Documents\HLS_Work\fpga-hls-libraries\vision\demo_designs\PF_Video_kit\libero\vision_pipeline\component\work\MIV_RV32IMA_L1_AHB_C0\MIV_RV32IMA_L1_AHB_C0_0\core\miv_rv32ima_l1_ahb_tlb.v'.
Reading file 'C:\Users\c79828\Documents\HLS_Work\fpga-hls-libraries\vision\demo_designs\PF_Video_kit\libero\vision_pipeline\component\work\MIV_RV32IMA_L1_AHB_C0\MIV_RV32IMA_L1_AHB_C0_0\core\miv_rv32ima_l1_ahb_tlbuffer_periphery_bus_slave_tlbuffer.v'.
Reading file 'C:\Users\c79828\Documents\HLS_Work\fpga-hls-libraries\vision\demo_designs\PF_Video_kit\libero\vision_pipeline\component\work\MIV_RV32IMA_L1_AHB_C0\MIV_RV32IMA_L1_AHB_C0_0\core\miv_rv32ima_l1_ahb_tlbuffer_periphery_bus_slave_tlfragmenter.v'.
Reading file 'C:\Users\c79828\Documents\HLS_Work\fpga-hls-libraries\vision\demo_designs\PF_Video_kit\libero\vision_pipeline\component\work\MIV_RV32IMA_L1_AHB_C0\MIV_RV32IMA_L1_AHB_C0_0\core\miv_rv32ima_l1_ahb_tlbuffer_system_bus.v'.
Reading file 'C:\Users\c79828\Documents\HLS_Work\fpga-hls-libraries\vision\demo_designs\PF_Video_kit\libero\vision_pipeline\component\work\MIV_RV32IMA_L1_AHB_C0\MIV_RV32IMA_L1_AHB_C0_0\core\miv_rv32ima_l1_ahb_tlbuffer_system_bus_slave_tlbuffer.v'.
Reading file 'C:\Users\c79828\Documents\HLS_Work\fpga-hls-libraries\vision\demo_designs\PF_Video_kit\libero\vision_pipeline\component\work\MIV_RV32IMA_L1_AHB_C0\MIV_RV32IMA_L1_AHB_C0_0\core\miv_rv32ima_l1_ahb_tlb_1.v'.
Reading file 'C:\Users\c79828\Documents\HLS_Work\fpga-hls-libraries\vision\demo_designs\PF_Video_kit\libero\vision_pipeline\component\work\MIV_RV32IMA_L1_AHB_C0\MIV_RV32IMA_L1_AHB_C0_0\core\miv_rv32ima_l1_ahb_tlcache_cork_system_bus.v'.
Reading file 'C:\Users\c79828\Documents\HLS_Work\fpga-hls-libraries\vision\demo_designs\PF_Video_kit\libero\vision_pipeline\component\work\MIV_RV32IMA_L1_AHB_C0\MIV_RV32IMA_L1_AHB_C0_0\core\miv_rv32ima_l1_ahb_tldebug_module_debug.v'.
Reading file 'C:\Users\c79828\Documents\HLS_Work\fpga-hls-libraries\vision\demo_designs\PF_Video_kit\libero\vision_pipeline\component\work\MIV_RV32IMA_L1_AHB_C0\MIV_RV32IMA_L1_AHB_C0_0\core\miv_rv32ima_l1_ahb_tldebug_module_inner_async_dm_inner.v'.
Reading file 'C:\Users\c79828\Documents\HLS_Work\fpga-hls-libraries\vision\demo_designs\PF_Video_kit\libero\vision_pipeline\component\work\MIV_RV32IMA_L1_AHB_C0\MIV_RV32IMA_L1_AHB_C0_0\core\miv_rv32ima_l1_ahb_tldebug_module_inner_dm_inner.v'.
Reading file 'C:\Users\c79828\Documents\HLS_Work\fpga-hls-libraries\vision\demo_designs\PF_Video_kit\libero\vision_pipeline\component\work\MIV_RV32IMA_L1_AHB_C0\MIV_RV32IMA_L1_AHB_C0_0\core\miv_rv32ima_l1_ahb_tldebug_module_outer_async_dm_outer.v'.
Reading file 'C:\Users\c79828\Documents\HLS_Work\fpga-hls-libraries\vision\demo_designs\PF_Video_kit\libero\vision_pipeline\component\work\MIV_RV32IMA_L1_AHB_C0\MIV_RV32IMA_L1_AHB_C0_0\core\miv_rv32ima_l1_ahb_tldebug_module_outer_dm_outer.v'.
Reading file 'C:\Users\c79828\Documents\HLS_Work\fpga-hls-libraries\vision\demo_designs\PF_Video_kit\libero\vision_pipeline\component\work\MIV_RV32IMA_L1_AHB_C0\MIV_RV32IMA_L1_AHB_C0_0\core\miv_rv32ima_l1_ahb_tlerror_error.v'.
Reading file 'C:\Users\c79828\Documents\HLS_Work\fpga-hls-libraries\vision\demo_designs\PF_Video_kit\libero\vision_pipeline\component\work\MIV_RV32IMA_L1_AHB_C0\MIV_RV32IMA_L1_AHB_C0_0\core\miv_rv32ima_l1_ahb_tlfifofixer_system_bus.v'.
Reading file 'C:\Users\c79828\Documents\HLS_Work\fpga-hls-libraries\vision\demo_designs\PF_Video_kit\libero\vision_pipeline\component\work\MIV_RV32IMA_L1_AHB_C0\MIV_RV32IMA_L1_AHB_C0_0\core\miv_rv32ima_l1_ahb_tlfifofixer_system_bus_pbus_tlfifofixer.v'.
Reading file 'C:\Users\c79828\Documents\HLS_Work\fpga-hls-libraries\vision\demo_designs\PF_Video_kit\libero\vision_pipeline\component\work\MIV_RV32IMA_L1_AHB_C0\MIV_RV32IMA_L1_AHB_C0_0\core\miv_rv32ima_l1_ahb_tlfilter.v'.
Reading file 'C:\Users\c79828\Documents\HLS_Work\fpga-hls-libraries\vision\demo_designs\PF_Video_kit\libero\vision_pipeline\component\work\MIV_RV32IMA_L1_AHB_C0\MIV_RV32IMA_L1_AHB_C0_0\core\miv_rv32ima_l1_ahb_tlfragmenter_periphery_bus_slave_tlfragmenter.v'.
Reading file 'C:\Users\c79828\Documents\HLS_Work\fpga-hls-libraries\vision\demo_designs\PF_Video_kit\libero\vision_pipeline\component\work\MIV_RV32IMA_L1_AHB_C0\MIV_RV32IMA_L1_AHB_C0_0\core\miv_rv32ima_l1_ahb_tlplic_plic.v'.
Reading file 'C:\Users\c79828\Documents\HLS_Work\fpga-hls-libraries\vision\demo_designs\PF_Video_kit\libero\vision_pipeline\component\work\MIV_RV32IMA_L1_AHB_C0\MIV_RV32IMA_L1_AHB_C0_0\core\miv_rv32ima_l1_ahb_tlsplitter_system_bus_master_tlsplitter.v'.
Reading file 'C:\Users\c79828\Documents\HLS_Work\fpga-hls-libraries\vision\demo_designs\PF_Video_kit\libero\vision_pipeline\component\work\MIV_RV32IMA_L1_AHB_C0\MIV_RV32IMA_L1_AHB_C0_0\core\miv_rv32ima_l1_ahb_tlto_ahb.v'.
Reading file 'C:\Users\c79828\Documents\HLS_Work\fpga-hls-libraries\vision\demo_designs\PF_Video_kit\libero\vision_pipeline\component\work\MIV_RV32IMA_L1_AHB_C0\MIV_RV32IMA_L1_AHB_C0_0\core\miv_rv32ima_l1_ahb_tlto_ahb_converter.v'.
Reading file 'C:\Users\c79828\Documents\HLS_Work\fpga-hls-libraries\vision\demo_designs\PF_Video_kit\libero\vision_pipeline\component\work\MIV_RV32IMA_L1_AHB_C0\MIV_RV32IMA_L1_AHB_C0_0\core\miv_rv32ima_l1_ahb_tlwidth_widget.v'.
Reading file 'C:\Users\c79828\Documents\HLS_Work\fpga-hls-libraries\vision\demo_designs\PF_Video_kit\libero\vision_pipeline\component\work\MIV_RV32IMA_L1_AHB_C0\MIV_RV32IMA_L1_AHB_C0_0\core\miv_rv32ima_l1_ahb_tlwidth_widget_system_bus_slave_tlwidth_widget.v'.
Reading file 'C:\Users\c79828\Documents\HLS_Work\fpga-hls-libraries\vision\demo_designs\PF_Video_kit\libero\vision_pipeline\component\work\MIV_RV32IMA_L1_AHB_C0\MIV_RV32IMA_L1_AHB_C0_0\core\miv_rv32ima_l1_ahb_tlxbar_dmi_xbar.v'.
Reading file 'C:\Users\c79828\Documents\HLS_Work\fpga-hls-libraries\vision\demo_designs\PF_Video_kit\libero\vision_pipeline\component\work\MIV_RV32IMA_L1_AHB_C0\MIV_RV32IMA_L1_AHB_C0_0\core\miv_rv32ima_l1_ahb_tlxbar_memory_bus.v'.
Reading file 'C:\Users\c79828\Documents\HLS_Work\fpga-hls-libraries\vision\demo_designs\PF_Video_kit\libero\vision_pipeline\component\work\MIV_RV32IMA_L1_AHB_C0\MIV_RV32IMA_L1_AHB_C0_0\core\miv_rv32ima_l1_ahb_tlxbar_periphery_bus.v'.
Reading file 'C:\Users\c79828\Documents\HLS_Work\fpga-hls-libraries\vision\demo_designs\PF_Video_kit\libero\vision_pipeline\component\work\MIV_RV32IMA_L1_AHB_C0\MIV_RV32IMA_L1_AHB_C0_0\core\miv_rv32ima_l1_ahb_tlxbar_system_bus.v'.
Reading file 'C:\Users\c79828\Documents\HLS_Work\fpga-hls-libraries\vision\demo_designs\PF_Video_kit\libero\vision_pipeline\component\work\MIV_RV32IMA_L1_AHB_C0\MIV_RV32IMA_L1_AHB_C0_0\core\miv_rv32ima_l1_ahb_tlxbar_tl_master_xbar.v'.
Reading file 'C:\Users\c79828\Documents\HLS_Work\fpga-hls-libraries\vision\demo_designs\PF_Video_kit\libero\vision_pipeline\component\work\MIV_RV32IMA_L1_AHB_C0\MIV_RV32IMA_L1_AHB_C0_0\core\miv_rv32ima_l1_ahb_data_arrays_0_ecc.v'.
Reading file 'C:\Users\c79828\Documents\HLS_Work\fpga-hls-libraries\vision\demo_designs\PF_Video_kit\libero\vision_pipeline\component\work\MIV_RV32IMA_L1_AHB_C0\MIV_RV32IMA_L1_AHB_C0_0\core\miv_rv32ima_l1_ahb_data_arrays_0_ext_ecc_g5.v'.
Reading file 'C:\Users\c79828\Documents\HLS_Work\fpga-hls-libraries\vision\demo_designs\PF_Video_kit\libero\vision_pipeline\component\work\MIV_RV32IMA_L1_AHB_C0\MIV_RV32IMA_L1_AHB_C0_0\core\miv_rv32ima_l1_ahb_dcache_data_array_ecc.v'.
Reading file 'C:\Users\c79828\Documents\HLS_Work\fpga-hls-libraries\vision\demo_designs\PF_Video_kit\libero\vision_pipeline\component\work\MIV_RV32IMA_L1_AHB_C0\MIV_RV32IMA_L1_AHB_C0_0\core\miv_rv32ima_l1_ahb_dcache_dcache_ecc.v'.
Reading file 'C:\Users\c79828\Documents\HLS_Work\fpga-hls-libraries\vision\demo_designs\PF_Video_kit\libero\vision_pipeline\component\work\MIV_RV32IMA_L1_AHB_C0\MIV_RV32IMA_L1_AHB_C0_0\core\miv_rv32ima_l1_ahb_ecc.v'.
Reading file 'C:\Users\c79828\Documents\HLS_Work\fpga-hls-libraries\vision\demo_designs\PF_Video_kit\libero\vision_pipeline\component\work\MIV_RV32IMA_L1_AHB_C0\MIV_RV32IMA_L1_AHB_C0_0\core\miv_rv32ima_l1_ahb_rocket_system_ecc.v'.
Reading file 'C:\Users\c79828\Documents\HLS_Work\fpga-hls-libraries\vision\demo_designs\PF_Video_kit\libero\vision_pipeline\component\work\MIV_RV32IMA_L1_AHB_C0\MIV_RV32IMA_L1_AHB_C0_0\core\miv_rv32ima_l1_ahb_rocket_tile_ecc.v'.
Reading file 'C:\Users\c79828\Documents\HLS_Work\fpga-hls-libraries\vision\demo_designs\PF_Video_kit\libero\vision_pipeline\component\work\MIV_RV32IMA_L1_AHB_C0\MIV_RV32IMA_L1_AHB_C0_0\core\miv_rv32ima_l1_ahb_frontend_frontend_ecc.v'.
Reading file 'C:\Users\c79828\Documents\HLS_Work\fpga-hls-libraries\vision\demo_designs\PF_Video_kit\libero\vision_pipeline\component\work\MIV_RV32IMA_L1_AHB_C0\MIV_RV32IMA_L1_AHB_C0_0\core\miv_rv32ima_l1_ahb_icache_icache_ecc.v'.
Reading file 'C:\Users\c79828\Documents\HLS_Work\fpga-hls-libraries\vision\demo_designs\PF_Video_kit\libero\vision_pipeline\component\work\MIV_RV32IMA_L1_AHB_C0\MIV_RV32IMA_L1_AHB_C0_0\core\miv_rv32ima_l1_ahb_tag_array_0_ecc.v'.
Reading file 'C:\Users\c79828\Documents\HLS_Work\fpga-hls-libraries\vision\demo_designs\PF_Video_kit\libero\vision_pipeline\component\work\MIV_RV32IMA_L1_AHB_C0\MIV_RV32IMA_L1_AHB_C0_0\core\miv_rv32ima_l1_ahb_tag_array_0_ext_ecc.v'.
Reading file 'C:\Users\c79828\Documents\HLS_Work\fpga-hls-libraries\vision\demo_designs\PF_Video_kit\libero\vision_pipeline\component\work\MIV_RV32IMA_L1_AHB_C0\MIV_RV32IMA_L1_AHB_C0_0\core\miv_rv32ima_l1_ahb_tag_array_ecc.v'.
Reading file 'C:\Users\c79828\Documents\HLS_Work\fpga-hls-libraries\vision\demo_designs\PF_Video_kit\libero\vision_pipeline\component\work\MIV_RV32IMA_L1_AHB_C0\MIV_RV32IMA_L1_AHB_C0_0\core\miv_rv32ima_l1_ahb_ram_128x20_ecc_g5.v'.
Reading file 'C:\Users\c79828\Documents\HLS_Work\fpga-hls-libraries\vision\demo_designs\PF_Video_kit\libero\vision_pipeline\component\work\MIV_RV32IMA_L1_AHB_C0\MIV_RV32IMA_L1_AHB_C0_0\core\miv_rv32ima_l1_ahb_ram_128x21_ecc_g5.v'.
Reading file 'C:\Users\c79828\Documents\HLS_Work\fpga-hls-libraries\vision\demo_designs\PF_Video_kit\libero\vision_pipeline\component\work\MIV_RV32IMA_L1_AHB_C0\MIV_RV32IMA_L1_AHB_C0_0\core\miv_rv32ima_l1_ahb_ram_2048x32_ecc_g5.v'.
Reading file 'C:\Users\c79828\Documents\HLS_Work\fpga-hls-libraries\vision\demo_designs\PF_Video_kit\libero\vision_pipeline\component\work\MIV_RV32IMA_L1_AHB_C0\MIV_RV32IMA_L1_AHB_C0_0\core\miv_rv32ima_l1_ahb_data_arrays_0_0_ecc.v'.
Reading file 'C:\Users\c79828\Documents\HLS_Work\fpga-hls-libraries\vision\demo_designs\PF_Video_kit\libero\vision_pipeline\component\work\MIV_RV32IMA_L1_AHB_C0\MIV_RV32IMA_L1_AHB_C0_0\core\miv_rv32ima_l1_ahb_data_arrays_0_0_ext_ecc.v'.
Reading file 'C:\Users\c79828\Documents\HLS_Work\fpga-hls-libraries\vision\demo_designs\PF_Video_kit\libero\vision_pipeline\component\work\MIV_RV32IMA_L1_AHB_C0\MIV_RV32IMA_L1_AHB_C0_0\core\miv_rv32ima_l1_ahb_tag_array_ext_ecc.v'.
Reading file 'C:\Users\c79828\Documents\HLS_Work\fpga-hls-libraries\vision\demo_designs\PF_Video_kit\libero\vision_pipeline\component\work\MIV_RV32IMA_L1_AHB_C0\MIV_RV32IMA_L1_AHB_C0_0\core\miv_rv32ima_l1_ahb_csrfile_ecc.v'.
Reading file 'C:\Users\c79828\Documents\HLS_Work\fpga-hls-libraries\vision\demo_designs\PF_Video_kit\libero\vision_pipeline\component\work\MIV_RV32IMA_L1_AHB_C0\MIV_RV32IMA_L1_AHB_C0_0\core\miv_rv32ima_l1_ahb_ram_init.v'.
Reading file 'C:\Users\c79828\Documents\HLS_Work\fpga-hls-libraries\vision\demo_designs\PF_Video_kit\libero\vision_pipeline\component\work\MIV_RV32IMA_L1_AHB_C0\MIV_RV32IMA_L1_AHB_C0_0\core\miv_rv32ima_l1_ahb_ram_init_mux.v'.
Reading file 'C:\Users\c79828\Documents\HLS_Work\fpga-hls-libraries\vision\demo_designs\PF_Video_kit\libero\vision_pipeline\component\work\MIV_RV32IMA_L1_AHB_C0\MIV_RV32IMA_L1_AHB_C0_0\core\miv_rv32ima_l1_ahb_rocket_ecc.v'.
Reading file 'C:\Users\c79828\Documents\HLS_Work\fpga-hls-libraries\vision\demo_designs\PF_Video_kit\libero\vision_pipeline\component\work\MIV_RV32IMA_L1_AHB_C0\MIV_RV32IMA_L1_AHB_C0_0\core\miv_rv32ima_l1_ahb_rocket_ecc_en.v'.
Reading file 'C:\Users\c79828\Documents\HLS_Work\fpga-hls-libraries\vision\demo_designs\PF_Video_kit\libero\vision_pipeline\component\work\PF_CCC_C0\PF_CCC_C0.v'.
Reading file 'C:\Users\c79828\Documents\HLS_Work\fpga-hls-libraries\vision\demo_designs\PF_Video_kit\libero\vision_pipeline\component\work\PF_CCC_C0\PF_CCC_C0_0\PF_CCC_C0_PF_CCC_C0_0_PF_CCC.v'.
Reading file 'C:\Users\c79828\Documents\HLS_Work\fpga-hls-libraries\vision\demo_designs\PF_Video_kit\libero\vision_pipeline\component\work\PF_CCC_C1\PF_CCC_C1.v'.
Reading file 'C:\Users\c79828\Documents\HLS_Work\fpga-hls-libraries\vision\demo_designs\PF_Video_kit\libero\vision_pipeline\component\work\PF_CCC_C1\PF_CCC_C1_0\PF_CCC_C1_PF_CCC_C1_0_PF_CCC.v'.
Reading file 'C:\Users\c79828\Documents\HLS_Work\fpga-hls-libraries\vision\demo_designs\PF_Video_kit\libero\vision_pipeline\component\work\PF_CCC_C2\PF_CCC_C2.v'.
Reading file 'C:\Users\c79828\Documents\HLS_Work\fpga-hls-libraries\vision\demo_designs\PF_Video_kit\libero\vision_pipeline\component\work\PF_CCC_C2\PF_CCC_C2_0\PF_CCC_C2_PF_CCC_C2_0_PF_CCC.v'.
Reading file 'C:\Users\c79828\Documents\HLS_Work\fpga-hls-libraries\vision\demo_designs\PF_Video_kit\libero\vision_pipeline\component\work\PF_DDR4_C0\PF_DDR4_C0.v'.
Reading file 'C:\Users\c79828\Documents\HLS_Work\fpga-hls-libraries\vision\demo_designs\PF_Video_kit\libero\vision_pipeline\component\work\PF_DDR4_C0\CCC_0\PF_DDR4_C0_CCC_0_PF_CCC.v'.
Reading file 'C:\Users\c79828\Documents\HLS_Work\fpga-hls-libraries\vision\demo_designs\PF_Video_kit\libero\vision_pipeline\component\work\PF_DDR4_C0\DDRCTRL_0\sdram_lb_defines_0.v'.
Reading file 'C:\Users\c79828\Documents\HLS_Work\fpga-hls-libraries\vision\demo_designs\PF_Video_kit\libero\vision_pipeline\component\work\PF_DDR4_C0\DDRCTRL_0\CoreDDRMemCtrlr_0.v'.
Reading file 'C:\Users\c79828\Documents\HLS_Work\fpga-hls-libraries\vision\demo_designs\PF_Video_kit\libero\vision_pipeline\component\work\PF_DDR4_C0\DLL_0\PF_DDR4_C0_DLL_0_PF_CCC.v'.
Reading file 'C:\Users\c79828\Documents\HLS_Work\fpga-hls-libraries\vision\demo_designs\PF_Video_kit\libero\vision_pipeline\component\Actel\SgCore\PF_DDR_CFG_INIT\1.0.100\cfg_init.v'.
Reading file 'C:\Users\c79828\Documents\HLS_Work\fpga-hls-libraries\vision\demo_designs\PF_Video_kit\libero\vision_pipeline\component\work\PF_DDR4_C0_DDRPHY_BLK\PF_DDR4_C0_DDRPHY_BLK.v'.
Reading file 'C:\Users\c79828\Documents\HLS_Work\fpga-hls-libraries\vision\demo_designs\PF_Video_kit\libero\vision_pipeline\component\work\PF_DDR4_C0_DDRPHY_BLK\IOD_A_11_0\PF_DDR4_C0_DDRPHY_BLK_IOD_A_11_0_PF_IOD.v'.
Reading file 'C:\Users\c79828\Documents\HLS_Work\fpga-hls-libraries\vision\demo_designs\PF_Video_kit\libero\vision_pipeline\component\work\PF_DDR4_C0_DDRPHY_BLK\IOD_A_12\PF_DDR4_C0_DDRPHY_BLK_IOD_A_12_PF_IOD.v'.
Reading file 'C:\Users\c79828\Documents\HLS_Work\fpga-hls-libraries\vision\demo_designs\PF_Video_kit\libero\vision_pipeline\component\work\PF_DDR4_C0_DDRPHY_BLK\IOD_A_13\PF_DDR4_C0_DDRPHY_BLK_IOD_A_13_PF_IOD.v'.
Reading file 'C:\Users\c79828\Documents\HLS_Work\fpga-hls-libraries\vision\demo_designs\PF_Video_kit\libero\vision_pipeline\component\work\PF_DDR4_C0_DDRPHY_BLK\IOD_ACT_N\PF_DDR4_C0_DDRPHY_BLK_IOD_ACT_N_PF_IOD.v'.
Reading file 'C:\Users\c79828\Documents\HLS_Work\fpga-hls-libraries\vision\demo_designs\PF_Video_kit\libero\vision_pipeline\component\work\PF_DDR4_C0_DDRPHY_BLK\IOD_BA\PF_DDR4_C0_DDRPHY_BLK_IOD_BA_PF_IOD.v'.
Reading file 'C:\Users\c79828\Documents\HLS_Work\fpga-hls-libraries\vision\demo_designs\PF_Video_kit\libero\vision_pipeline\component\work\PF_DDR4_C0_DDRPHY_BLK\IOD_BCLK_TRAINING\PF_DDR4_C0_DDRPHY_BLK_IOD_BCLK_TRAINING_PF_IOD.v'.
Reading file 'C:\Users\c79828\Documents\HLS_Work\fpga-hls-libraries\vision\demo_designs\PF_Video_kit\libero\vision_pipeline\component\work\PF_DDR4_C0_DDRPHY_BLK\IOD_BG\PF_DDR4_C0_DDRPHY_BLK_IOD_BG_PF_IOD.v'.
Reading file 'C:\Users\c79828\Documents\HLS_Work\fpga-hls-libraries\vision\demo_designs\PF_Video_kit\libero\vision_pipeline\component\work\PF_DDR4_C0_DDRPHY_BLK\IOD_CAS_N\PF_DDR4_C0_DDRPHY_BLK_IOD_CAS_N_PF_IOD.v'.
Reading file 'C:\Users\c79828\Documents\HLS_Work\fpga-hls-libraries\vision\demo_designs\PF_Video_kit\libero\vision_pipeline\component\work\PF_DDR4_C0_DDRPHY_BLK\IOD_CKE\PF_DDR4_C0_DDRPHY_BLK_IOD_CKE_PF_IOD.v'.
Reading file 'C:\Users\c79828\Documents\HLS_Work\fpga-hls-libraries\vision\demo_designs\PF_Video_kit\libero\vision_pipeline\component\work\PF_DDR4_C0_DDRPHY_BLK\IOD_CS_N\PF_DDR4_C0_DDRPHY_BLK_IOD_CS_N_PF_IOD.v'.
Reading file 'C:\Users\c79828\Documents\HLS_Work\fpga-hls-libraries\vision\demo_designs\PF_Video_kit\libero\vision_pipeline\component\work\PF_DDR4_C0_DDRPHY_BLK\IOD_ODT\PF_DDR4_C0_DDRPHY_BLK_IOD_ODT_PF_IOD.v'.
Reading file 'C:\Users\c79828\Documents\HLS_Work\fpga-hls-libraries\vision\demo_designs\PF_Video_kit\libero\vision_pipeline\component\work\PF_DDR4_C0_DDRPHY_BLK\IOD_RAS_N\PF_DDR4_C0_DDRPHY_BLK_IOD_RAS_N_PF_IOD.v'.
Reading file 'C:\Users\c79828\Documents\HLS_Work\fpga-hls-libraries\vision\demo_designs\PF_Video_kit\libero\vision_pipeline\component\work\PF_DDR4_C0_DDRPHY_BLK\IOD_REF_CLK_TRAINING\PF_DDR4_C0_DDRPHY_BLK_IOD_REF_CLK_TRAINING_PF_IOD.v'.
Reading file 'C:\Users\c79828\Documents\HLS_Work\fpga-hls-libraries\vision\demo_designs\PF_Video_kit\libero\vision_pipeline\component\work\PF_DDR4_C0_DDRPHY_BLK\IOD_RESET_N\PF_DDR4_C0_DDRPHY_BLK_IOD_RESET_N_PF_IOD.v'.
Reading file 'C:\Users\c79828\Documents\HLS_Work\fpga-hls-libraries\vision\demo_designs\PF_Video_kit\libero\vision_pipeline\component\Actel\DirectCore\COREDDR_TIP\2.2.100\rtl\vlog\core\APB_IOG_CTRL_SM.v'.
Reading file 'C:\Users\c79828\Documents\HLS_Work\fpga-hls-libraries\vision\demo_designs\PF_Video_kit\libero\vision_pipeline\component\Actel\DirectCore\COREDDR_TIP\2.2.100\rtl\vlog\core\dq_align_dqs_optimization.v'.
Reading file 'C:\Users\c79828\Documents\HLS_Work\fpga-hls-libraries\vision\demo_designs\PF_Video_kit\libero\vision_pipeline\component\Actel\DirectCore\COREDDR_TIP\2.2.100\rtl\vlog\core\gate_training.v'.
Reading file 'C:\Users\c79828\Documents\HLS_Work\fpga-hls-libraries\vision\demo_designs\PF_Video_kit\libero\vision_pipeline\component\Actel\DirectCore\COREDDR_TIP\2.2.100\rtl\vlog\core\APB_IF.v'.
Reading file 'C:\Users\c79828\Documents\HLS_Work\fpga-hls-libraries\vision\demo_designs\PF_Video_kit\libero\vision_pipeline\component\Actel\DirectCore\COREDDR_TIP\2.2.100\rtl\vlog\core\DLL_MON.v'.
Reading file 'C:\Users\c79828\Documents\HLS_Work\fpga-hls-libraries\vision\demo_designs\PF_Video_kit\libero\vision_pipeline\component\Actel\DirectCore\COREDDR_TIP\2.2.100\rtl\vlog\core\IOG_IF.v'.
Reading file 'C:\Users\c79828\Documents\HLS_Work\fpga-hls-libraries\vision\demo_designs\PF_Video_kit\libero\vision_pipeline\component\Actel\DirectCore\COREDDR_TIP\2.2.100\rtl\vlog\core\LEVELLING.v'.
Reading file 'C:\Users\c79828\Documents\HLS_Work\fpga-hls-libraries\vision\demo_designs\PF_Video_kit\libero\vision_pipeline\component\Actel\DirectCore\COREDDR_TIP\2.2.100\rtl\vlog\core\PHY_SIG_MOD.v'.
Reading file 'C:\Users\c79828\Documents\HLS_Work\fpga-hls-libraries\vision\demo_designs\PF_Video_kit\libero\vision_pipeline\component\Actel\DirectCore\COREDDR_TIP\2.2.100\rtl\vlog\core\RDLVL_SMS.v'.
Reading file 'C:\Users\c79828\Documents\HLS_Work\fpga-hls-libraries\vision\demo_designs\PF_Video_kit\libero\vision_pipeline\component\Actel\DirectCore\COREDDR_TIP\2.2.100\rtl\vlog\core\RDLVL_TRAIN.v'.
Reading file 'C:\Users\c79828\Documents\HLS_Work\fpga-hls-libraries\vision\demo_designs\PF_Video_kit\libero\vision_pipeline\component\Actel\DirectCore\COREDDR_TIP\2.2.100\rtl\vlog\core\RDLVL.v'.
Reading file 'C:\Users\c79828\Documents\HLS_Work\fpga-hls-libraries\vision\demo_designs\PF_Video_kit\libero\vision_pipeline\component\Actel\DirectCore\COREDDR_TIP\2.2.100\rtl\vlog\core\TIP_CTRL_BLK.v'.
Reading file 'C:\Users\c79828\Documents\HLS_Work\fpga-hls-libraries\vision\demo_designs\PF_Video_kit\libero\vision_pipeline\component\Actel\DirectCore\COREDDR_TIP\2.2.100\rtl\vlog\core\trn_cmdaddr.v'.
Reading file 'C:\Users\c79828\Documents\HLS_Work\fpga-hls-libraries\vision\demo_designs\PF_Video_kit\libero\vision_pipeline\component\Actel\DirectCore\COREDDR_TIP\2.2.100\rtl\vlog\core\trn_bclksclk.v'.
Reading file 'C:\Users\c79828\Documents\HLS_Work\fpga-hls-libraries\vision\demo_designs\PF_Video_kit\libero\vision_pipeline\component\Actel\DirectCore\COREDDR_TIP\2.2.100\rtl\vlog\core\trn_dqsw.v'.
Reading file 'C:\Users\c79828\Documents\HLS_Work\fpga-hls-libraries\vision\demo_designs\PF_Video_kit\libero\vision_pipeline\component\Actel\DirectCore\COREDDR_TIP\2.2.100\rtl\vlog\core\TRN_CLK.v'.
Reading file 'C:\Users\c79828\Documents\HLS_Work\fpga-hls-libraries\vision\demo_designs\PF_Video_kit\libero\vision_pipeline\component\Actel\DirectCore\COREDDR_TIP\2.2.100\rtl\vlog\core\TRN_COMPLETE.v'.
Reading file 'C:\Users\c79828\Documents\HLS_Work\fpga-hls-libraries\vision\demo_designs\PF_Video_kit\libero\vision_pipeline\component\Actel\DirectCore\COREDDR_TIP\2.2.100\rtl\vlog\core\VREF_TR.v'.
Reading file 'C:\Users\c79828\Documents\HLS_Work\fpga-hls-libraries\vision\demo_designs\PF_Video_kit\libero\vision_pipeline\component\Actel\DirectCore\COREDDR_TIP\2.2.100\rtl\vlog\core\WRLVL_BOT.v'.
Reading file 'C:\Users\c79828\Documents\HLS_Work\fpga-hls-libraries\vision\demo_designs\PF_Video_kit\libero\vision_pipeline\component\Actel\DirectCore\COREDDR_TIP\2.2.100\rtl\vlog\core\WRLVL.v'.
Reading file 'C:\Users\c79828\Documents\HLS_Work\fpga-hls-libraries\vision\demo_designs\PF_Video_kit\libero\vision_pipeline\component\Actel\DirectCore\COREDDR_TIP\2.2.100\rtl\vlog\core\FIFO_BLK.v'.
Reading file 'C:\Users\c79828\Documents\HLS_Work\fpga-hls-libraries\vision\demo_designs\PF_Video_kit\libero\vision_pipeline\component\Actel\DirectCore\COREDDR_TIP\2.2.100\rtl\vlog\core\LANE_ALIGNMENT.v'.
Reading file 'C:\Users\c79828\Documents\HLS_Work\fpga-hls-libraries\vision\demo_designs\PF_Video_kit\libero\vision_pipeline\component\Actel\DirectCore\COREDDR_TIP\2.2.100\rtl\vlog\core\LANE_CTRL.v'.
Reading file 'C:\Users\c79828\Documents\HLS_Work\fpga-hls-libraries\vision\demo_designs\PF_Video_kit\libero\vision_pipeline\component\Actel\DirectCore\COREDDR_TIP\2.2.100\rtl\vlog\core\DELAY_CTRL.v'.
Reading file 'C:\Users\c79828\Documents\HLS_Work\fpga-hls-libraries\vision\demo_designs\PF_Video_kit\libero\vision_pipeline\component\Actel\DirectCore\COREDDR_TIP\2.2.100\rtl\vlog\core\CoreDDR_TIP_INT.v'.
Reading file 'C:\Users\c79828\Documents\HLS_Work\fpga-hls-libraries\vision\demo_designs\PF_Video_kit\libero\vision_pipeline\component\Actel\DirectCore\COREDDR_TIP\2.2.100\rtl\vlog\core\ram_simple_dp.v'.
Reading file 'C:\Users\c79828\Documents\HLS_Work\fpga-hls-libraries\vision\demo_designs\PF_Video_kit\libero\vision_pipeline\component\Actel\DirectCore\COREDDR_TIP\2.2.100\rtl\vlog\core\flag_generator.v'.
Reading file 'C:\Users\c79828\Documents\HLS_Work\fpga-hls-libraries\vision\demo_designs\PF_Video_kit\libero\vision_pipeline\component\Actel\DirectCore\COREDDR_TIP\2.2.100\rtl\vlog\core\ddr4_vref.v'.
Reading file 'C:\Users\c79828\Documents\HLS_Work\fpga-hls-libraries\vision\demo_designs\PF_Video_kit\libero\vision_pipeline\component\Actel\DirectCore\COREDDR_TIP\2.2.100\rtl\vlog\core\write_callibrator.v'.
Reading file 'C:\Users\c79828\Documents\HLS_Work\fpga-hls-libraries\vision\demo_designs\PF_Video_kit\libero\vision_pipeline\component\Actel\DirectCore\COREDDR_TIP\2.2.100\rtl\vlog\core\ddr_init_iterator.v'.
Reading file 'C:\Users\c79828\Documents\HLS_Work\fpga-hls-libraries\vision\demo_designs\PF_Video_kit\libero\vision_pipeline\component\Actel\DirectCore\COREDDR_TIP\2.2.100\rtl\vlog\core\register_bank.v'.
Reading file 'C:\Users\c79828\Documents\HLS_Work\fpga-hls-libraries\vision\demo_designs\PF_Video_kit\libero\vision_pipeline\component\Actel\DirectCore\COREDDR_TIP\2.2.100\rtl\vlog\core\CoreDDR_TIP_SYN.v'.
Reading file 'C:\Users\c79828\Documents\HLS_Work\fpga-hls-libraries\vision\demo_designs\PF_Video_kit\libero\vision_pipeline\component\work\PF_DDR4_C0_DDRPHY_BLK\IOD_WE_N\PF_DDR4_C0_DDRPHY_BLK_IOD_WE_N_PF_IOD.v'.
Reading file 'C:\Users\c79828\Documents\HLS_Work\fpga-hls-libraries\vision\demo_designs\PF_Video_kit\libero\vision_pipeline\component\work\PF_DDR4_C0_DDRPHY_BLK\LANE_0_CTRL\PF_DDR4_C0_DDRPHY_BLK_LANE_0_CTRL_PF_LANECTRL.v'.
Reading file 'C:\Users\c79828\Documents\HLS_Work\fpga-hls-libraries\vision\demo_designs\PF_Video_kit\libero\vision_pipeline\component\work\PF_DDR4_C0_DDRPHY_BLK\LANE_0_CTRL\PF_LANECTRL_PAUSE_SYNC.v'.
Reading file 'C:\Users\c79828\Documents\HLS_Work\fpga-hls-libraries\vision\demo_designs\PF_Video_kit\libero\vision_pipeline\component\work\PF_DDR4_C0_DDRPHY_BLK\LANE_0_IOD_DM\PF_DDR4_C0_DDRPHY_BLK_LANE_0_IOD_DM_PF_IOD.v'.
Reading file 'C:\Users\c79828\Documents\HLS_Work\fpga-hls-libraries\vision\demo_designs\PF_Video_kit\libero\vision_pipeline\component\work\PF_DDR4_C0_DDRPHY_BLK\LANE_0_IOD_DQ\PF_DDR4_C0_DDRPHY_BLK_LANE_0_IOD_DQ_PF_IOD.v'.
Reading file 'C:\Users\c79828\Documents\HLS_Work\fpga-hls-libraries\vision\demo_designs\PF_Video_kit\libero\vision_pipeline\component\work\PF_DDR4_C0_DDRPHY_BLK\LANE_0_IOD_DQS\PF_DDR4_C0_DDRPHY_BLK_LANE_0_IOD_DQS_PF_IOD.v'.
Reading file 'C:\Users\c79828\Documents\HLS_Work\fpga-hls-libraries\vision\demo_designs\PF_Video_kit\libero\vision_pipeline\component\work\PF_DDR4_C0_DDRPHY_BLK\LANE_0_IOD_DQSW_TRAINING\PF_DDR4_C0_DDRPHY_BLK_LANE_0_IOD_DQSW_TRAINING_PF_IOD.v'.
Reading file 'C:\Users\c79828\Documents\HLS_Work\fpga-hls-libraries\vision\demo_designs\PF_Video_kit\libero\vision_pipeline\component\work\PF_DDR4_C0_DDRPHY_BLK\LANE_0_IOD_READ_TRAINING\PF_DDR4_C0_DDRPHY_BLK_LANE_0_IOD_READ_TRAINING_PF_IOD.v'.
Reading file 'C:\Users\c79828\Documents\HLS_Work\fpga-hls-libraries\vision\demo_designs\PF_Video_kit\libero\vision_pipeline\component\work\PF_DDR4_C0_DDRPHY_BLK\LANE_1_CTRL\PF_DDR4_C0_DDRPHY_BLK_LANE_1_CTRL_PF_LANECTRL.v'.
Reading file 'C:\Users\c79828\Documents\HLS_Work\fpga-hls-libraries\vision\demo_designs\PF_Video_kit\libero\vision_pipeline\component\work\PF_DDR4_C0_DDRPHY_BLK\LANE_1_CTRL\PF_LANECTRL_PAUSE_SYNC.v'.
Reading file 'C:\Users\c79828\Documents\HLS_Work\fpga-hls-libraries\vision\demo_designs\PF_Video_kit\libero\vision_pipeline\component\work\PF_DDR4_C0_DDRPHY_BLK\LANE_1_IOD_DM\PF_DDR4_C0_DDRPHY_BLK_LANE_1_IOD_DM_PF_IOD.v'.
Reading file 'C:\Users\c79828\Documents\HLS_Work\fpga-hls-libraries\vision\demo_designs\PF_Video_kit\libero\vision_pipeline\component\work\PF_DDR4_C0_DDRPHY_BLK\LANE_1_IOD_DQ\PF_DDR4_C0_DDRPHY_BLK_LANE_1_IOD_DQ_PF_IOD.v'.
Reading file 'C:\Users\c79828\Documents\HLS_Work\fpga-hls-libraries\vision\demo_designs\PF_Video_kit\libero\vision_pipeline\component\work\PF_DDR4_C0_DDRPHY_BLK\LANE_1_IOD_DQS\PF_DDR4_C0_DDRPHY_BLK_LANE_1_IOD_DQS_PF_IOD.v'.
Reading file 'C:\Users\c79828\Documents\HLS_Work\fpga-hls-libraries\vision\demo_designs\PF_Video_kit\libero\vision_pipeline\component\work\PF_DDR4_C0_DDRPHY_BLK\LANE_1_IOD_DQSW_TRAINING\PF_DDR4_C0_DDRPHY_BLK_LANE_1_IOD_DQSW_TRAINING_PF_IOD.v'.
Reading file 'C:\Users\c79828\Documents\HLS_Work\fpga-hls-libraries\vision\demo_designs\PF_Video_kit\libero\vision_pipeline\component\work\PF_DDR4_C0_DDRPHY_BLK\LANE_1_IOD_READ_TRAINING\PF_DDR4_C0_DDRPHY_BLK_LANE_1_IOD_READ_TRAINING_PF_IOD.v'.
Reading file 'C:\Users\c79828\Documents\HLS_Work\fpga-hls-libraries\vision\demo_designs\PF_Video_kit\libero\vision_pipeline\component\work\PF_DDR4_C0_DDRPHY_BLK\LANE_2_CTRL\PF_DDR4_C0_DDRPHY_BLK_LANE_2_CTRL_PF_LANECTRL.v'.
Reading file 'C:\Users\c79828\Documents\HLS_Work\fpga-hls-libraries\vision\demo_designs\PF_Video_kit\libero\vision_pipeline\component\work\PF_DDR4_C0_DDRPHY_BLK\LANE_2_CTRL\PF_LANECTRL_PAUSE_SYNC.v'.
Reading file 'C:\Users\c79828\Documents\HLS_Work\fpga-hls-libraries\vision\demo_designs\PF_Video_kit\libero\vision_pipeline\component\work\PF_DDR4_C0_DDRPHY_BLK\LANE_2_IOD_DM\PF_DDR4_C0_DDRPHY_BLK_LANE_2_IOD_DM_PF_IOD.v'.
Reading file 'C:\Users\c79828\Documents\HLS_Work\fpga-hls-libraries\vision\demo_designs\PF_Video_kit\libero\vision_pipeline\component\work\PF_DDR4_C0_DDRPHY_BLK\LANE_2_IOD_DQ\PF_DDR4_C0_DDRPHY_BLK_LANE_2_IOD_DQ_PF_IOD.v'.
Reading file 'C:\Users\c79828\Documents\HLS_Work\fpga-hls-libraries\vision\demo_designs\PF_Video_kit\libero\vision_pipeline\component\work\PF_DDR4_C0_DDRPHY_BLK\LANE_2_IOD_DQS\PF_DDR4_C0_DDRPHY_BLK_LANE_2_IOD_DQS_PF_IOD.v'.
Reading file 'C:\Users\c79828\Documents\HLS_Work\fpga-hls-libraries\vision\demo_designs\PF_Video_kit\libero\vision_pipeline\component\work\PF_DDR4_C0_DDRPHY_BLK\LANE_2_IOD_DQSW_TRAINING\PF_DDR4_C0_DDRPHY_BLK_LANE_2_IOD_DQSW_TRAINING_PF_IOD.v'.
Reading file 'C:\Users\c79828\Documents\HLS_Work\fpga-hls-libraries\vision\demo_designs\PF_Video_kit\libero\vision_pipeline\component\work\PF_DDR4_C0_DDRPHY_BLK\LANE_2_IOD_READ_TRAINING\PF_DDR4_C0_DDRPHY_BLK_LANE_2_IOD_READ_TRAINING_PF_IOD.v'.
Reading file 'C:\Users\c79828\Documents\HLS_Work\fpga-hls-libraries\vision\demo_designs\PF_Video_kit\libero\vision_pipeline\component\work\PF_DDR4_C0_DDRPHY_BLK\LANE_3_CTRL\PF_DDR4_C0_DDRPHY_BLK_LANE_3_CTRL_PF_LANECTRL.v'.
Reading file 'C:\Users\c79828\Documents\HLS_Work\fpga-hls-libraries\vision\demo_designs\PF_Video_kit\libero\vision_pipeline\component\work\PF_DDR4_C0_DDRPHY_BLK\LANE_3_CTRL\PF_LANECTRL_PAUSE_SYNC.v'.
Reading file 'C:\Users\c79828\Documents\HLS_Work\fpga-hls-libraries\vision\demo_designs\PF_Video_kit\libero\vision_pipeline\component\work\PF_DDR4_C0_DDRPHY_BLK\LANE_3_IOD_DM\PF_DDR4_C0_DDRPHY_BLK_LANE_3_IOD_DM_PF_IOD.v'.
Reading file 'C:\Users\c79828\Documents\HLS_Work\fpga-hls-libraries\vision\demo_designs\PF_Video_kit\libero\vision_pipeline\component\work\PF_DDR4_C0_DDRPHY_BLK\LANE_3_IOD_DQ\PF_DDR4_C0_DDRPHY_BLK_LANE_3_IOD_DQ_PF_IOD.v'.
Reading file 'C:\Users\c79828\Documents\HLS_Work\fpga-hls-libraries\vision\demo_designs\PF_Video_kit\libero\vision_pipeline\component\work\PF_DDR4_C0_DDRPHY_BLK\LANE_3_IOD_DQS\PF_DDR4_C0_DDRPHY_BLK_LANE_3_IOD_DQS_PF_IOD.v'.
Reading file 'C:\Users\c79828\Documents\HLS_Work\fpga-hls-libraries\vision\demo_designs\PF_Video_kit\libero\vision_pipeline\component\work\PF_DDR4_C0_DDRPHY_BLK\LANE_3_IOD_DQSW_TRAINING\PF_DDR4_C0_DDRPHY_BLK_LANE_3_IOD_DQSW_TRAINING_PF_IOD.v'.
Reading file 'C:\Users\c79828\Documents\HLS_Work\fpga-hls-libraries\vision\demo_designs\PF_Video_kit\libero\vision_pipeline\component\work\PF_DDR4_C0_DDRPHY_BLK\LANE_3_IOD_READ_TRAINING\PF_DDR4_C0_DDRPHY_BLK_LANE_3_IOD_READ_TRAINING_PF_IOD.v'.
Reading file 'C:\Users\c79828\Documents\HLS_Work\fpga-hls-libraries\vision\demo_designs\PF_Video_kit\libero\vision_pipeline\component\work\PF_DDR4_C0_DDRPHY_BLK\LANE_4_CTRL\PF_DDR4_C0_DDRPHY_BLK_LANE_4_CTRL_PF_LANECTRL.v'.
Reading file 'C:\Users\c79828\Documents\HLS_Work\fpga-hls-libraries\vision\demo_designs\PF_Video_kit\libero\vision_pipeline\component\work\PF_DDR4_C0_DDRPHY_BLK\LANE_4_CTRL\PF_LANECTRL_PAUSE_SYNC.v'.
Reading file 'C:\Users\c79828\Documents\HLS_Work\fpga-hls-libraries\vision\demo_designs\PF_Video_kit\libero\vision_pipeline\component\work\PF_DDR4_C0_DDRPHY_BLK\LANE_4_IOD_DM\PF_DDR4_C0_DDRPHY_BLK_LANE_4_IOD_DM_PF_IOD.v'.
Reading file 'C:\Users\c79828\Documents\HLS_Work\fpga-hls-libraries\vision\demo_designs\PF_Video_kit\libero\vision_pipeline\component\work\PF_DDR4_C0_DDRPHY_BLK\LANE_4_IOD_DQ\PF_DDR4_C0_DDRPHY_BLK_LANE_4_IOD_DQ_PF_IOD.v'.
Reading file 'C:\Users\c79828\Documents\HLS_Work\fpga-hls-libraries\vision\demo_designs\PF_Video_kit\libero\vision_pipeline\component\work\PF_DDR4_C0_DDRPHY_BLK\LANE_4_IOD_DQS\PF_DDR4_C0_DDRPHY_BLK_LANE_4_IOD_DQS_PF_IOD.v'.
Reading file 'C:\Users\c79828\Documents\HLS_Work\fpga-hls-libraries\vision\demo_designs\PF_Video_kit\libero\vision_pipeline\component\work\PF_DDR4_C0_DDRPHY_BLK\LANE_4_IOD_DQSW_TRAINING\PF_DDR4_C0_DDRPHY_BLK_LANE_4_IOD_DQSW_TRAINING_PF_IOD.v'.
Reading file 'C:\Users\c79828\Documents\HLS_Work\fpga-hls-libraries\vision\demo_designs\PF_Video_kit\libero\vision_pipeline\component\work\PF_DDR4_C0_DDRPHY_BLK\LANE_4_IOD_READ_TRAINING\PF_DDR4_C0_DDRPHY_BLK_LANE_4_IOD_READ_TRAINING_PF_IOD.v'.
Reading file 'C:\Users\c79828\Documents\HLS_Work\fpga-hls-libraries\vision\demo_designs\PF_Video_kit\libero\vision_pipeline\component\work\PF_DDR4_C0_DDRPHY_BLK\LANE_5_CTRL\PF_DDR4_C0_DDRPHY_BLK_LANE_5_CTRL_PF_LANECTRL.v'.
Reading file 'C:\Users\c79828\Documents\HLS_Work\fpga-hls-libraries\vision\demo_designs\PF_Video_kit\libero\vision_pipeline\component\work\PF_DDR4_C0_DDRPHY_BLK\LANE_5_CTRL\PF_LANECTRL_PAUSE_SYNC.v'.
Reading file 'C:\Users\c79828\Documents\HLS_Work\fpga-hls-libraries\vision\demo_designs\PF_Video_kit\libero\vision_pipeline\component\work\PF_DDR4_C0_DDRPHY_BLK\LANE_5_IOD_DM\PF_DDR4_C0_DDRPHY_BLK_LANE_5_IOD_DM_PF_IOD.v'.
Reading file 'C:\Users\c79828\Documents\HLS_Work\fpga-hls-libraries\vision\demo_designs\PF_Video_kit\libero\vision_pipeline\component\work\PF_DDR4_C0_DDRPHY_BLK\LANE_5_IOD_DQ\PF_DDR4_C0_DDRPHY_BLK_LANE_5_IOD_DQ_PF_IOD.v'.
Reading file 'C:\Users\c79828\Documents\HLS_Work\fpga-hls-libraries\vision\demo_designs\PF_Video_kit\libero\vision_pipeline\component\work\PF_DDR4_C0_DDRPHY_BLK\LANE_5_IOD_DQS\PF_DDR4_C0_DDRPHY_BLK_LANE_5_IOD_DQS_PF_IOD.v'.
Reading file 'C:\Users\c79828\Documents\HLS_Work\fpga-hls-libraries\vision\demo_designs\PF_Video_kit\libero\vision_pipeline\component\work\PF_DDR4_C0_DDRPHY_BLK\LANE_5_IOD_DQSW_TRAINING\PF_DDR4_C0_DDRPHY_BLK_LANE_5_IOD_DQSW_TRAINING_PF_IOD.v'.
Reading file 'C:\Users\c79828\Documents\HLS_Work\fpga-hls-libraries\vision\demo_designs\PF_Video_kit\libero\vision_pipeline\component\work\PF_DDR4_C0_DDRPHY_BLK\LANE_5_IOD_READ_TRAINING\PF_DDR4_C0_DDRPHY_BLK_LANE_5_IOD_READ_TRAINING_PF_IOD.v'.
Reading file 'C:\Users\c79828\Documents\HLS_Work\fpga-hls-libraries\vision\demo_designs\PF_Video_kit\libero\vision_pipeline\component\work\PF_DDR4_C0_DDRPHY_BLK\LANE_6_CTRL\PF_DDR4_C0_DDRPHY_BLK_LANE_6_CTRL_PF_LANECTRL.v'.
Reading file 'C:\Users\c79828\Documents\HLS_Work\fpga-hls-libraries\vision\demo_designs\PF_Video_kit\libero\vision_pipeline\component\work\PF_DDR4_C0_DDRPHY_BLK\LANE_6_CTRL\PF_LANECTRL_PAUSE_SYNC.v'.
Reading file 'C:\Users\c79828\Documents\HLS_Work\fpga-hls-libraries\vision\demo_designs\PF_Video_kit\libero\vision_pipeline\component\work\PF_DDR4_C0_DDRPHY_BLK\LANE_6_IOD_DM\PF_DDR4_C0_DDRPHY_BLK_LANE_6_IOD_DM_PF_IOD.v'.
Reading file 'C:\Users\c79828\Documents\HLS_Work\fpga-hls-libraries\vision\demo_designs\PF_Video_kit\libero\vision_pipeline\component\work\PF_DDR4_C0_DDRPHY_BLK\LANE_6_IOD_DQ\PF_DDR4_C0_DDRPHY_BLK_LANE_6_IOD_DQ_PF_IOD.v'.
Reading file 'C:\Users\c79828\Documents\HLS_Work\fpga-hls-libraries\vision\demo_designs\PF_Video_kit\libero\vision_pipeline\component\work\PF_DDR4_C0_DDRPHY_BLK\LANE_6_IOD_DQS\PF_DDR4_C0_DDRPHY_BLK_LANE_6_IOD_DQS_PF_IOD.v'.
Reading file 'C:\Users\c79828\Documents\HLS_Work\fpga-hls-libraries\vision\demo_designs\PF_Video_kit\libero\vision_pipeline\component\work\PF_DDR4_C0_DDRPHY_BLK\LANE_6_IOD_DQSW_TRAINING\PF_DDR4_C0_DDRPHY_BLK_LANE_6_IOD_DQSW_TRAINING_PF_IOD.v'.
Reading file 'C:\Users\c79828\Documents\HLS_Work\fpga-hls-libraries\vision\demo_designs\PF_Video_kit\libero\vision_pipeline\component\work\PF_DDR4_C0_DDRPHY_BLK\LANE_6_IOD_READ_TRAINING\PF_DDR4_C0_DDRPHY_BLK_LANE_6_IOD_READ_TRAINING_PF_IOD.v'.
Reading file 'C:\Users\c79828\Documents\HLS_Work\fpga-hls-libraries\vision\demo_designs\PF_Video_kit\libero\vision_pipeline\component\work\PF_DDR4_C0_DDRPHY_BLK\LANE_7_CTRL\PF_DDR4_C0_DDRPHY_BLK_LANE_7_CTRL_PF_LANECTRL.v'.
Reading file 'C:\Users\c79828\Documents\HLS_Work\fpga-hls-libraries\vision\demo_designs\PF_Video_kit\libero\vision_pipeline\component\work\PF_DDR4_C0_DDRPHY_BLK\LANE_7_CTRL\PF_LANECTRL_PAUSE_SYNC.v'.
Reading file 'C:\Users\c79828\Documents\HLS_Work\fpga-hls-libraries\vision\demo_designs\PF_Video_kit\libero\vision_pipeline\component\work\PF_DDR4_C0_DDRPHY_BLK\LANE_7_IOD_DM\PF_DDR4_C0_DDRPHY_BLK_LANE_7_IOD_DM_PF_IOD.v'.
Reading file 'C:\Users\c79828\Documents\HLS_Work\fpga-hls-libraries\vision\demo_designs\PF_Video_kit\libero\vision_pipeline\component\work\PF_DDR4_C0_DDRPHY_BLK\LANE_7_IOD_DQ\PF_DDR4_C0_DDRPHY_BLK_LANE_7_IOD_DQ_PF_IOD.v'.
Reading file 'C:\Users\c79828\Documents\HLS_Work\fpga-hls-libraries\vision\demo_designs\PF_Video_kit\libero\vision_pipeline\component\work\PF_DDR4_C0_DDRPHY_BLK\LANE_7_IOD_DQS\PF_DDR4_C0_DDRPHY_BLK_LANE_7_IOD_DQS_PF_IOD.v'.
Reading file 'C:\Users\c79828\Documents\HLS_Work\fpga-hls-libraries\vision\demo_designs\PF_Video_kit\libero\vision_pipeline\component\work\PF_DDR4_C0_DDRPHY_BLK\LANE_7_IOD_DQSW_TRAINING\PF_DDR4_C0_DDRPHY_BLK_LANE_7_IOD_DQSW_TRAINING_PF_IOD.v'.
Reading file 'C:\Users\c79828\Documents\HLS_Work\fpga-hls-libraries\vision\demo_designs\PF_Video_kit\libero\vision_pipeline\component\work\PF_DDR4_C0_DDRPHY_BLK\LANE_7_IOD_READ_TRAINING\PF_DDR4_C0_DDRPHY_BLK_LANE_7_IOD_READ_TRAINING_PF_IOD.v'.
Reading file 'C:\Users\c79828\Documents\HLS_Work\fpga-hls-libraries\vision\demo_designs\PF_Video_kit\libero\vision_pipeline\component\work\PF_DDR4_C0_DDRPHY_BLK\LANECTRL_ADDR_CMD_0\PF_DDR4_C0_DDRPHY_BLK_LANECTRL_ADDR_CMD_0_PF_LANECTRL.v'.
Reading file 'C:\Users\c79828\Documents\HLS_Work\fpga-hls-libraries\vision\demo_designs\PF_Video_kit\libero\vision_pipeline\component\work\PF_DDR4_C0_DDRPHY_BLK\LANECTRL_ADDR_CMD_0\PF_LANECTRL_PAUSE_SYNC.v'.
Reading file 'C:\Users\c79828\Documents\HLS_Work\fpga-hls-libraries\vision\demo_designs\PF_Video_kit\libero\vision_pipeline\component\work\PF_INIT_MONITOR_C0\PF_INIT_MONITOR_C0.v'.
Reading file 'C:\Users\c79828\Documents\HLS_Work\fpga-hls-libraries\vision\demo_designs\PF_Video_kit\libero\vision_pipeline\component\work\PF_INIT_MONITOR_C0\PF_INIT_MONITOR_C0_0\PF_INIT_MONITOR_C0_PF_INIT_MONITOR_C0_0_PF_INIT_MONITOR.v'.
Reading file 'C:\Users\c79828\Documents\HLS_Work\fpga-hls-libraries\vision\demo_designs\PF_Video_kit\libero\vision_pipeline\component\work\PF_IOD_GENERIC_RX_C0\PF_IOD_GENERIC_RX_C0.v'.
Reading file 'C:\Users\c79828\Documents\HLS_Work\fpga-hls-libraries\vision\demo_designs\PF_Video_kit\libero\vision_pipeline\component\work\PF_IOD_GENERIC_RX_C0\PF_CLK_DIV_FIFO\PF_IOD_GENERIC_RX_C0_PF_CLK_DIV_FIFO_PF_CLK_DIV_DELAY.v'.
Reading file 'C:\Users\c79828\Documents\HLS_Work\fpga-hls-libraries\vision\demo_designs\PF_Video_kit\libero\vision_pipeline\component\work\PF_IOD_GENERIC_RX_C0\PF_CLK_DIV_RXCLK\PF_IOD_GENERIC_RX_C0_PF_CLK_DIV_RXCLK_PF_CLK_DIV_DELAY.v'.
Reading file 'C:\Users\c79828\Documents\HLS_Work\fpga-hls-libraries\vision\demo_designs\PF_Video_kit\libero\vision_pipeline\component\work\PF_IOD_GENERIC_RX_C0\PF_IOD_CLK_TRAINING\PF_IOD_GENERIC_RX_C0_PF_IOD_CLK_TRAINING_PF_IOD.v'.
Reading file 'C:\Users\c79828\Documents\HLS_Work\fpga-hls-libraries\vision\demo_designs\PF_Video_kit\libero\vision_pipeline\component\work\PF_IOD_GENERIC_RX_C0\PF_IOD_RX\PF_IOD_GENERIC_RX_C0_PF_IOD_RX_PF_IOD.v'.
Reading file 'C:\Users\c79828\Documents\HLS_Work\fpga-hls-libraries\vision\demo_designs\PF_Video_kit\libero\vision_pipeline\component\work\PF_IOD_GENERIC_RX_C0\PF_LANECTRL_0\PF_IOD_GENERIC_RX_C0_PF_LANECTRL_0_PF_LANECTRL.v'.
Reading file 'C:\Users\c79828\Documents\HLS_Work\fpga-hls-libraries\vision\demo_designs\PF_Video_kit\libero\vision_pipeline\component\work\PF_IOD_GENERIC_RX_C0\PF_LANECTRL_0\PF_LANECTRL_PAUSE_SYNC.v'.
Reading file 'C:\Users\c79828\Documents\HLS_Work\fpga-hls-libraries\vision\demo_designs\PF_Video_kit\libero\vision_pipeline\component\work\PF_IOD_GENERIC_RX_C0_TR\PF_IOD_GENERIC_RX_C0_TR.v'.
Reading file 'C:\Users\c79828\Documents\HLS_Work\fpga-hls-libraries\vision\demo_designs\PF_Video_kit\libero\vision_pipeline\component\Actel\DirectCore\COREBCLKSCLKALIGN\3.0.100\rtl\vlog\core\PLL_BclkSclkAlign.v'.
Reading file 'C:\Users\c79828\Documents\HLS_Work\fpga-hls-libraries\vision\demo_designs\PF_Video_kit\libero\vision_pipeline\component\Actel\DirectCore\COREBCLKSCLKALIGN\3.0.100\rtl\vlog\core\ICB_BclkSclkAlign.v'.
Reading file 'C:\Users\c79828\Documents\HLS_Work\fpga-hls-libraries\vision\demo_designs\PF_Video_kit\libero\vision_pipeline\component\Actel\DirectCore\COREBCLKSCLKALIGN\3.0.100\rtl\vlog\test\user\CoreBclkSclkAlign.v'.
Reading file 'C:\Users\c79828\Documents\HLS_Work\fpga-hls-libraries\vision\demo_designs\PF_Video_kit\libero\vision_pipeline\component\Actel\DirectCore\COREBCLKSCLKALIGN\3.0.100\rtl\vlog\test\user\ICB_BclkSclkAlign.v'.
Reading file 'C:\Users\c79828\Documents\HLS_Work\fpga-hls-libraries\vision\demo_designs\PF_Video_kit\libero\vision_pipeline\component\Actel\DirectCore\COREBCLKSCLKALIGN\3.0.100\rtl\vlog\test\user\PF_CCC_C0.v'.
Reading file 'C:\Users\c79828\Documents\HLS_Work\fpga-hls-libraries\vision\demo_designs\PF_Video_kit\libero\vision_pipeline\component\Actel\DirectCore\COREBCLKSCLKALIGN\3.0.100\rtl\vlog\test\user\PF_CCC_C0_PF_CCC_C0_0_PF_CCC.v'.
Reading file 'C:\Users\c79828\Documents\HLS_Work\fpga-hls-libraries\vision\demo_designs\PF_Video_kit\libero\vision_pipeline\component\Actel\DirectCore\COREBCLKSCLKALIGN\3.0.100\rtl\vlog\test\user\PF_DRI_C0.v'.
Reading file 'C:\Users\c79828\Documents\HLS_Work\fpga-hls-libraries\vision\demo_designs\PF_Video_kit\libero\vision_pipeline\component\Actel\DirectCore\COREBCLKSCLKALIGN\3.0.100\rtl\vlog\test\user\PF_DRI_C0_PF_DRI_C0_0_PF_DRI.v'.
Reading file 'C:\Users\c79828\Documents\HLS_Work\fpga-hls-libraries\vision\demo_designs\PF_Video_kit\libero\vision_pipeline\component\Actel\DirectCore\COREBCLKSCLKALIGN\3.0.100\rtl\vlog\test\user\PF_IOD_GENERIC_RX_C1.v'.
Reading file 'C:\Users\c79828\Documents\HLS_Work\fpga-hls-libraries\vision\demo_designs\PF_Video_kit\libero\vision_pipeline\component\Actel\DirectCore\COREBCLKSCLKALIGN\3.0.100\rtl\vlog\test\user\PF_IOD_GENERIC_RX_C1_PF_CLK_DIV_FIFO_PF_CLK_DIV_DELAY.v'.
Reading file 'C:\Users\c79828\Documents\HLS_Work\fpga-hls-libraries\vision\demo_designs\PF_Video_kit\libero\vision_pipeline\component\Actel\DirectCore\COREBCLKSCLKALIGN\3.0.100\rtl\vlog\test\user\PF_IOD_GENERIC_RX_C1_PF_CLK_DIV_RXCLK_PF_CLK_DIV_DELAY.v'.
Reading file 'C:\Users\c79828\Documents\HLS_Work\fpga-hls-libraries\vision\demo_designs\PF_Video_kit\libero\vision_pipeline\component\Actel\DirectCore\COREBCLKSCLKALIGN\3.0.100\rtl\vlog\test\user\PF_IOD_GENERIC_RX_C1_PF_IOD_CLK_TRAINING_PF_IOD.v'.
Reading file 'C:\Users\c79828\Documents\HLS_Work\fpga-hls-libraries\vision\demo_designs\PF_Video_kit\libero\vision_pipeline\component\Actel\DirectCore\COREBCLKSCLKALIGN\3.0.100\rtl\vlog\test\user\PF_IOD_GENERIC_RX_C1_PF_IOD_RX_PF_IOD.v'.
Reading file 'C:\Users\c79828\Documents\HLS_Work\fpga-hls-libraries\vision\demo_designs\PF_Video_kit\libero\vision_pipeline\component\Actel\DirectCore\COREBCLKSCLKALIGN\3.0.100\rtl\vlog\test\user\PF_IOD_GENERIC_RX_C1_PF_LANECTRL_0_PF_LANECTRL.v'.
Reading file 'C:\Users\c79828\Documents\HLS_Work\fpga-hls-libraries\vision\demo_designs\PF_Video_kit\libero\vision_pipeline\component\Actel\DirectCore\COREBCLKSCLKALIGN\3.0.100\rtl\vlog\test\user\PF_IOD_GENERIC_TX_C0.v'.
Reading file 'C:\Users\c79828\Documents\HLS_Work\fpga-hls-libraries\vision\demo_designs\PF_Video_kit\libero\vision_pipeline\component\Actel\DirectCore\COREBCLKSCLKALIGN\3.0.100\rtl\vlog\test\user\PF_IOD_GENERIC_TX_C0_LANECTRL_ADDR_CMD_0_PF_LANECTRL.v'.
Reading file 'C:\Users\c79828\Documents\HLS_Work\fpga-hls-libraries\vision\demo_designs\PF_Video_kit\libero\vision_pipeline\component\Actel\DirectCore\COREBCLKSCLKALIGN\3.0.100\rtl\vlog\test\user\PF_IOD_GENERIC_TX_C0_PF_IOD_CLK_TRAINING_PF_IOD.v'.
Reading file 'C:\Users\c79828\Documents\HLS_Work\fpga-hls-libraries\vision\demo_designs\PF_Video_kit\libero\vision_pipeline\component\Actel\DirectCore\COREBCLKSCLKALIGN\3.0.100\rtl\vlog\test\user\PF_IOD_GENERIC_TX_C0_PF_IOD_TX_CLK_PF_IOD.v'.
Reading file 'C:\Users\c79828\Documents\HLS_Work\fpga-hls-libraries\vision\demo_designs\PF_Video_kit\libero\vision_pipeline\component\Actel\DirectCore\COREBCLKSCLKALIGN\3.0.100\rtl\vlog\test\user\PF_IOD_GENERIC_TX_C0_PF_IOD_TX_PF_IOD.v'.
Reading file 'C:\Users\c79828\Documents\HLS_Work\fpga-hls-libraries\vision\demo_designs\PF_Video_kit\libero\vision_pipeline\component\Actel\DirectCore\COREBCLKSCLKALIGN\3.0.100\rtl\vlog\test\user\PF_LANECTRL_PAUSE_SYNC.v'.
Reading file 'C:\Users\c79828\Documents\HLS_Work\fpga-hls-libraries\vision\demo_designs\PF_Video_kit\libero\vision_pipeline\component\Actel\DirectCore\COREBCLKSCLKALIGN\3.0.100\rtl\vlog\test\user\PF_LANECTRL_PAUSE_SYNC_2.v'.
Reading file 'C:\Users\c79828\Documents\HLS_Work\fpga-hls-libraries\vision\demo_designs\PF_Video_kit\libero\vision_pipeline\component\Actel\DirectCore\COREBCLKSCLKALIGN\3.0.100\rtl\vlog\test\user\PLL_BclkSclkAlign.v'.
Reading file 'C:\Users\c79828\Documents\HLS_Work\fpga-hls-libraries\vision\demo_designs\PF_Video_kit\libero\vision_pipeline\component\work\PF_IOD_GENERIC_RX_C0_TR\PF_IOD_GENERIC_RX_C0_TR_0\rtl\vlog\core\CoreBclkSclkAlign.v'.
Reading file 'C:\Users\c79828\Documents\HLS_Work\fpga-hls-libraries\vision\demo_designs\PF_Video_kit\libero\vision_pipeline\component\work\PF_IOD_GENERIC_RX_C0_TR\PF_IOD_GENERIC_RX_C0_TR_0\rtl\vlog\test\user\BclkSclk_PLL_TX2_1200mbps_SD_wrap.v'.
Reading file 'C:\Users\c79828\Documents\HLS_Work\fpga-hls-libraries\vision\demo_designs\PF_Video_kit\libero\vision_pipeline\component\work\PF_IOD_GENERIC_RX_C0_TR\PF_IOD_GENERIC_RX_C0_TR_0\rtl\vlog\test\user\BclkSclk_PLL_TX2_1200mbps_TB.v'.
Reading file 'C:\Users\c79828\Documents\HLS_Work\fpga-hls-libraries\vision\demo_designs\PF_Video_kit\libero\vision_pipeline\component\Actel\DirectCore\COREBCLKSCLKALIGN\3.0.100\rtl\vlog\test\user\CoreBclkSclkAlign.v'.
Reading file 'C:\Users\c79828\Documents\HLS_Work\fpga-hls-libraries\vision\demo_designs\PF_Video_kit\libero\vision_pipeline\component\Actel\DirectCore\COREBCLKSCLKALIGN\3.0.100\rtl\vlog\test\user\ICB_BclkSclkAlign.v'.
Reading file 'C:\Users\c79828\Documents\HLS_Work\fpga-hls-libraries\vision\demo_designs\PF_Video_kit\libero\vision_pipeline\component\Actel\DirectCore\COREBCLKSCLKALIGN\3.0.100\rtl\vlog\test\user\PF_CCC_C0.v'.
Reading file 'C:\Users\c79828\Documents\HLS_Work\fpga-hls-libraries\vision\demo_designs\PF_Video_kit\libero\vision_pipeline\component\Actel\DirectCore\COREBCLKSCLKALIGN\3.0.100\rtl\vlog\test\user\PF_CCC_C0_PF_CCC_C0_0_PF_CCC.v'.
Reading file 'C:\Users\c79828\Documents\HLS_Work\fpga-hls-libraries\vision\demo_designs\PF_Video_kit\libero\vision_pipeline\component\Actel\DirectCore\COREBCLKSCLKALIGN\3.0.100\rtl\vlog\test\user\PF_DRI_C0.v'.
Reading file 'C:\Users\c79828\Documents\HLS_Work\fpga-hls-libraries\vision\demo_designs\PF_Video_kit\libero\vision_pipeline\component\Actel\DirectCore\COREBCLKSCLKALIGN\3.0.100\rtl\vlog\test\user\PF_DRI_C0_PF_DRI_C0_0_PF_DRI.v'.
Reading file 'C:\Users\c79828\Documents\HLS_Work\fpga-hls-libraries\vision\demo_designs\PF_Video_kit\libero\vision_pipeline\component\Actel\DirectCore\COREBCLKSCLKALIGN\3.0.100\rtl\vlog\test\user\PF_IOD_GENERIC_RX_C1.v'.
Reading file 'C:\Users\c79828\Documents\HLS_Work\fpga-hls-libraries\vision\demo_designs\PF_Video_kit\libero\vision_pipeline\component\Actel\DirectCore\COREBCLKSCLKALIGN\3.0.100\rtl\vlog\test\user\PF_IOD_GENERIC_RX_C1_PF_CLK_DIV_FIFO_PF_CLK_DIV_DELAY.v'.
Reading file 'C:\Users\c79828\Documents\HLS_Work\fpga-hls-libraries\vision\demo_designs\PF_Video_kit\libero\vision_pipeline\component\Actel\DirectCore\COREBCLKSCLKALIGN\3.0.100\rtl\vlog\test\user\PF_IOD_GENERIC_RX_C1_PF_CLK_DIV_RXCLK_PF_CLK_DIV_DELAY.v'.
Reading file 'C:\Users\c79828\Documents\HLS_Work\fpga-hls-libraries\vision\demo_designs\PF_Video_kit\libero\vision_pipeline\component\Actel\DirectCore\COREBCLKSCLKALIGN\3.0.100\rtl\vlog\test\user\PF_IOD_GENERIC_RX_C1_PF_IOD_CLK_TRAINING_PF_IOD.v'.
Reading file 'C:\Users\c79828\Documents\HLS_Work\fpga-hls-libraries\vision\demo_designs\PF_Video_kit\libero\vision_pipeline\component\Actel\DirectCore\COREBCLKSCLKALIGN\3.0.100\rtl\vlog\test\user\PF_IOD_GENERIC_RX_C1_PF_IOD_RX_PF_IOD.v'.
Reading file 'C:\Users\c79828\Documents\HLS_Work\fpga-hls-libraries\vision\demo_designs\PF_Video_kit\libero\vision_pipeline\component\Actel\DirectCore\COREBCLKSCLKALIGN\3.0.100\rtl\vlog\test\user\PF_IOD_GENERIC_RX_C1_PF_LANECTRL_0_PF_LANECTRL.v'.
Reading file 'C:\Users\c79828\Documents\HLS_Work\fpga-hls-libraries\vision\demo_designs\PF_Video_kit\libero\vision_pipeline\component\Actel\DirectCore\COREBCLKSCLKALIGN\3.0.100\rtl\vlog\test\user\PF_IOD_GENERIC_TX_C0.v'.
Reading file 'C:\Users\c79828\Documents\HLS_Work\fpga-hls-libraries\vision\demo_designs\PF_Video_kit\libero\vision_pipeline\component\Actel\DirectCore\COREBCLKSCLKALIGN\3.0.100\rtl\vlog\test\user\PF_IOD_GENERIC_TX_C0_LANECTRL_ADDR_CMD_0_PF_LANECTRL.v'.
Reading file 'C:\Users\c79828\Documents\HLS_Work\fpga-hls-libraries\vision\demo_designs\PF_Video_kit\libero\vision_pipeline\component\Actel\DirectCore\COREBCLKSCLKALIGN\3.0.100\rtl\vlog\test\user\PF_IOD_GENERIC_TX_C0_PF_IOD_CLK_TRAINING_PF_IOD.v'.
Reading file 'C:\Users\c79828\Documents\HLS_Work\fpga-hls-libraries\vision\demo_designs\PF_Video_kit\libero\vision_pipeline\component\Actel\DirectCore\COREBCLKSCLKALIGN\3.0.100\rtl\vlog\test\user\PF_IOD_GENERIC_TX_C0_PF_IOD_TX_CLK_PF_IOD.v'.
Reading file 'C:\Users\c79828\Documents\HLS_Work\fpga-hls-libraries\vision\demo_designs\PF_Video_kit\libero\vision_pipeline\component\Actel\DirectCore\COREBCLKSCLKALIGN\3.0.100\rtl\vlog\test\user\PF_IOD_GENERIC_TX_C0_PF_IOD_TX_PF_IOD.v'.
Reading file 'C:\Users\c79828\Documents\HLS_Work\fpga-hls-libraries\vision\demo_designs\PF_Video_kit\libero\vision_pipeline\component\Actel\DirectCore\COREBCLKSCLKALIGN\3.0.100\rtl\vlog\test\user\PF_LANECTRL_PAUSE_SYNC.v'.
Reading file 'C:\Users\c79828\Documents\HLS_Work\fpga-hls-libraries\vision\demo_designs\PF_Video_kit\libero\vision_pipeline\component\Actel\DirectCore\COREBCLKSCLKALIGN\3.0.100\rtl\vlog\test\user\PF_LANECTRL_PAUSE_SYNC_2.v'.
Reading file 'C:\Users\c79828\Documents\HLS_Work\fpga-hls-libraries\vision\demo_designs\PF_Video_kit\libero\vision_pipeline\component\Actel\DirectCore\COREBCLKSCLKALIGN\3.0.100\rtl\vlog\test\user\PLL_BclkSclkAlign.v'.
Reading file 'C:\Users\c79828\Documents\HLS_Work\fpga-hls-libraries\vision\demo_designs\PF_Video_kit\libero\vision_pipeline\component\work\PF_IOD_GENERIC_RX_C0_TR\PF_IOD_GENERIC_RX_C0_TR_0\rtl\vlog\test\user\prbscheck_parallel_fab_x2.v'.
Reading file 'C:\Users\c79828\Documents\HLS_Work\fpga-hls-libraries\vision\demo_designs\PF_Video_kit\libero\vision_pipeline\component\work\PF_IOD_GENERIC_RX_C0_TR\PF_IOD_GENERIC_RX_C0_TR_0\rtl\vlog\test\user\prbsgen_parallel_fab_x2.v'.
Reading file 'C:\Users\c79828\Documents\HLS_Work\fpga-hls-libraries\vision\demo_designs\PF_Video_kit\libero\vision_pipeline\component\work\PF_IOD_GENERIC_RX_C0_TR\PF_IOD_GENERIC_RX_C0_TR_0\rtl\vlog\test\user\rev_bits_x2.v'.
Reading file 'C:\Users\c79828\Documents\HLS_Work\fpga-hls-libraries\vision\demo_designs\PF_Video_kit\libero\vision_pipeline\component\work\PF_SRAM_AHBL_AXI_C0\PF_SRAM_AHBL_AXI_C0.v'.
Reading file 'C:\Users\c79828\Documents\HLS_Work\fpga-hls-libraries\vision\demo_designs\PF_Video_kit\libero\vision_pipeline\component\work\PF_SRAM_AHBL_AXI_C0\COREAHBLSRAM_PF_0\rtl\vlog\core\CoreAHBLSRAM_AHBLSram.v'.
Reading file 'C:\Users\c79828\Documents\HLS_Work\fpga-hls-libraries\vision\demo_designs\PF_Video_kit\libero\vision_pipeline\component\work\PF_SRAM_AHBL_AXI_C0\COREAHBLSRAM_PF_0\rtl\vlog\core\CoreAHBLSRAM_AHBLSram_RT.v'.
Reading file 'C:\Users\c79828\Documents\HLS_Work\fpga-hls-libraries\vision\demo_designs\PF_Video_kit\libero\vision_pipeline\component\work\PF_SRAM_AHBL_AXI_C0\COREAHBLSRAM_PF_0\rtl\vlog\core\CoreAHBLSRAM_AHBLSram_ECC.v'.
Reading file 'C:\Users\c79828\Documents\HLS_Work\fpga-hls-libraries\vision\demo_designs\PF_Video_kit\libero\vision_pipeline\component\work\PF_SRAM_AHBL_AXI_C0\COREAHBLSRAM_PF_0\rtl\vlog\core\CoreAHBLSRAM_AHBLSram_ECC_RT.v'.
Reading file 'C:\Users\c79828\Documents\HLS_Work\fpga-hls-libraries\vision\demo_designs\PF_Video_kit\libero\vision_pipeline\component\work\PF_SRAM_AHBL_AXI_C0\COREAHBLSRAM_PF_0\rtl\vlog\core\CoreAHBLSRAM_PF.v'.
Reading file 'C:\Users\c79828\Documents\HLS_Work\fpga-hls-libraries\vision\demo_designs\PF_Video_kit\libero\vision_pipeline\component\work\PF_SRAM_AHBL_AXI_C0\PF_TPSRAM_AHB_AXI_0\PF_SRAM_AHBL_AXI_C0_PF_TPSRAM_AHB_AXI_0_PF_TPSRAM.v'.
Reading file 'C:\Users\c79828\Documents\HLS_Work\fpga-hls-libraries\vision\demo_designs\PF_Video_kit\libero\vision_pipeline\component\work\PF_TX_PLL_C0\PF_TX_PLL_C0.v'.
Reading file 'C:\Users\c79828\Documents\HLS_Work\fpga-hls-libraries\vision\demo_designs\PF_Video_kit\libero\vision_pipeline\component\work\PF_TX_PLL_C0\PF_TX_PLL_C0_0\PF_TX_PLL_C0_PF_TX_PLL_C0_0_PF_TX_PLL.v'.
Reading file 'C:\Users\c79828\Documents\HLS_Work\fpga-hls-libraries\vision\demo_designs\PF_Video_kit\libero\vision_pipeline\component\work\PF_XCVR_ERM_C0\PF_XCVR_ERM_C0.v'.
Reading file 'C:\Users\c79828\Documents\HLS_Work\fpga-hls-libraries\vision\demo_designs\PF_Video_kit\libero\vision_pipeline\component\work\PF_XCVR_ERM_C0\I_XCVR\PF_XCVR_ERM_C0_I_XCVR_PF_XCVR.v'.
Reading file 'C:\Users\c79828\Documents\HLS_Work\fpga-hls-libraries\vision\demo_designs\PF_Video_kit\libero\vision_pipeline\component\work\PF_XCVR_REF_CLK_C0\PF_XCVR_REF_CLK_C0.v'.
Reading file 'C:\Users\c79828\Documents\HLS_Work\fpga-hls-libraries\vision\demo_designs\PF_Video_kit\libero\vision_pipeline\component\work\PF_XCVR_REF_CLK_C0\PF_XCVR_REF_CLK_C0_0\PF_XCVR_REF_CLK_C0_PF_XCVR_REF_CLK_C0_0_PF_XCVR_REF_CLK.v'.
Reading file 'C:\Users\c79828\Documents\HLS_Work\fpga-hls-libraries\vision\demo_designs\PF_Video_kit\libero\vision_pipeline\hdl\axis_to_vga_converter.v'.
Reading file 'C:\Users\c79828\Documents\HLS_Work\fpga-hls-libraries\vision\demo_designs\PF_Video_kit\libero\vision_pipeline\hdl\camera_to_axis_converter.v'.
Reading file 'C:\Users\c79828\Documents\HLS_Work\fpga-hls-libraries\vision\demo_designs\PF_Video_kit\libero\vision_pipeline\hdl\FrameBufferControl.v'.
Reading file 'C:\Users\c79828\Documents\HLS_Work\fpga-hls-libraries\vision\demo_designs\PF_Video_kit\libero\vision_pipeline\hdl\VGA_Controller_SHLS.vhd'.
Reading file 'C:\Users\c79828\Documents\HLS_Work\fpga-hls-libraries\vision\demo_designs\PF_Video_kit\hls\hls_output\rtl\hls_DDR_Write_wrapper.v'.
Reading file 'C:\Users\c79828\Documents\HLS_Work\fpga-hls-libraries\vision\demo_designs\PF_Video_kit\hls\hls_output\rtl\hls_VideoPipelineTop.v'.
Reading file 'C:\Users\c79828\Documents\HLS_Work\fpga-hls-libraries\vision\demo_designs\PF_Video_kit\libero\vision_pipeline\component\work\CAM_IOD_TIP_TOP\CAM_IOD_TIP_TOP.v'.
Reading file 'C:\Users\c79828\Documents\HLS_Work\fpga-hls-libraries\vision\demo_designs\PF_Video_kit\libero\vision_pipeline\component\work\CCC\CCC.v'.
Reading file 'C:\Users\c79828\Documents\HLS_Work\fpga-hls-libraries\vision\demo_designs\PF_Video_kit\libero\vision_pipeline\component\work\HDMI_2p0\HDMI_2p0.v'.
Reading file 'C:\Users\c79828\Documents\HLS_Work\fpga-hls-libraries\vision\demo_designs\PF_Video_kit\libero\vision_pipeline\component\work\IMX334_IF_TOP\IMX334_IF_TOP.v'.
Reading file 'C:\Users\c79828\Documents\HLS_Work\fpga-hls-libraries\vision\demo_designs\PF_Video_kit\libero\vision_pipeline\component\work\PROC_SUBSYSTEM\PROC_SUBSYSTEM.v'.
Reading file 'C:\Users\c79828\Documents\HLS_Work\fpga-hls-libraries\vision\demo_designs\PF_Video_kit\libero\vision_pipeline\component\Actel\DirectCore\CoreAHBLite\5.6.105\rtl\vlog\core\coreahblite_addrdec.v'.
Reading file 'C:\Users\c79828\Documents\HLS_Work\fpga-hls-libraries\vision\demo_designs\PF_Video_kit\libero\vision_pipeline\component\Actel\DirectCore\CoreAHBLite\5.6.105\rtl\vlog\core\coreahblite_defaultslavesm.v'.
Reading file 'C:\Users\c79828\Documents\HLS_Work\fpga-hls-libraries\vision\demo_designs\PF_Video_kit\libero\vision_pipeline\component\Actel\DirectCore\CoreAHBLite\5.6.105\rtl\vlog\core\coreahblite_slavearbiter.v'.
Reading file 'C:\Users\c79828\Documents\HLS_Work\fpga-hls-libraries\vision\demo_designs\PF_Video_kit\libero\vision_pipeline\component\Actel\DirectCore\CoreAHBLite\5.6.105\rtl\vlog\core\coreahblite_masterstage.v'.
Reading file 'C:\Users\c79828\Documents\HLS_Work\fpga-hls-libraries\vision\demo_designs\PF_Video_kit\libero\vision_pipeline\component\Actel\DirectCore\CoreAHBLite\5.6.105\rtl\vlog\core\coreahblite_slavestage.v'.
Reading file 'C:\Users\c79828\Documents\HLS_Work\fpga-hls-libraries\vision\demo_designs\PF_Video_kit\libero\vision_pipeline\component\Actel\DirectCore\CoreAHBLite\5.6.105\rtl\vlog\core\coreahblite_matrix4x16.v'.
Reading file 'C:\Users\c79828\Documents\HLS_Work\fpga-hls-libraries\vision\demo_designs\PF_Video_kit\libero\vision_pipeline\component\Actel\DirectCore\CoreAHBLite\5.6.105\rtl\vlog\amba_bfm\bfm_main.v'.
Reading file 'C:\Users\c79828\Documents\HLS_Work\fpga-hls-libraries\vision\demo_designs\PF_Video_kit\libero\vision_pipeline\component\Actel\DirectCore\CoreAHBLite\5.6.105\rtl\vlog\amba_bfm\bfm_ahbl.v'.
Reading file 'C:\Users\c79828\Documents\HLS_Work\fpga-hls-libraries\vision\demo_designs\PF_Video_kit\libero\vision_pipeline\component\Actel\DirectCore\CoreAHBLite\5.6.105\rtl\vlog\amba_bfm\bfm_ahbslaveext.v'.
Reading file 'C:\Users\c79828\Documents\HLS_Work\fpga-hls-libraries\vision\demo_designs\PF_Video_kit\libero\vision_pipeline\component\Actel\DirectCore\CoreAHBLite\5.6.105\rtl\vlog\amba_bfm\bfm_ahbslave.v'.
Reading file 'C:\Users\c79828\Documents\HLS_Work\fpga-hls-libraries\vision\demo_designs\PF_Video_kit\libero\vision_pipeline\component\work\PROC_SUBSYSTEM\CoreAHBLite_0\rtl\vlog\core\coreahblite.v'.
Reading file 'C:\Users\c79828\Documents\HLS_Work\fpga-hls-libraries\vision\demo_designs\PF_Video_kit\libero\vision_pipeline\component\work\PROC_SUBSYSTEM\CoreAHBLite_0\coreparameters.v'.
Reading file 'C:\Users\c79828\Documents\HLS_Work\fpga-hls-libraries\vision\demo_designs\PF_Video_kit\libero\vision_pipeline\component\Actel\DirectCore\CoreAHBLite\5.6.105\rtl\vlog\amba_bfm\bfm_main.v'.
Reading file 'C:\Users\c79828\Documents\HLS_Work\fpga-hls-libraries\vision\demo_designs\PF_Video_kit\libero\vision_pipeline\component\Actel\DirectCore\CoreAHBLite\5.6.105\rtl\vlog\amba_bfm\bfm_ahbl.v'.
Reading file 'C:\Users\c79828\Documents\HLS_Work\fpga-hls-libraries\vision\demo_designs\PF_Video_kit\libero\vision_pipeline\component\Actel\DirectCore\CoreAHBLite\5.6.105\rtl\vlog\amba_bfm\bfm_ahbslaveext.v'.
Reading file 'C:\Users\c79828\Documents\HLS_Work\fpga-hls-libraries\vision\demo_designs\PF_Video_kit\libero\vision_pipeline\component\Actel\DirectCore\CoreAHBLite\5.6.105\rtl\vlog\amba_bfm\bfm_ahbslave.v'.
Reading file 'C:\Users\c79828\Documents\HLS_Work\fpga-hls-libraries\vision\demo_designs\PF_Video_kit\libero\vision_pipeline\component\work\PROC_SUBSYSTEM\CoreAHBLite_0\rtl\vlog\test\user\testbench.v'.
Reading file 'C:\Users\c79828\Documents\HLS_Work\fpga-hls-libraries\vision\demo_designs\PF_Video_kit\libero\vision_pipeline\component\Actel\DirectCore\COREAHBTOAPB3\3.2.101\rtl\vlog\core_obfuscated\coreahbtoapb3_ahbtoapbsm.v'.
Reading file 'C:\Users\c79828\Documents\HLS_Work\fpga-hls-libraries\vision\demo_designs\PF_Video_kit\libero\vision_pipeline\component\Actel\DirectCore\COREAHBTOAPB3\3.2.101\rtl\vlog\core_obfuscated\coreahbtoapb3_apbaddrdata.v'.
Reading file 'C:\Users\c79828\Documents\HLS_Work\fpga-hls-libraries\vision\demo_designs\PF_Video_kit\libero\vision_pipeline\component\Actel\DirectCore\COREAHBTOAPB3\3.2.101\rtl\vlog\core_obfuscated\coreahbtoapb3_penablescheduler.v'.
Reading file 'C:\Users\c79828\Documents\HLS_Work\fpga-hls-libraries\vision\demo_designs\PF_Video_kit\libero\vision_pipeline\component\Actel\DirectCore\COREAHBTOAPB3\3.2.101\rtl\vlog\core_obfuscated\coreahbtoapb3.v'.
Reading file 'C:\Users\c79828\Documents\HLS_Work\fpga-hls-libraries\vision\demo_designs\PF_Video_kit\libero\vision_pipeline\component\Actel\DirectCore\COREAHBTOAPB3\3.2.101\coreparameters.v'.
Reading file 'C:\Users\c79828\Documents\HLS_Work\fpga-hls-libraries\vision\demo_designs\PF_Video_kit\libero\vision_pipeline\component\Actel\DirectCore\COREAHBTOAPB3\3.2.101\rtl\vlog\amba_bfm\bfm_main.v'.
Reading file 'C:\Users\c79828\Documents\HLS_Work\fpga-hls-libraries\vision\demo_designs\PF_Video_kit\libero\vision_pipeline\component\Actel\DirectCore\COREAHBTOAPB3\3.2.101\rtl\vlog\amba_bfm\bfm_ahbl.v'.
Reading file 'C:\Users\c79828\Documents\HLS_Work\fpga-hls-libraries\vision\demo_designs\PF_Video_kit\libero\vision_pipeline\component\Actel\DirectCore\COREAHBTOAPB3\3.2.101\rtl\vlog\amba_bfm\bfm_apbslaveext.v'.
Reading file 'C:\Users\c79828\Documents\HLS_Work\fpga-hls-libraries\vision\demo_designs\PF_Video_kit\libero\vision_pipeline\component\Actel\DirectCore\COREAHBTOAPB3\3.2.101\rtl\vlog\amba_bfm\bfm_apbslave.v'.
Reading file 'C:\Users\c79828\Documents\HLS_Work\fpga-hls-libraries\vision\demo_designs\PF_Video_kit\libero\vision_pipeline\component\Actel\DirectCore\COREAHBTOAPB3\3.2.101\rtl\vlog\test\user\testbench.v'.
Reading file 'C:\Users\c79828\Documents\HLS_Work\fpga-hls-libraries\vision\demo_designs\PF_Video_kit\libero\vision_pipeline\component\Actel\DirectCore\CoreAPB3\4.2.100\rtl\vlog\core\coreapb3.v'.
Reading file 'C:\Users\c79828\Documents\HLS_Work\fpga-hls-libraries\vision\demo_designs\PF_Video_kit\libero\vision_pipeline\component\Actel\DirectCore\CoreAPB3\4.2.100\rtl\vlog\core\coreapb3_muxptob3.v'.
Reading file 'C:\Users\c79828\Documents\HLS_Work\fpga-hls-libraries\vision\demo_designs\PF_Video_kit\libero\vision_pipeline\component\Actel\DirectCore\CoreAPB3\4.2.100\rtl\vlog\core\coreapb3_iaddr_reg.v'.
Reading file 'C:\Users\c79828\Documents\HLS_Work\fpga-hls-libraries\vision\demo_designs\PF_Video_kit\libero\vision_pipeline\component\Actel\DirectCore\CoreAPB3\4.2.100\coreparameters.v'.
Reading file 'C:\Users\c79828\Documents\HLS_Work\fpga-hls-libraries\vision\demo_designs\PF_Video_kit\libero\vision_pipeline\component\Actel\DirectCore\CoreAPB3\4.2.100\rtl\vlog\amba_bfm\bfm_main.v'.
Reading file 'C:\Users\c79828\Documents\HLS_Work\fpga-hls-libraries\vision\demo_designs\PF_Video_kit\libero\vision_pipeline\component\Actel\DirectCore\CoreAPB3\4.2.100\rtl\vlog\amba_bfm\bfm_ahbtoapb.v'.
Reading file 'C:\Users\c79828\Documents\HLS_Work\fpga-hls-libraries\vision\demo_designs\PF_Video_kit\libero\vision_pipeline\component\Actel\DirectCore\CoreAPB3\4.2.100\rtl\vlog\amba_bfm\bfm_apb.v'.
Reading file 'C:\Users\c79828\Documents\HLS_Work\fpga-hls-libraries\vision\demo_designs\PF_Video_kit\libero\vision_pipeline\component\Actel\DirectCore\CoreAPB3\4.2.100\rtl\vlog\amba_bfm\bfm_apbslaveext.v'.
Reading file 'C:\Users\c79828\Documents\HLS_Work\fpga-hls-libraries\vision\demo_designs\PF_Video_kit\libero\vision_pipeline\component\Actel\DirectCore\CoreAPB3\4.2.100\rtl\vlog\amba_bfm\bfm_apbslave.v'.
Reading file 'C:\Users\c79828\Documents\HLS_Work\fpga-hls-libraries\vision\demo_designs\PF_Video_kit\libero\vision_pipeline\component\Actel\DirectCore\CoreAPB3\4.2.100\rtl\vlog\test\user\testbench.v'.
Reading file 'C:\Users\c79828\Documents\HLS_Work\fpga-hls-libraries\vision\demo_designs\PF_Video_kit\libero\vision_pipeline\component\work\PROC_SUBSYSTEM\CoreGPIO_OUT\rtl\vlog\core\coregpio.v'.
Reading file 'C:\Users\c79828\Documents\HLS_Work\fpga-hls-libraries\vision\demo_designs\PF_Video_kit\libero\vision_pipeline\component\work\PROC_SUBSYSTEM\CoreGPIO_OUT\rtl\vlog\amba_bfm\bfm_ahbl.v'.
Reading file 'C:\Users\c79828\Documents\HLS_Work\fpga-hls-libraries\vision\demo_designs\PF_Video_kit\libero\vision_pipeline\component\work\PROC_SUBSYSTEM\CoreGPIO_OUT\rtl\vlog\amba_bfm\bfm_ahblapb.v'.
Reading file 'C:\Users\c79828\Documents\HLS_Work\fpga-hls-libraries\vision\demo_designs\PF_Video_kit\libero\vision_pipeline\component\work\PROC_SUBSYSTEM\CoreGPIO_OUT\rtl\vlog\amba_bfm\bfm_ahbslave.v'.
Reading file 'C:\Users\c79828\Documents\HLS_Work\fpga-hls-libraries\vision\demo_designs\PF_Video_kit\libero\vision_pipeline\component\work\PROC_SUBSYSTEM\CoreGPIO_OUT\rtl\vlog\amba_bfm\bfm_ahbslaveext.v'.
Reading file 'C:\Users\c79828\Documents\HLS_Work\fpga-hls-libraries\vision\demo_designs\PF_Video_kit\libero\vision_pipeline\component\work\PROC_SUBSYSTEM\CoreGPIO_OUT\rtl\vlog\amba_bfm\bfm_ahbtoapb.v'.
Reading file 'C:\Users\c79828\Documents\HLS_Work\fpga-hls-libraries\vision\demo_designs\PF_Video_kit\libero\vision_pipeline\component\work\PROC_SUBSYSTEM\CoreGPIO_OUT\rtl\vlog\amba_bfm\bfm_apb.v'.
Reading file 'C:\Users\c79828\Documents\HLS_Work\fpga-hls-libraries\vision\demo_designs\PF_Video_kit\libero\vision_pipeline\component\work\PROC_SUBSYSTEM\CoreGPIO_OUT\rtl\vlog\amba_bfm\bfm_apbslave.v'.
Reading file 'C:\Users\c79828\Documents\HLS_Work\fpga-hls-libraries\vision\demo_designs\PF_Video_kit\libero\vision_pipeline\component\work\PROC_SUBSYSTEM\CoreGPIO_OUT\rtl\vlog\amba_bfm\bfm_apbslaveext.v'.
Reading file 'C:\Users\c79828\Documents\HLS_Work\fpga-hls-libraries\vision\demo_designs\PF_Video_kit\libero\vision_pipeline\component\work\PROC_SUBSYSTEM\CoreGPIO_OUT\rtl\vlog\amba_bfm\bfm_apbtoapb.v'.
Reading file 'C:\Users\c79828\Documents\HLS_Work\fpga-hls-libraries\vision\demo_designs\PF_Video_kit\libero\vision_pipeline\component\work\PROC_SUBSYSTEM\CoreGPIO_OUT\rtl\vlog\amba_bfm\bfm_main.v'.
Reading file 'C:\Users\c79828\Documents\HLS_Work\fpga-hls-libraries\vision\demo_designs\PF_Video_kit\libero\vision_pipeline\component\work\PROC_SUBSYSTEM\CoreGPIO_OUT\coreparameters.v'.
Reading file 'C:\Users\c79828\Documents\HLS_Work\fpga-hls-libraries\vision\demo_designs\PF_Video_kit\libero\vision_pipeline\component\work\PROC_SUBSYSTEM\CoreGPIO_OUT\rtl\vlog\test\user\testbench.v'.
Reading file 'C:\Users\c79828\Documents\HLS_Work\fpga-hls-libraries\vision\demo_designs\PF_Video_kit\libero\vision_pipeline\component\Actel\DirectCore\COREJTAGDEBUG\4.0.100\core\corejtagdebug.v'.
Reading file 'C:\Users\c79828\Documents\HLS_Work\fpga-hls-libraries\vision\demo_designs\PF_Video_kit\libero\vision_pipeline\component\Actel\DirectCore\COREJTAGDEBUG\4.0.100\core\corejtagdebug_ujtag_wrapper.v'.
Reading file 'C:\Users\c79828\Documents\HLS_Work\fpga-hls-libraries\vision\demo_designs\PF_Video_kit\libero\vision_pipeline\component\Actel\DirectCore\COREJTAGDEBUG\4.0.100\core\corejtagdebug_uj_jtag.v'.
Reading file 'C:\Users\c79828\Documents\HLS_Work\fpga-hls-libraries\vision\demo_designs\PF_Video_kit\libero\vision_pipeline\component\Actel\DirectCore\COREJTAGDEBUG\4.0.100\core\corejtagdebug_bufd.v'.
Reading file 'C:\Users\c79828\Documents\HLS_Work\fpga-hls-libraries\vision\demo_designs\PF_Video_kit\libero\vision_pipeline\component\Actel\DirectCore\COREJTAGDEBUG\4.0.100\rtl\vlog\test\corejtagdebug_host_emulator.v'.
Reading file 'C:\Users\c79828\Documents\HLS_Work\fpga-hls-libraries\vision\demo_designs\PF_Video_kit\libero\vision_pipeline\component\Actel\DirectCore\COREJTAGDEBUG\4.0.100\rtl\vlog\test\corejtagdebug_jtag_tap.v'.
Reading file 'C:\Users\c79828\Documents\HLS_Work\fpga-hls-libraries\vision\demo_designs\PF_Video_kit\libero\vision_pipeline\component\Actel\DirectCore\COREJTAGDEBUG\4.0.100\rtl\vlog\test\corejtagdebug_testbench.v'.
Reading file 'C:\Users\c79828\Documents\HLS_Work\fpga-hls-libraries\vision\demo_designs\PF_Video_kit\libero\vision_pipeline\component\work\Reset\Reset.v'.
Reading file 'C:\Users\c79828\Documents\HLS_Work\fpga-hls-libraries\vision\demo_designs\PF_Video_kit\libero\vision_pipeline\component\work\VIDEO_KIT_TOP\VIDEO_KIT_TOP.v'.
Info:  Successfully deleted component 'temp'.
Reading file 'C:\Users\c79828\Documents\HLS_Work\fpga-hls-libraries\vision\demo_designs\PF_Video_kit\libero\vision_pipeline\component\work\CoreAHBLite_C0\CoreAHBLite_C0.v'.
Reading file 'C:\Users\c79828\Documents\HLS_Work\fpga-hls-libraries\vision\demo_designs\PF_Video_kit\libero\vision_pipeline\component\Actel\DirectCore\CoreAHBLite\5.6.105\rtl\vlog\core\coreahblite_addrdec.v'.
Reading file 'C:\Users\c79828\Documents\HLS_Work\fpga-hls-libraries\vision\demo_designs\PF_Video_kit\libero\vision_pipeline\component\Actel\DirectCore\CoreAHBLite\5.6.105\rtl\vlog\core\coreahblite_defaultslavesm.v'.
Reading file 'C:\Users\c79828\Documents\HLS_Work\fpga-hls-libraries\vision\demo_designs\PF_Video_kit\libero\vision_pipeline\component\Actel\DirectCore\CoreAHBLite\5.6.105\rtl\vlog\core\coreahblite_slavearbiter.v'.
Reading file 'C:\Users\c79828\Documents\HLS_Work\fpga-hls-libraries\vision\demo_designs\PF_Video_kit\libero\vision_pipeline\component\Actel\DirectCore\CoreAHBLite\5.6.105\rtl\vlog\core\coreahblite_masterstage.v'.
Reading file 'C:\Users\c79828\Documents\HLS_Work\fpga-hls-libraries\vision\demo_designs\PF_Video_kit\libero\vision_pipeline\component\Actel\DirectCore\CoreAHBLite\5.6.105\rtl\vlog\core\coreahblite_slavestage.v'.
Reading file 'C:\Users\c79828\Documents\HLS_Work\fpga-hls-libraries\vision\demo_designs\PF_Video_kit\libero\vision_pipeline\component\Actel\DirectCore\CoreAHBLite\5.6.105\rtl\vlog\core\coreahblite_matrix4x16.v'.
Reading file 'C:\Users\c79828\Documents\HLS_Work\fpga-hls-libraries\vision\demo_designs\PF_Video_kit\libero\vision_pipeline\component\Actel\DirectCore\CoreAHBLite\5.6.105\rtl\vlog\amba_bfm\bfm_main.v'.
Reading file 'C:\Users\c79828\Documents\HLS_Work\fpga-hls-libraries\vision\demo_designs\PF_Video_kit\libero\vision_pipeline\component\Actel\DirectCore\CoreAHBLite\5.6.105\rtl\vlog\amba_bfm\bfm_ahbl.v'.
Reading file 'C:\Users\c79828\Documents\HLS_Work\fpga-hls-libraries\vision\demo_designs\PF_Video_kit\libero\vision_pipeline\component\Actel\DirectCore\CoreAHBLite\5.6.105\rtl\vlog\amba_bfm\bfm_ahbslaveext.v'.
Reading file 'C:\Users\c79828\Documents\HLS_Work\fpga-hls-libraries\vision\demo_designs\PF_Video_kit\libero\vision_pipeline\component\Actel\DirectCore\CoreAHBLite\5.6.105\rtl\vlog\amba_bfm\bfm_ahbslave.v'.
Reading file 'C:\Users\c79828\Documents\HLS_Work\fpga-hls-libraries\vision\demo_designs\PF_Video_kit\libero\vision_pipeline\component\work\CoreAHBLite_C0\CoreAHBLite_C0_0\rtl\vlog\core\coreahblite.v'.
Reading file 'C:\Users\c79828\Documents\HLS_Work\fpga-hls-libraries\vision\demo_designs\PF_Video_kit\libero\vision_pipeline\component\work\CoreAHBLite_C0\CoreAHBLite_C0_0\coreparameters.v'.
Reading file 'C:\Users\c79828\Documents\HLS_Work\fpga-hls-libraries\vision\demo_designs\PF_Video_kit\libero\vision_pipeline\component\Actel\DirectCore\CoreAHBLite\5.6.105\rtl\vlog\amba_bfm\bfm_main.v'.
Reading file 'C:\Users\c79828\Documents\HLS_Work\fpga-hls-libraries\vision\demo_designs\PF_Video_kit\libero\vision_pipeline\component\Actel\DirectCore\CoreAHBLite\5.6.105\rtl\vlog\amba_bfm\bfm_ahbl.v'.
Reading file 'C:\Users\c79828\Documents\HLS_Work\fpga-hls-libraries\vision\demo_designs\PF_Video_kit\libero\vision_pipeline\component\Actel\DirectCore\CoreAHBLite\5.6.105\rtl\vlog\amba_bfm\bfm_ahbslaveext.v'.
Reading file 'C:\Users\c79828\Documents\HLS_Work\fpga-hls-libraries\vision\demo_designs\PF_Video_kit\libero\vision_pipeline\component\Actel\DirectCore\CoreAHBLite\5.6.105\rtl\vlog\amba_bfm\bfm_ahbslave.v'.
Reading file 'C:\Users\c79828\Documents\HLS_Work\fpga-hls-libraries\vision\demo_designs\PF_Video_kit\libero\vision_pipeline\component\work\CoreAHBLite_C0\CoreAHBLite_C0_0\rtl\vlog\test\user\testbench.v'.
Reading file 'C:\Users\c79828\Documents\HLS_Work\fpga-hls-libraries\vision\demo_designs\PF_Video_kit\libero\vision_pipeline\component\work\COREAXI4INTERCONNECT_C0\COREAXI4INTERCONNECT_C0.v'.
Reading file 'C:\Users\c79828\Documents\HLS_Work\fpga-hls-libraries\vision\demo_designs\PF_Video_kit\libero\vision_pipeline\component\Actel\DirectCore\COREAXI4INTERCONNECT\2.8.103\rtl\vlog\core\Axi4Convertors\MasterConvertor.v'.
Reading file 'C:\Users\c79828\Documents\HLS_Work\fpga-hls-libraries\vision\demo_designs\PF_Video_kit\libero\vision_pipeline\component\Actel\DirectCore\COREAXI4INTERCONNECT\2.8.103\rtl\vlog\core\Axi4Convertors\MstrProtocolConverter.v'.
Reading file 'C:\Users\c79828\Documents\HLS_Work\fpga-hls-libraries\vision\demo_designs\PF_Video_kit\libero\vision_pipeline\component\Actel\DirectCore\COREAXI4INTERCONNECT\2.8.103\rtl\vlog\core\Axi4Convertors\RegisterSlice.v'.
Reading file 'C:\Users\c79828\Documents\HLS_Work\fpga-hls-libraries\vision\demo_designs\PF_Video_kit\libero\vision_pipeline\component\Actel\DirectCore\COREAXI4INTERCONNECT\2.8.103\rtl\vlog\core\Axi4Convertors\RegSliceFull.v'.
Reading file 'C:\Users\c79828\Documents\HLS_Work\fpga-hls-libraries\vision\demo_designs\PF_Video_kit\libero\vision_pipeline\component\Actel\DirectCore\COREAXI4INTERCONNECT\2.8.103\rtl\vlog\core\Axi4Convertors\SlaveConvertor.v'.
Reading file 'C:\Users\c79828\Documents\HLS_Work\fpga-hls-libraries\vision\demo_designs\PF_Video_kit\libero\vision_pipeline\component\Actel\DirectCore\COREAXI4INTERCONNECT\2.8.103\rtl\vlog\core\Axi4Convertors\SlvAxi4ProtConvRead.v'.
Reading file 'C:\Users\c79828\Documents\HLS_Work\fpga-hls-libraries\vision\demo_designs\PF_Video_kit\libero\vision_pipeline\component\Actel\DirectCore\COREAXI4INTERCONNECT\2.8.103\rtl\vlog\core\Axi4Convertors\SlvAxi4ProtConvWrite.v'.
Reading file 'C:\Users\c79828\Documents\HLS_Work\fpga-hls-libraries\vision\demo_designs\PF_Video_kit\libero\vision_pipeline\component\Actel\DirectCore\COREAXI4INTERCONNECT\2.8.103\rtl\vlog\core\Axi4Convertors\SlvAxi4ProtocolConv.v'.
Reading file 'C:\Users\c79828\Documents\HLS_Work\fpga-hls-libraries\vision\demo_designs\PF_Video_kit\libero\vision_pipeline\component\Actel\DirectCore\COREAXI4INTERCONNECT\2.8.103\rtl\vlog\core\Axi4Convertors\SlvDataWidthConverter.v'.
Reading file 'C:\Users\c79828\Documents\HLS_Work\fpga-hls-libraries\vision\demo_designs\PF_Video_kit\libero\vision_pipeline\component\Actel\DirectCore\COREAXI4INTERCONNECT\2.8.103\rtl\vlog\core\Axi4Convertors\SlvProtocolConverter.v'.
Reading file 'C:\Users\c79828\Documents\HLS_Work\fpga-hls-libraries\vision\demo_designs\PF_Video_kit\libero\vision_pipeline\component\Actel\DirectCore\COREAXI4INTERCONNECT\2.8.103\rtl\vlog\core\Axi4CrossBar\AddressController.v'.
Reading file 'C:\Users\c79828\Documents\HLS_Work\fpga-hls-libraries\vision\demo_designs\PF_Video_kit\libero\vision_pipeline\component\Actel\DirectCore\COREAXI4INTERCONNECT\2.8.103\rtl\vlog\core\Axi4CrossBar\Axi4CrossBar.v'.
Reading file 'C:\Users\c79828\Documents\HLS_Work\fpga-hls-libraries\vision\demo_designs\PF_Video_kit\libero\vision_pipeline\component\Actel\DirectCore\COREAXI4INTERCONNECT\2.8.103\rtl\vlog\core\Axi4CrossBar\BitScan0.v'.
Reading file 'C:\Users\c79828\Documents\HLS_Work\fpga-hls-libraries\vision\demo_designs\PF_Video_kit\libero\vision_pipeline\component\Actel\DirectCore\COREAXI4INTERCONNECT\2.8.103\rtl\vlog\core\Axi4CrossBar\DependenceChecker.v'.
Reading file 'C:\Users\c79828\Documents\HLS_Work\fpga-hls-libraries\vision\demo_designs\PF_Video_kit\libero\vision_pipeline\component\Actel\DirectCore\COREAXI4INTERCONNECT\2.8.103\rtl\vlog\core\Axi4CrossBar\DERR_Slave.v'.
Reading file 'C:\Users\c79828\Documents\HLS_Work\fpga-hls-libraries\vision\demo_designs\PF_Video_kit\libero\vision_pipeline\component\Actel\DirectCore\COREAXI4INTERCONNECT\2.8.103\rtl\vlog\core\Axi4CrossBar\DualPort_FF_SyncWr_SyncRd.v'.
Reading file 'C:\Users\c79828\Documents\HLS_Work\fpga-hls-libraries\vision\demo_designs\PF_Video_kit\libero\vision_pipeline\component\Actel\DirectCore\COREAXI4INTERCONNECT\2.8.103\rtl\vlog\core\Axi4CrossBar\DualPort_Ram_SyncWr_SyncRd.v'.
Reading file 'C:\Users\c79828\Documents\HLS_Work\fpga-hls-libraries\vision\demo_designs\PF_Video_kit\libero\vision_pipeline\component\Actel\DirectCore\COREAXI4INTERCONNECT\2.8.103\rtl\vlog\core\Axi4CrossBar\FifoDualPort.v'.
Reading file 'C:\Users\c79828\Documents\HLS_Work\fpga-hls-libraries\vision\demo_designs\PF_Video_kit\libero\vision_pipeline\component\Actel\DirectCore\COREAXI4INTERCONNECT\2.8.103\rtl\vlog\core\Axi4CrossBar\MasterControl.v'.
Reading file 'C:\Users\c79828\Documents\HLS_Work\fpga-hls-libraries\vision\demo_designs\PF_Video_kit\libero\vision_pipeline\component\Actel\DirectCore\COREAXI4INTERCONNECT\2.8.103\rtl\vlog\core\Axi4CrossBar\RDataController.v'.
Reading file 'C:\Users\c79828\Documents\HLS_Work\fpga-hls-libraries\vision\demo_designs\PF_Video_kit\libero\vision_pipeline\component\Actel\DirectCore\COREAXI4INTERCONNECT\2.8.103\rtl\vlog\core\Axi4CrossBar\RdFifoDualPort.v'.
Reading file 'C:\Users\c79828\Documents\HLS_Work\fpga-hls-libraries\vision\demo_designs\PF_Video_kit\libero\vision_pipeline\component\Actel\DirectCore\COREAXI4INTERCONNECT\2.8.103\rtl\vlog\core\Axi4CrossBar\ReadDataController.v'.
Reading file 'C:\Users\c79828\Documents\HLS_Work\fpga-hls-libraries\vision\demo_designs\PF_Video_kit\libero\vision_pipeline\component\Actel\DirectCore\COREAXI4INTERCONNECT\2.8.103\rtl\vlog\core\Axi4CrossBar\ReadDataMux.v'.
Reading file 'C:\Users\c79828\Documents\HLS_Work\fpga-hls-libraries\vision\demo_designs\PF_Video_kit\libero\vision_pipeline\component\Actel\DirectCore\COREAXI4INTERCONNECT\2.8.103\rtl\vlog\core\Axi4CrossBar\RequestQual.v'.
Reading file 'C:\Users\c79828\Documents\HLS_Work\fpga-hls-libraries\vision\demo_designs\PF_Video_kit\libero\vision_pipeline\component\Actel\DirectCore\COREAXI4INTERCONNECT\2.8.103\rtl\vlog\core\Axi4CrossBar\ResetSycnc.v'.
Reading file 'C:\Users\c79828\Documents\HLS_Work\fpga-hls-libraries\vision\demo_designs\PF_Video_kit\libero\vision_pipeline\component\Actel\DirectCore\COREAXI4INTERCONNECT\2.8.103\rtl\vlog\core\Axi4CrossBar\RespController.v'.
Reading file 'C:\Users\c79828\Documents\HLS_Work\fpga-hls-libraries\vision\demo_designs\PF_Video_kit\libero\vision_pipeline\component\Actel\DirectCore\COREAXI4INTERCONNECT\2.8.103\rtl\vlog\core\Axi4CrossBar\RoundRobinArb.v'.
Reading file 'C:\Users\c79828\Documents\HLS_Work\fpga-hls-libraries\vision\demo_designs\PF_Video_kit\libero\vision_pipeline\component\Actel\DirectCore\COREAXI4INTERCONNECT\2.8.103\rtl\vlog\core\Axi4CrossBar\SlaveDataMuxController.v'.
Reading file 'C:\Users\c79828\Documents\HLS_Work\fpga-hls-libraries\vision\demo_designs\PF_Video_kit\libero\vision_pipeline\component\Actel\DirectCore\COREAXI4INTERCONNECT\2.8.103\rtl\vlog\core\Axi4CrossBar\TargetMuxController.v'.
Reading file 'C:\Users\c79828\Documents\HLS_Work\fpga-hls-libraries\vision\demo_designs\PF_Video_kit\libero\vision_pipeline\component\Actel\DirectCore\COREAXI4INTERCONNECT\2.8.103\rtl\vlog\core\Axi4CrossBar\TransactionController.v'.
Reading file 'C:\Users\c79828\Documents\HLS_Work\fpga-hls-libraries\vision\demo_designs\PF_Video_kit\libero\vision_pipeline\component\Actel\DirectCore\COREAXI4INTERCONNECT\2.8.103\rtl\vlog\core\Axi4CrossBar\WDataController.v'.
Reading file 'C:\Users\c79828\Documents\HLS_Work\fpga-hls-libraries\vision\demo_designs\PF_Video_kit\libero\vision_pipeline\component\Actel\DirectCore\COREAXI4INTERCONNECT\2.8.103\rtl\vlog\core\Axi4CrossBar\WriteDataMux.v'.
Reading file 'C:\Users\c79828\Documents\HLS_Work\fpga-hls-libraries\vision\demo_designs\PF_Video_kit\libero\vision_pipeline\component\Actel\DirectCore\COREAXI4INTERCONNECT\2.8.103\rtl\vlog\core\CoreAxi4Interconnect.v'.
Reading file 'C:\Users\c79828\Documents\HLS_Work\fpga-hls-libraries\vision\demo_designs\PF_Video_kit\libero\vision_pipeline\component\Actel\DirectCore\COREAXI4INTERCONNECT\2.8.103\rtl\vlog\core\Axi4Convertors\MstrDataWidthConv.v'.
Reading file 'C:\Users\c79828\Documents\HLS_Work\fpga-hls-libraries\vision\demo_designs\PF_Video_kit\libero\vision_pipeline\component\Actel\DirectCore\COREAXI4INTERCONNECT\2.8.103\rtl\vlog\core\Axi4CrossBar\Revision.v'.
Reading file 'C:\Users\c79828\Documents\HLS_Work\fpga-hls-libraries\vision\demo_designs\PF_Video_kit\libero\vision_pipeline\component\Actel\DirectCore\COREAXI4INTERCONNECT\2.8.103\rtl\vlog\core\Axi4Convertors\AHB_SM.v'.
Reading file 'C:\Users\c79828\Documents\HLS_Work\fpga-hls-libraries\vision\demo_designs\PF_Video_kit\libero\vision_pipeline\component\Actel\DirectCore\COREAXI4INTERCONNECT\2.8.103\rtl\vlog\core\Axi4Convertors\AHBL_Ctrl.v'.
Reading file 'C:\Users\c79828\Documents\HLS_Work\fpga-hls-libraries\vision\demo_designs\PF_Video_kit\libero\vision_pipeline\component\Actel\DirectCore\COREAXI4INTERCONNECT\2.8.103\rtl\vlog\core\Axi4Convertors\AXI4_Read_Ctrl.v'.
Reading file 'C:\Users\c79828\Documents\HLS_Work\fpga-hls-libraries\vision\demo_designs\PF_Video_kit\libero\vision_pipeline\component\Actel\DirectCore\COREAXI4INTERCONNECT\2.8.103\rtl\vlog\core\Axi4Convertors\AXI4_Write_Ctrl.v'.
Reading file 'C:\Users\c79828\Documents\HLS_Work\fpga-hls-libraries\vision\demo_designs\PF_Video_kit\libero\vision_pipeline\component\Actel\DirectCore\COREAXI4INTERCONNECT\2.8.103\rtl\vlog\core\Axi4Convertors\MstrAHBtoAXI4Converter.v'.
Reading file 'C:\Users\c79828\Documents\HLS_Work\fpga-hls-libraries\vision\demo_designs\PF_Video_kit\libero\vision_pipeline\component\Actel\DirectCore\COREAXI4INTERCONNECT\2.8.103\rtl\vlog\core\Axi4Convertors\FIFO.v'.
Reading file 'C:\Users\c79828\Documents\HLS_Work\fpga-hls-libraries\vision\demo_designs\PF_Video_kit\libero\vision_pipeline\component\Actel\DirectCore\COREAXI4INTERCONNECT\2.8.103\rtl\vlog\core\Axi4Convertors\FIFO_CTRL.v'.
Reading file 'C:\Users\c79828\Documents\HLS_Work\fpga-hls-libraries\vision\demo_designs\PF_Video_kit\libero\vision_pipeline\component\Actel\DirectCore\COREAXI4INTERCONNECT\2.8.103\rtl\vlog\core\Axi4Convertors\RAM_BLOCK.v'.
Reading file 'C:\Users\c79828\Documents\HLS_Work\fpga-hls-libraries\vision\demo_designs\PF_Video_kit\libero\vision_pipeline\component\Actel\DirectCore\COREAXI4INTERCONNECT\2.8.103\rtl\vlog\core\Axi4Convertors\UpConverter.v'.
Reading file 'C:\Users\c79828\Documents\HLS_Work\fpga-hls-libraries\vision\demo_designs\PF_Video_kit\libero\vision_pipeline\component\Actel\DirectCore\COREAXI4INTERCONNECT\2.8.103\rtl\vlog\core\Axi4Convertors\DownConverter.v'.
Reading file 'C:\Users\c79828\Documents\HLS_Work\fpga-hls-libraries\vision\demo_designs\PF_Video_kit\libero\vision_pipeline\component\Actel\DirectCore\COREAXI4INTERCONNECT\2.8.103\rtl\vlog\core\Axi4Convertors\DWC_DownConv_CmdFifoWriteCtrl.v'.
Reading file 'C:\Users\c79828\Documents\HLS_Work\fpga-hls-libraries\vision\demo_designs\PF_Video_kit\libero\vision_pipeline\component\Actel\DirectCore\COREAXI4INTERCONNECT\2.8.103\rtl\vlog\core\Axi4Convertors\DWC_DownConv_readWidthConv.v'.
Reading file 'C:\Users\c79828\Documents\HLS_Work\fpga-hls-libraries\vision\demo_designs\PF_Video_kit\libero\vision_pipeline\component\Actel\DirectCore\COREAXI4INTERCONNECT\2.8.103\rtl\vlog\core\Axi4Convertors\DWC_DownConv_widthConvrd.v'.
Reading file 'C:\Users\c79828\Documents\HLS_Work\fpga-hls-libraries\vision\demo_designs\PF_Video_kit\libero\vision_pipeline\component\Actel\DirectCore\COREAXI4INTERCONNECT\2.8.103\rtl\vlog\core\Axi4Convertors\DWC_DownConv_widthConvwr.v'.
Reading file 'C:\Users\c79828\Documents\HLS_Work\fpga-hls-libraries\vision\demo_designs\PF_Video_kit\libero\vision_pipeline\component\Actel\DirectCore\COREAXI4INTERCONNECT\2.8.103\rtl\vlog\core\Axi4Convertors\DWC_DownConv_writeWidthConv.v'.
Reading file 'C:\Users\c79828\Documents\HLS_Work\fpga-hls-libraries\vision\demo_designs\PF_Video_kit\libero\vision_pipeline\component\Actel\DirectCore\COREAXI4INTERCONNECT\2.8.103\rtl\vlog\core\Axi4Convertors\DWC_UpConv_AChannel.v'.
Reading file 'C:\Users\c79828\Documents\HLS_Work\fpga-hls-libraries\vision\demo_designs\PF_Video_kit\libero\vision_pipeline\component\Actel\DirectCore\COREAXI4INTERCONNECT\2.8.103\rtl\vlog\core\Axi4Convertors\DWC_UpConv_BChannel.v'.
Reading file 'C:\Users\c79828\Documents\HLS_Work\fpga-hls-libraries\vision\demo_designs\PF_Video_kit\libero\vision_pipeline\component\Actel\DirectCore\COREAXI4INTERCONNECT\2.8.103\rtl\vlog\core\Axi4Convertors\DWC_UpConv_RChannel.v'.
Reading file 'C:\Users\c79828\Documents\HLS_Work\fpga-hls-libraries\vision\demo_designs\PF_Video_kit\libero\vision_pipeline\component\Actel\DirectCore\COREAXI4INTERCONNECT\2.8.103\rtl\vlog\core\Axi4Convertors\DWC_UpConv_RChan_Ctrl.v'.
Reading file 'C:\Users\c79828\Documents\HLS_Work\fpga-hls-libraries\vision\demo_designs\PF_Video_kit\libero\vision_pipeline\component\Actel\DirectCore\COREAXI4INTERCONNECT\2.8.103\rtl\vlog\core\Axi4Convertors\DWC_UpConv_WChannel.v'.
Reading file 'C:\Users\c79828\Documents\HLS_Work\fpga-hls-libraries\vision\demo_designs\PF_Video_kit\libero\vision_pipeline\component\Actel\DirectCore\COREAXI4INTERCONNECT\2.8.103\rtl\vlog\core\Axi4Convertors\DWC_UpConv_WChan_ReadDataFifoCtrl.v'.
Reading file 'C:\Users\c79828\Documents\HLS_Work\fpga-hls-libraries\vision\demo_designs\PF_Video_kit\libero\vision_pipeline\component\Actel\DirectCore\COREAXI4INTERCONNECT\2.8.103\rtl\vlog\core\Axi4Convertors\DWC_UpConv_Wchan_WriteDataFifoCtrl.v'.
Reading file 'C:\Users\c79828\Documents\HLS_Work\fpga-hls-libraries\vision\demo_designs\PF_Video_kit\libero\vision_pipeline\component\Actel\DirectCore\COREAXI4INTERCONNECT\2.8.103\rtl\vlog\core\Axi4Convertors\FIFO_downsizing.v'.
Reading file 'C:\Users\c79828\Documents\HLS_Work\fpga-hls-libraries\vision\demo_designs\PF_Video_kit\libero\vision_pipeline\component\Actel\DirectCore\COREAXI4INTERCONNECT\2.8.103\rtl\vlog\core\Axi4Convertors\FIFO_upsizing.v'.
Reading file 'C:\Users\c79828\Documents\HLS_Work\fpga-hls-libraries\vision\demo_designs\PF_Video_kit\libero\vision_pipeline\component\Actel\DirectCore\COREAXI4INTERCONNECT\2.8.103\rtl\vlog\core\Axi4Convertors\DWC_DownConv_Hold_Reg_Rd.v'.
Reading file 'C:\Users\c79828\Documents\HLS_Work\fpga-hls-libraries\vision\demo_designs\PF_Video_kit\libero\vision_pipeline\component\Actel\DirectCore\COREAXI4INTERCONNECT\2.8.103\rtl\vlog\core\Axi4Convertors\DWC_DownConv_Hold_Reg_Wr.v'.
Reading file 'C:\Users\c79828\Documents\HLS_Work\fpga-hls-libraries\vision\demo_designs\PF_Video_kit\libero\vision_pipeline\component\Actel\DirectCore\COREAXI4INTERCONNECT\2.8.103\rtl\vlog\core\Axi4Convertors\Hold_Reg_Ctrl.v'.
Reading file 'C:\Users\c79828\Documents\HLS_Work\fpga-hls-libraries\vision\demo_designs\PF_Video_kit\libero\vision_pipeline\component\Actel\DirectCore\COREAXI4INTERCONNECT\2.8.103\rtl\vlog\core\Axi4CrossBar\MasterAddressDecoder.v'.
Reading file 'C:\Users\c79828\Documents\HLS_Work\fpga-hls-libraries\vision\demo_designs\PF_Video_kit\libero\vision_pipeline\component\Actel\DirectCore\COREAXI4INTERCONNECT\2.8.103\rtl\vlog\core\Axi4Convertors\Bin2Gray.v'.
Reading file 'C:\Users\c79828\Documents\HLS_Work\fpga-hls-libraries\vision\demo_designs\PF_Video_kit\libero\vision_pipeline\component\Actel\DirectCore\COREAXI4INTERCONNECT\2.8.103\rtl\vlog\core\Axi4Convertors\CDC_FIFO.v'.
Reading file 'C:\Users\c79828\Documents\HLS_Work\fpga-hls-libraries\vision\demo_designs\PF_Video_kit\libero\vision_pipeline\component\Actel\DirectCore\COREAXI4INTERCONNECT\2.8.103\rtl\vlog\core\Axi4Convertors\CDC_grayCodeCounter.v'.
Reading file 'C:\Users\c79828\Documents\HLS_Work\fpga-hls-libraries\vision\demo_designs\PF_Video_kit\libero\vision_pipeline\component\Actel\DirectCore\COREAXI4INTERCONNECT\2.8.103\rtl\vlog\core\Axi4Convertors\CDC_rdCtrl.v'.
Reading file 'C:\Users\c79828\Documents\HLS_Work\fpga-hls-libraries\vision\demo_designs\PF_Video_kit\libero\vision_pipeline\component\Actel\DirectCore\COREAXI4INTERCONNECT\2.8.103\rtl\vlog\core\Axi4Convertors\CDC_wrCtrl.v'.
Reading file 'C:\Users\c79828\Documents\HLS_Work\fpga-hls-libraries\vision\demo_designs\PF_Video_kit\libero\vision_pipeline\component\Actel\DirectCore\COREAXI4INTERCONNECT\2.8.103\rtl\vlog\core\Axi4Convertors\MstrClockDomainCrossing.v'.
Reading file 'C:\Users\c79828\Documents\HLS_Work\fpga-hls-libraries\vision\demo_designs\PF_Video_kit\libero\vision_pipeline\component\Actel\DirectCore\COREAXI4INTERCONNECT\2.8.103\rtl\vlog\core\Axi4Convertors\SlvClockDomainCrossing.v'.
Reading file 'C:\Users\c79828\Documents\HLS_Work\fpga-hls-libraries\vision\demo_designs\PF_Video_kit\libero\vision_pipeline\component\Actel\DirectCore\COREAXI4INTERCONNECT\2.8.103\rtl\vlog\core\Axi4Convertors\byte2bit.v'.
Reading file 'C:\Users\c79828\Documents\HLS_Work\fpga-hls-libraries\vision\demo_designs\PF_Video_kit\libero\vision_pipeline\component\Actel\DirectCore\COREAXI4INTERCONNECT\2.8.103\rtl\vlog\core\Axi4Convertors\DWC_DownConv_preCalcCmdFifoWrCtrl.v'.
Reading file 'C:\Users\c79828\Documents\HLS_Work\fpga-hls-libraries\vision\demo_designs\PF_Video_kit\libero\vision_pipeline\component\Actel\DirectCore\COREAXI4INTERCONNECT\2.8.103\rtl\vlog\core\Axi4Convertors\DWC_UpConv_preCalcAChannel.v'.
Reading file 'C:\Users\c79828\Documents\HLS_Work\fpga-hls-libraries\vision\demo_designs\PF_Video_kit\libero\vision_pipeline\component\Actel\DirectCore\COREAXI4INTERCONNECT\2.8.103\rtl\vlog\core\Axi4Convertors\DWC_UpConv_preCalcRChan_Ctrl.v'.
Reading file 'C:\Users\c79828\Documents\HLS_Work\fpga-hls-libraries\vision\demo_designs\PF_Video_kit\libero\vision_pipeline\component\Actel\DirectCore\COREAXI4INTERCONNECT\2.8.103\rtl\vlog\core\Axi4Convertors\DWC_UpConv_WChan_Hold_Reg.v'.
Reading file 'C:\Users\c79828\Documents\HLS_Work\fpga-hls-libraries\vision\demo_designs\PF_Video_kit\libero\vision_pipeline\component\Actel\DirectCore\COREAXI4INTERCONNECT\2.8.103\rtl\vlog\core\Axi4Convertors\SlvAxi4ProtConvAXI4ID.v'.
Reading file 'C:\Users\c79828\Documents\HLS_Work\fpga-hls-libraries\vision\demo_designs\PF_Video_kit\libero\vision_pipeline\component\Actel\DirectCore\COREAXI4INTERCONNECT\2.8.103\rtl\vlog\core\Axi4Convertors\DWC_brespCtrl.v'.
Reading file 'C:\Users\c79828\Documents\HLS_Work\fpga-hls-libraries\vision\demo_designs\PF_Video_kit\libero\vision_pipeline\component\Actel\DirectCore\COREAXI4INTERCONNECT\2.8.103\rtl\vlog\core\Axi4Convertors\DWC_UpConv_RChannel_SlvRid_Arb.v'.
Reading file 'C:\Users\c79828\Documents\HLS_Work\fpga-hls-libraries\vision\demo_designs\PF_Video_kit\libero\vision_pipeline\component\Actel\DirectCore\COREAXI4INTERCONNECT\2.8.103\sim\AHBModel\AHBL_Master.v'.
Reading file 'C:\Users\c79828\Documents\HLS_Work\fpga-hls-libraries\vision\demo_designs\PF_Video_kit\libero\vision_pipeline\component\Actel\DirectCore\COREAXI4INTERCONNECT\2.8.103\sim\AXI4Models\Axi4MasterGen.v'.
Reading file 'C:\Users\c79828\Documents\HLS_Work\fpga-hls-libraries\vision\demo_designs\PF_Video_kit\libero\vision_pipeline\component\Actel\DirectCore\COREAXI4INTERCONNECT\2.8.103\sim\AXI4Models\Axi4SlaveGen.v'.
Reading file 'C:\Users\c79828\Documents\HLS_Work\fpga-hls-libraries\vision\demo_designs\PF_Video_kit\libero\vision_pipeline\component\Actel\DirectCore\COREAXI4INTERCONNECT\2.8.103\sim\AXI4Models\AxiMaster.v'.
Reading file 'C:\Users\c79828\Documents\HLS_Work\fpga-hls-libraries\vision\demo_designs\PF_Video_kit\libero\vision_pipeline\component\Actel\DirectCore\COREAXI4INTERCONNECT\2.8.103\sim\User_Test.v'.
Reading file 'C:\Users\c79828\Documents\HLS_Work\fpga-hls-libraries\vision\demo_designs\PF_Video_kit\libero\vision_pipeline\component\Actel\DirectCore\COREAXI4INTERCONNECT\2.8.103\sim\AXI4Models\DualPort_Ram_SyncWr_ASyncRd.v'.
Reading file 'C:\Users\c79828\Documents\HLS_Work\fpga-hls-libraries\vision\demo_designs\PF_Video_kit\libero\vision_pipeline\component\work\COREI2C_C0\COREI2C_C0.v'.
Reading file 'C:\Users\c79828\Documents\HLS_Work\fpga-hls-libraries\vision\demo_designs\PF_Video_kit\libero\vision_pipeline\component\Actel\DirectCore\COREI2C\7.2.101\rtl\vlog\core\corei2creal.v'.
Reading file 'C:\Users\c79828\Documents\HLS_Work\fpga-hls-libraries\vision\demo_designs\PF_Video_kit\libero\vision_pipeline\component\Actel\DirectCore\COREI2C\7.2.101\rtl\vlog\test\user\i2c_spk.v'.
Reading file 'C:\Users\c79828\Documents\HLS_Work\fpga-hls-libraries\vision\demo_designs\PF_Video_kit\libero\vision_pipeline\component\work\COREI2C_C0\COREI2C_C0_0\rtl\vlog\core\corei2c.v'.
Reading file 'C:\Users\c79828\Documents\HLS_Work\fpga-hls-libraries\vision\demo_designs\PF_Video_kit\libero\vision_pipeline\component\Actel\DirectCore\COREI2C\7.2.101\rtl\vlog\test\user\i2c_spk.v'.
Reading file 'C:\Users\c79828\Documents\HLS_Work\fpga-hls-libraries\vision\demo_designs\PF_Video_kit\libero\vision_pipeline\component\work\COREI2C_C0\COREI2C_C0_0\rtl\vlog\test\user\tb_user_corei2c.v'.
Reading file 'C:\Users\c79828\Documents\HLS_Work\fpga-hls-libraries\vision\demo_designs\PF_Video_kit\libero\vision_pipeline\component\work\COREI2C_C0\COREI2C_C0_0\coreparameters.v'.
Reading file 'C:\Users\c79828\Documents\HLS_Work\fpga-hls-libraries\vision\demo_designs\PF_Video_kit\libero\vision_pipeline\component\work\CORERESET_PF_C0\CORERESET_PF_C0.v'.
Reading file 'C:\Users\c79828\Documents\HLS_Work\fpga-hls-libraries\vision\demo_designs\PF_Video_kit\libero\vision_pipeline\component\work\CORERESET_PF_C0\CORERESET_PF_C0_0\core\corereset_pf.v'.
Reading file 'C:\Users\c79828\Documents\HLS_Work\fpga-hls-libraries\vision\demo_designs\PF_Video_kit\libero\vision_pipeline\component\work\CORERESET_PF_C0\CORERESET_PF_C0_0\test\corereset_pf_tb.v'.
Reading file 'C:\Users\c79828\Documents\HLS_Work\fpga-hls-libraries\vision\demo_designs\PF_Video_kit\libero\vision_pipeline\component\work\CORERESET_PF_C1\CORERESET_PF_C1.v'.
Reading file 'C:\Users\c79828\Documents\HLS_Work\fpga-hls-libraries\vision\demo_designs\PF_Video_kit\libero\vision_pipeline\component\work\CORERESET_PF_C1\CORERESET_PF_C1_0\core\corereset_pf.v'.
Reading file 'C:\Users\c79828\Documents\HLS_Work\fpga-hls-libraries\vision\demo_designs\PF_Video_kit\libero\vision_pipeline\component\work\CORERESET_PF_C1\CORERESET_PF_C1_0\test\corereset_pf_tb.v'.
Reading file 'C:\Users\c79828\Documents\HLS_Work\fpga-hls-libraries\vision\demo_designs\PF_Video_kit\libero\vision_pipeline\component\work\CORERESET_PF_C2\CORERESET_PF_C2.v'.
Reading file 'C:\Users\c79828\Documents\HLS_Work\fpga-hls-libraries\vision\demo_designs\PF_Video_kit\libero\vision_pipeline\component\work\CORERESET_PF_C2\CORERESET_PF_C2_0\core\corereset_pf.v'.
Reading file 'C:\Users\c79828\Documents\HLS_Work\fpga-hls-libraries\vision\demo_designs\PF_Video_kit\libero\vision_pipeline\component\work\CORERESET_PF_C2\CORERESET_PF_C2_0\test\corereset_pf_tb.v'.
Reading file 'C:\Users\c79828\Documents\HLS_Work\fpga-hls-libraries\vision\demo_designs\PF_Video_kit\libero\vision_pipeline\component\work\CORERESET_PF_C3\CORERESET_PF_C3.v'.
Reading file 'C:\Users\c79828\Documents\HLS_Work\fpga-hls-libraries\vision\demo_designs\PF_Video_kit\libero\vision_pipeline\component\work\CORERESET_PF_C3\CORERESET_PF_C3_0\core\corereset_pf.v'.
Reading file 'C:\Users\c79828\Documents\HLS_Work\fpga-hls-libraries\vision\demo_designs\PF_Video_kit\libero\vision_pipeline\component\work\CORERESET_PF_C3\CORERESET_PF_C3_0\test\corereset_pf_tb.v'.
Reading file 'C:\Users\c79828\Documents\HLS_Work\fpga-hls-libraries\vision\demo_designs\PF_Video_kit\libero\vision_pipeline\component\work\CORERXIODBITALIGN_C0\CORERXIODBITALIGN_C0.v'.
Reading file 'C:\Users\c79828\Documents\HLS_Work\fpga-hls-libraries\vision\demo_designs\PF_Video_kit\libero\vision_pipeline\component\work\CORERXIODBITALIGN_C0\CORERXIODBITALIGN_C0_0\rtl\vlog\core\CoreRxIODBitAlign.v'.
Reading file 'C:\Users\c79828\Documents\HLS_Work\fpga-hls-libraries\vision\demo_designs\PF_Video_kit\libero\vision_pipeline\component\work\CORERXIODBITALIGN_C0\CORERXIODBITALIGN_C0_0\rtl\vlog\core\CoreRxIODBitAlign_top.v'.
Reading file 'C:\Users\c79828\Documents\HLS_Work\fpga-hls-libraries\vision\demo_designs\PF_Video_kit\libero\vision_pipeline\component\work\CORERXIODBITALIGN_C0\CORERXIODBITALIGN_C0_0\rtl\vlog\test\user\prbscheck_parallel_fab_x4.v'.
Reading file 'C:\Users\c79828\Documents\HLS_Work\fpga-hls-libraries\vision\demo_designs\PF_Video_kit\libero\vision_pipeline\component\work\CORERXIODBITALIGN_C0\CORERXIODBITALIGN_C0_0\rtl\vlog\test\user\prbsgen_parallel_fab_x4.v'.
Reading file 'C:\Users\c79828\Documents\HLS_Work\fpga-hls-libraries\vision\demo_designs\PF_Video_kit\libero\vision_pipeline\component\work\CORERXIODBITALIGN_C0\CORERXIODBITALIGN_C0_0\rtl\vlog\test\user\rev_bits_x4.v'.
Reading file 'C:\Users\c79828\Documents\HLS_Work\fpga-hls-libraries\vision\demo_designs\PF_Video_kit\libero\vision_pipeline\component\work\CORERXIODBITALIGN_C0\CORERXIODBITALIGN_C0_0\rtl\vlog\test\user\CCC_COMP_CCC_COMP_0_PF_CCC.v'.
Reading file 'C:\Users\c79828\Documents\HLS_Work\fpga-hls-libraries\vision\demo_designs\PF_Video_kit\libero\vision_pipeline\component\work\CORERXIODBITALIGN_C0\CORERXIODBITALIGN_C0_0\rtl\vlog\test\user\CCC_COMP.v'.
Reading file 'C:\Users\c79828\Documents\HLS_Work\fpga-hls-libraries\vision\demo_designs\PF_Video_kit\libero\vision_pipeline\component\work\CORERXIODBITALIGN_C0\CORERXIODBITALIGN_C0_0\rtl\vlog\test\user\CORERXIODBITALIGN_C0.v'.
Reading file 'C:\Users\c79828\Documents\HLS_Work\fpga-hls-libraries\vision\demo_designs\PF_Video_kit\libero\vision_pipeline\component\work\CORERXIODBITALIGN_C0\CORERXIODBITALIGN_C0_0\rtl\vlog\test\user\RXIOD_COMP_PF_CLK_DIV_FIFO_PF_CLK_DIV_DELAY.v'.
Reading file 'C:\Users\c79828\Documents\HLS_Work\fpga-hls-libraries\vision\demo_designs\PF_Video_kit\libero\vision_pipeline\component\work\CORERXIODBITALIGN_C0\CORERXIODBITALIGN_C0_0\rtl\vlog\test\user\RXIOD_COMP_PF_CLK_DIV_RXCLK_PF_CLK_DIV_DELAY.v'.
Reading file 'C:\Users\c79828\Documents\HLS_Work\fpga-hls-libraries\vision\demo_designs\PF_Video_kit\libero\vision_pipeline\component\work\CORERXIODBITALIGN_C0\CORERXIODBITALIGN_C0_0\rtl\vlog\test\user\RXIOD_COMP_PF_IOD_CLK_TRAINING_PF_IOD.v'.
Reading file 'C:\Users\c79828\Documents\HLS_Work\fpga-hls-libraries\vision\demo_designs\PF_Video_kit\libero\vision_pipeline\component\work\CORERXIODBITALIGN_C0\CORERXIODBITALIGN_C0_0\rtl\vlog\test\user\RXIOD_COMP_PF_IOD_RX_PF_IOD.v'.
Reading file 'C:\Users\c79828\Documents\HLS_Work\fpga-hls-libraries\vision\demo_designs\PF_Video_kit\libero\vision_pipeline\component\work\CORERXIODBITALIGN_C0\CORERXIODBITALIGN_C0_0\rtl\vlog\test\user\PF_LANECTRL_PAUSE_SYNC.v'.
Reading file 'C:\Users\c79828\Documents\HLS_Work\fpga-hls-libraries\vision\demo_designs\PF_Video_kit\libero\vision_pipeline\component\work\CORERXIODBITALIGN_C0\CORERXIODBITALIGN_C0_0\rtl\vlog\test\user\RXIOD_COMP_PF_LANECTRL_0_PF_LANECTRL.v'.
Reading file 'C:\Users\c79828\Documents\HLS_Work\fpga-hls-libraries\vision\demo_designs\PF_Video_kit\libero\vision_pipeline\component\work\CORERXIODBITALIGN_C0\CORERXIODBITALIGN_C0_0\rtl\vlog\test\user\PLL_BclkSclkAlign.v'.
Reading file 'C:\Users\c79828\Documents\HLS_Work\fpga-hls-libraries\vision\demo_designs\PF_Video_kit\libero\vision_pipeline\component\work\CORERXIODBITALIGN_C0\CORERXIODBITALIGN_C0_0\rtl\vlog\test\user\ICB_BclkSclkAlign.v'.
Reading file 'C:\Users\c79828\Documents\HLS_Work\fpga-hls-libraries\vision\demo_designs\PF_Video_kit\libero\vision_pipeline\component\work\CORERXIODBITALIGN_C0\CORERXIODBITALIGN_C0_0\rtl\vlog\test\user\CoreBclkSclkAlign.v'.
Reading file 'C:\Users\c79828\Documents\HLS_Work\fpga-hls-libraries\vision\demo_designs\PF_Video_kit\libero\vision_pipeline\component\work\CORERXIODBITALIGN_C0\CORERXIODBITALIGN_C0_0\rtl\vlog\test\user\RXIOD_COMP_TR.v'.
Reading file 'C:\Users\c79828\Documents\HLS_Work\fpga-hls-libraries\vision\demo_designs\PF_Video_kit\libero\vision_pipeline\component\work\CORERXIODBITALIGN_C0\CORERXIODBITALIGN_C0_0\rtl\vlog\test\user\RXIOD_COMP.v'.
Reading file 'C:\Users\c79828\Documents\HLS_Work\fpga-hls-libraries\vision\demo_designs\PF_Video_kit\libero\vision_pipeline\component\work\CORERXIODBITALIGN_C0\CORERXIODBITALIGN_C0_0\rtl\vlog\test\user\PF_LANECTRL_PAUSE_SYNC1.v'.
Reading file 'C:\Users\c79828\Documents\HLS_Work\fpga-hls-libraries\vision\demo_designs\PF_Video_kit\libero\vision_pipeline\component\work\CORERXIODBITALIGN_C0\CORERXIODBITALIGN_C0_0\rtl\vlog\test\user\TXIOD_COMP_LANECTRL_ADDR_CMD_0_PF_LANECTRL.v'.
Reading file 'C:\Users\c79828\Documents\HLS_Work\fpga-hls-libraries\vision\demo_designs\PF_Video_kit\libero\vision_pipeline\component\work\CORERXIODBITALIGN_C0\CORERXIODBITALIGN_C0_0\rtl\vlog\test\user\TXIOD_COMP_PF_IOD_TX_CLK_PF_IOD.v'.
Reading file 'C:\Users\c79828\Documents\HLS_Work\fpga-hls-libraries\vision\demo_designs\PF_Video_kit\libero\vision_pipeline\component\work\CORERXIODBITALIGN_C0\CORERXIODBITALIGN_C0_0\rtl\vlog\test\user\TXIOD_COMP_PF_IOD_TX_PF_IOD.v'.
Reading file 'C:\Users\c79828\Documents\HLS_Work\fpga-hls-libraries\vision\demo_designs\PF_Video_kit\libero\vision_pipeline\component\work\CORERXIODBITALIGN_C0\CORERXIODBITALIGN_C0_0\rtl\vlog\test\user\TXIOD_COMP.v'.
Reading file 'C:\Users\c79828\Documents\HLS_Work\fpga-hls-libraries\vision\demo_designs\PF_Video_kit\libero\vision_pipeline\component\work\CORERXIODBITALIGN_C0\CORERXIODBITALIGN_C0_0\rtl\vlog\test\user\CoreRxIODBitAlign_SD_wrap.v'.
Reading file 'C:\Users\c79828\Documents\HLS_Work\fpga-hls-libraries\vision\demo_designs\PF_Video_kit\libero\vision_pipeline\component\work\CORERXIODBITALIGN_C0\CORERXIODBITALIGN_C0_0\rtl\vlog\test\user\testbench.v'.
Reading file 'C:\Users\c79828\Documents\HLS_Work\fpga-hls-libraries\vision\demo_designs\PF_Video_kit\libero\vision_pipeline\component\work\CORERXIODBITALIGN_C1\CORERXIODBITALIGN_C1.v'.
Reading file 'C:\Users\c79828\Documents\HLS_Work\fpga-hls-libraries\vision\demo_designs\PF_Video_kit\libero\vision_pipeline\component\work\CORERXIODBITALIGN_C1\CORERXIODBITALIGN_C1_0\rtl\vlog\core\CoreRxIODBitAlign.v'.
Reading file 'C:\Users\c79828\Documents\HLS_Work\fpga-hls-libraries\vision\demo_designs\PF_Video_kit\libero\vision_pipeline\component\work\CORERXIODBITALIGN_C1\CORERXIODBITALIGN_C1_0\rtl\vlog\core\CoreRxIODBitAlign_top.v'.
Reading file 'C:\Users\c79828\Documents\HLS_Work\fpga-hls-libraries\vision\demo_designs\PF_Video_kit\libero\vision_pipeline\component\work\CORERXIODBITALIGN_C1\CORERXIODBITALIGN_C1_0\rtl\vlog\test\user\prbscheck_parallel_fab_x4.v'.
Reading file 'C:\Users\c79828\Documents\HLS_Work\fpga-hls-libraries\vision\demo_designs\PF_Video_kit\libero\vision_pipeline\component\work\CORERXIODBITALIGN_C1\CORERXIODBITALIGN_C1_0\rtl\vlog\test\user\prbsgen_parallel_fab_x4.v'.
Reading file 'C:\Users\c79828\Documents\HLS_Work\fpga-hls-libraries\vision\demo_designs\PF_Video_kit\libero\vision_pipeline\component\work\CORERXIODBITALIGN_C1\CORERXIODBITALIGN_C1_0\rtl\vlog\test\user\rev_bits_x4.v'.
Reading file 'C:\Users\c79828\Documents\HLS_Work\fpga-hls-libraries\vision\demo_designs\PF_Video_kit\libero\vision_pipeline\component\work\CORERXIODBITALIGN_C1\CORERXIODBITALIGN_C1_0\rtl\vlog\test\user\CCC_COMP_CCC_COMP_0_PF_CCC.v'.
Reading file 'C:\Users\c79828\Documents\HLS_Work\fpga-hls-libraries\vision\demo_designs\PF_Video_kit\libero\vision_pipeline\component\work\CORERXIODBITALIGN_C1\CORERXIODBITALIGN_C1_0\rtl\vlog\test\user\CCC_COMP.v'.
Reading file 'C:\Users\c79828\Documents\HLS_Work\fpga-hls-libraries\vision\demo_designs\PF_Video_kit\libero\vision_pipeline\component\work\CORERXIODBITALIGN_C1\CORERXIODBITALIGN_C1_0\rtl\vlog\test\user\CORERXIODBITALIGN_C0.v'.
Reading file 'C:\Users\c79828\Documents\HLS_Work\fpga-hls-libraries\vision\demo_designs\PF_Video_kit\libero\vision_pipeline\component\work\CORERXIODBITALIGN_C1\CORERXIODBITALIGN_C1_0\rtl\vlog\test\user\RXIOD_COMP_PF_CLK_DIV_FIFO_PF_CLK_DIV_DELAY.v'.
Reading file 'C:\Users\c79828\Documents\HLS_Work\fpga-hls-libraries\vision\demo_designs\PF_Video_kit\libero\vision_pipeline\component\work\CORERXIODBITALIGN_C1\CORERXIODBITALIGN_C1_0\rtl\vlog\test\user\RXIOD_COMP_PF_CLK_DIV_RXCLK_PF_CLK_DIV_DELAY.v'.
Reading file 'C:\Users\c79828\Documents\HLS_Work\fpga-hls-libraries\vision\demo_designs\PF_Video_kit\libero\vision_pipeline\component\work\CORERXIODBITALIGN_C1\CORERXIODBITALIGN_C1_0\rtl\vlog\test\user\RXIOD_COMP_PF_IOD_CLK_TRAINING_PF_IOD.v'.
Reading file 'C:\Users\c79828\Documents\HLS_Work\fpga-hls-libraries\vision\demo_designs\PF_Video_kit\libero\vision_pipeline\component\work\CORERXIODBITALIGN_C1\CORERXIODBITALIGN_C1_0\rtl\vlog\test\user\RXIOD_COMP_PF_IOD_RX_PF_IOD.v'.
Reading file 'C:\Users\c79828\Documents\HLS_Work\fpga-hls-libraries\vision\demo_designs\PF_Video_kit\libero\vision_pipeline\component\work\CORERXIODBITALIGN_C1\CORERXIODBITALIGN_C1_0\rtl\vlog\test\user\PF_LANECTRL_PAUSE_SYNC.v'.
Reading file 'C:\Users\c79828\Documents\HLS_Work\fpga-hls-libraries\vision\demo_designs\PF_Video_kit\libero\vision_pipeline\component\work\CORERXIODBITALIGN_C1\CORERXIODBITALIGN_C1_0\rtl\vlog\test\user\RXIOD_COMP_PF_LANECTRL_0_PF_LANECTRL.v'.
Reading file 'C:\Users\c79828\Documents\HLS_Work\fpga-hls-libraries\vision\demo_designs\PF_Video_kit\libero\vision_pipeline\component\work\CORERXIODBITALIGN_C1\CORERXIODBITALIGN_C1_0\rtl\vlog\test\user\PLL_BclkSclkAlign.v'.
Reading file 'C:\Users\c79828\Documents\HLS_Work\fpga-hls-libraries\vision\demo_designs\PF_Video_kit\libero\vision_pipeline\component\work\CORERXIODBITALIGN_C1\CORERXIODBITALIGN_C1_0\rtl\vlog\test\user\ICB_BclkSclkAlign.v'.
Reading file 'C:\Users\c79828\Documents\HLS_Work\fpga-hls-libraries\vision\demo_designs\PF_Video_kit\libero\vision_pipeline\component\work\CORERXIODBITALIGN_C1\CORERXIODBITALIGN_C1_0\rtl\vlog\test\user\CoreBclkSclkAlign.v'.
Reading file 'C:\Users\c79828\Documents\HLS_Work\fpga-hls-libraries\vision\demo_designs\PF_Video_kit\libero\vision_pipeline\component\work\CORERXIODBITALIGN_C1\CORERXIODBITALIGN_C1_0\rtl\vlog\test\user\RXIOD_COMP_TR.v'.
Reading file 'C:\Users\c79828\Documents\HLS_Work\fpga-hls-libraries\vision\demo_designs\PF_Video_kit\libero\vision_pipeline\component\work\CORERXIODBITALIGN_C1\CORERXIODBITALIGN_C1_0\rtl\vlog\test\user\RXIOD_COMP.v'.
Reading file 'C:\Users\c79828\Documents\HLS_Work\fpga-hls-libraries\vision\demo_designs\PF_Video_kit\libero\vision_pipeline\component\work\CORERXIODBITALIGN_C1\CORERXIODBITALIGN_C1_0\rtl\vlog\test\user\PF_LANECTRL_PAUSE_SYNC1.v'.
Reading file 'C:\Users\c79828\Documents\HLS_Work\fpga-hls-libraries\vision\demo_designs\PF_Video_kit\libero\vision_pipeline\component\work\CORERXIODBITALIGN_C1\CORERXIODBITALIGN_C1_0\rtl\vlog\test\user\TXIOD_COMP_LANECTRL_ADDR_CMD_0_PF_LANECTRL.v'.
Reading file 'C:\Users\c79828\Documents\HLS_Work\fpga-hls-libraries\vision\demo_designs\PF_Video_kit\libero\vision_pipeline\component\work\CORERXIODBITALIGN_C1\CORERXIODBITALIGN_C1_0\rtl\vlog\test\user\TXIOD_COMP_PF_IOD_TX_CLK_PF_IOD.v'.
Reading file 'C:\Users\c79828\Documents\HLS_Work\fpga-hls-libraries\vision\demo_designs\PF_Video_kit\libero\vision_pipeline\component\work\CORERXIODBITALIGN_C1\CORERXIODBITALIGN_C1_0\rtl\vlog\test\user\TXIOD_COMP_PF_IOD_TX_PF_IOD.v'.
Reading file 'C:\Users\c79828\Documents\HLS_Work\fpga-hls-libraries\vision\demo_designs\PF_Video_kit\libero\vision_pipeline\component\work\CORERXIODBITALIGN_C1\CORERXIODBITALIGN_C1_0\rtl\vlog\test\user\TXIOD_COMP.v'.
Reading file 'C:\Users\c79828\Documents\HLS_Work\fpga-hls-libraries\vision\demo_designs\PF_Video_kit\libero\vision_pipeline\component\work\CORERXIODBITALIGN_C1\CORERXIODBITALIGN_C1_0\rtl\vlog\test\user\CoreRxIODBitAlign_SD_wrap.v'.
Reading file 'C:\Users\c79828\Documents\HLS_Work\fpga-hls-libraries\vision\demo_designs\PF_Video_kit\libero\vision_pipeline\component\work\CORERXIODBITALIGN_C1\CORERXIODBITALIGN_C1_0\rtl\vlog\test\user\testbench.v'.
Reading file 'C:\Users\c79828\Documents\HLS_Work\fpga-hls-libraries\vision\demo_designs\PF_Video_kit\libero\vision_pipeline\component\work\CORERXIODBITALIGN_C2\CORERXIODBITALIGN_C2.v'.
Reading file 'C:\Users\c79828\Documents\HLS_Work\fpga-hls-libraries\vision\demo_designs\PF_Video_kit\libero\vision_pipeline\component\work\CORERXIODBITALIGN_C2\CORERXIODBITALIGN_C2_0\rtl\vlog\core\CoreRxIODBitAlign.v'.
Reading file 'C:\Users\c79828\Documents\HLS_Work\fpga-hls-libraries\vision\demo_designs\PF_Video_kit\libero\vision_pipeline\component\work\CORERXIODBITALIGN_C2\CORERXIODBITALIGN_C2_0\rtl\vlog\core\CoreRxIODBitAlign_top.v'.
Reading file 'C:\Users\c79828\Documents\HLS_Work\fpga-hls-libraries\vision\demo_designs\PF_Video_kit\libero\vision_pipeline\component\work\CORERXIODBITALIGN_C2\CORERXIODBITALIGN_C2_0\rtl\vlog\test\user\prbscheck_parallel_fab_x4.v'.
Reading file 'C:\Users\c79828\Documents\HLS_Work\fpga-hls-libraries\vision\demo_designs\PF_Video_kit\libero\vision_pipeline\component\work\CORERXIODBITALIGN_C2\CORERXIODBITALIGN_C2_0\rtl\vlog\test\user\prbsgen_parallel_fab_x4.v'.
Reading file 'C:\Users\c79828\Documents\HLS_Work\fpga-hls-libraries\vision\demo_designs\PF_Video_kit\libero\vision_pipeline\component\work\CORERXIODBITALIGN_C2\CORERXIODBITALIGN_C2_0\rtl\vlog\test\user\rev_bits_x4.v'.
Reading file 'C:\Users\c79828\Documents\HLS_Work\fpga-hls-libraries\vision\demo_designs\PF_Video_kit\libero\vision_pipeline\component\work\CORERXIODBITALIGN_C2\CORERXIODBITALIGN_C2_0\rtl\vlog\test\user\CCC_COMP_CCC_COMP_0_PF_CCC.v'.
Reading file 'C:\Users\c79828\Documents\HLS_Work\fpga-hls-libraries\vision\demo_designs\PF_Video_kit\libero\vision_pipeline\component\work\CORERXIODBITALIGN_C2\CORERXIODBITALIGN_C2_0\rtl\vlog\test\user\CCC_COMP.v'.
Reading file 'C:\Users\c79828\Documents\HLS_Work\fpga-hls-libraries\vision\demo_designs\PF_Video_kit\libero\vision_pipeline\component\work\CORERXIODBITALIGN_C2\CORERXIODBITALIGN_C2_0\rtl\vlog\test\user\CORERXIODBITALIGN_C0.v'.
Reading file 'C:\Users\c79828\Documents\HLS_Work\fpga-hls-libraries\vision\demo_designs\PF_Video_kit\libero\vision_pipeline\component\work\CORERXIODBITALIGN_C2\CORERXIODBITALIGN_C2_0\rtl\vlog\test\user\RXIOD_COMP_PF_CLK_DIV_FIFO_PF_CLK_DIV_DELAY.v'.
Reading file 'C:\Users\c79828\Documents\HLS_Work\fpga-hls-libraries\vision\demo_designs\PF_Video_kit\libero\vision_pipeline\component\work\CORERXIODBITALIGN_C2\CORERXIODBITALIGN_C2_0\rtl\vlog\test\user\RXIOD_COMP_PF_CLK_DIV_RXCLK_PF_CLK_DIV_DELAY.v'.
Reading file 'C:\Users\c79828\Documents\HLS_Work\fpga-hls-libraries\vision\demo_designs\PF_Video_kit\libero\vision_pipeline\component\work\CORERXIODBITALIGN_C2\CORERXIODBITALIGN_C2_0\rtl\vlog\test\user\RXIOD_COMP_PF_IOD_CLK_TRAINING_PF_IOD.v'.
Reading file 'C:\Users\c79828\Documents\HLS_Work\fpga-hls-libraries\vision\demo_designs\PF_Video_kit\libero\vision_pipeline\component\work\CORERXIODBITALIGN_C2\CORERXIODBITALIGN_C2_0\rtl\vlog\test\user\RXIOD_COMP_PF_IOD_RX_PF_IOD.v'.
Reading file 'C:\Users\c79828\Documents\HLS_Work\fpga-hls-libraries\vision\demo_designs\PF_Video_kit\libero\vision_pipeline\component\work\CORERXIODBITALIGN_C2\CORERXIODBITALIGN_C2_0\rtl\vlog\test\user\PF_LANECTRL_PAUSE_SYNC.v'.
Reading file 'C:\Users\c79828\Documents\HLS_Work\fpga-hls-libraries\vision\demo_designs\PF_Video_kit\libero\vision_pipeline\component\work\CORERXIODBITALIGN_C2\CORERXIODBITALIGN_C2_0\rtl\vlog\test\user\RXIOD_COMP_PF_LANECTRL_0_PF_LANECTRL.v'.
Reading file 'C:\Users\c79828\Documents\HLS_Work\fpga-hls-libraries\vision\demo_designs\PF_Video_kit\libero\vision_pipeline\component\work\CORERXIODBITALIGN_C2\CORERXIODBITALIGN_C2_0\rtl\vlog\test\user\PLL_BclkSclkAlign.v'.
Reading file 'C:\Users\c79828\Documents\HLS_Work\fpga-hls-libraries\vision\demo_designs\PF_Video_kit\libero\vision_pipeline\component\work\CORERXIODBITALIGN_C2\CORERXIODBITALIGN_C2_0\rtl\vlog\test\user\ICB_BclkSclkAlign.v'.
Reading file 'C:\Users\c79828\Documents\HLS_Work\fpga-hls-libraries\vision\demo_designs\PF_Video_kit\libero\vision_pipeline\component\work\CORERXIODBITALIGN_C2\CORERXIODBITALIGN_C2_0\rtl\vlog\test\user\CoreBclkSclkAlign.v'.
Reading file 'C:\Users\c79828\Documents\HLS_Work\fpga-hls-libraries\vision\demo_designs\PF_Video_kit\libero\vision_pipeline\component\work\CORERXIODBITALIGN_C2\CORERXIODBITALIGN_C2_0\rtl\vlog\test\user\RXIOD_COMP_TR.v'.
Reading file 'C:\Users\c79828\Documents\HLS_Work\fpga-hls-libraries\vision\demo_designs\PF_Video_kit\libero\vision_pipeline\component\work\CORERXIODBITALIGN_C2\CORERXIODBITALIGN_C2_0\rtl\vlog\test\user\RXIOD_COMP.v'.
Reading file 'C:\Users\c79828\Documents\HLS_Work\fpga-hls-libraries\vision\demo_designs\PF_Video_kit\libero\vision_pipeline\component\work\CORERXIODBITALIGN_C2\CORERXIODBITALIGN_C2_0\rtl\vlog\test\user\PF_LANECTRL_PAUSE_SYNC1.v'.
Reading file 'C:\Users\c79828\Documents\HLS_Work\fpga-hls-libraries\vision\demo_designs\PF_Video_kit\libero\vision_pipeline\component\work\CORERXIODBITALIGN_C2\CORERXIODBITALIGN_C2_0\rtl\vlog\test\user\TXIOD_COMP_LANECTRL_ADDR_CMD_0_PF_LANECTRL.v'.
Reading file 'C:\Users\c79828\Documents\HLS_Work\fpga-hls-libraries\vision\demo_designs\PF_Video_kit\libero\vision_pipeline\component\work\CORERXIODBITALIGN_C2\CORERXIODBITALIGN_C2_0\rtl\vlog\test\user\TXIOD_COMP_PF_IOD_TX_CLK_PF_IOD.v'.
Reading file 'C:\Users\c79828\Documents\HLS_Work\fpga-hls-libraries\vision\demo_designs\PF_Video_kit\libero\vision_pipeline\component\work\CORERXIODBITALIGN_C2\CORERXIODBITALIGN_C2_0\rtl\vlog\test\user\TXIOD_COMP_PF_IOD_TX_PF_IOD.v'.
Reading file 'C:\Users\c79828\Documents\HLS_Work\fpga-hls-libraries\vision\demo_designs\PF_Video_kit\libero\vision_pipeline\component\work\CORERXIODBITALIGN_C2\CORERXIODBITALIGN_C2_0\rtl\vlog\test\user\TXIOD_COMP.v'.
Reading file 'C:\Users\c79828\Documents\HLS_Work\fpga-hls-libraries\vision\demo_designs\PF_Video_kit\libero\vision_pipeline\component\work\CORERXIODBITALIGN_C2\CORERXIODBITALIGN_C2_0\rtl\vlog\test\user\CoreRxIODBitAlign_SD_wrap.v'.
Reading file 'C:\Users\c79828\Documents\HLS_Work\fpga-hls-libraries\vision\demo_designs\PF_Video_kit\libero\vision_pipeline\component\work\CORERXIODBITALIGN_C2\CORERXIODBITALIGN_C2_0\rtl\vlog\test\user\testbench.v'.
Reading file 'C:\Users\c79828\Documents\HLS_Work\fpga-hls-libraries\vision\demo_designs\PF_Video_kit\libero\vision_pipeline\component\work\CORERXIODBITALIGN_C3\CORERXIODBITALIGN_C3.v'.
Reading file 'C:\Users\c79828\Documents\HLS_Work\fpga-hls-libraries\vision\demo_designs\PF_Video_kit\libero\vision_pipeline\component\work\CORERXIODBITALIGN_C3\CORERXIODBITALIGN_C3_0\rtl\vlog\core\CoreRxIODBitAlign.v'.
Reading file 'C:\Users\c79828\Documents\HLS_Work\fpga-hls-libraries\vision\demo_designs\PF_Video_kit\libero\vision_pipeline\component\work\CORERXIODBITALIGN_C3\CORERXIODBITALIGN_C3_0\rtl\vlog\core\CoreRxIODBitAlign_top.v'.
Reading file 'C:\Users\c79828\Documents\HLS_Work\fpga-hls-libraries\vision\demo_designs\PF_Video_kit\libero\vision_pipeline\component\work\CORERXIODBITALIGN_C3\CORERXIODBITALIGN_C3_0\rtl\vlog\test\user\prbscheck_parallel_fab_x4.v'.
Reading file 'C:\Users\c79828\Documents\HLS_Work\fpga-hls-libraries\vision\demo_designs\PF_Video_kit\libero\vision_pipeline\component\work\CORERXIODBITALIGN_C3\CORERXIODBITALIGN_C3_0\rtl\vlog\test\user\prbsgen_parallel_fab_x4.v'.
Reading file 'C:\Users\c79828\Documents\HLS_Work\fpga-hls-libraries\vision\demo_designs\PF_Video_kit\libero\vision_pipeline\component\work\CORERXIODBITALIGN_C3\CORERXIODBITALIGN_C3_0\rtl\vlog\test\user\rev_bits_x4.v'.
Reading file 'C:\Users\c79828\Documents\HLS_Work\fpga-hls-libraries\vision\demo_designs\PF_Video_kit\libero\vision_pipeline\component\work\CORERXIODBITALIGN_C3\CORERXIODBITALIGN_C3_0\rtl\vlog\test\user\CCC_COMP_CCC_COMP_0_PF_CCC.v'.
Reading file 'C:\Users\c79828\Documents\HLS_Work\fpga-hls-libraries\vision\demo_designs\PF_Video_kit\libero\vision_pipeline\component\work\CORERXIODBITALIGN_C3\CORERXIODBITALIGN_C3_0\rtl\vlog\test\user\CCC_COMP.v'.
Reading file 'C:\Users\c79828\Documents\HLS_Work\fpga-hls-libraries\vision\demo_designs\PF_Video_kit\libero\vision_pipeline\component\work\CORERXIODBITALIGN_C3\CORERXIODBITALIGN_C3_0\rtl\vlog\test\user\CORERXIODBITALIGN_C0.v'.
Reading file 'C:\Users\c79828\Documents\HLS_Work\fpga-hls-libraries\vision\demo_designs\PF_Video_kit\libero\vision_pipeline\component\work\CORERXIODBITALIGN_C3\CORERXIODBITALIGN_C3_0\rtl\vlog\test\user\RXIOD_COMP_PF_CLK_DIV_FIFO_PF_CLK_DIV_DELAY.v'.
Reading file 'C:\Users\c79828\Documents\HLS_Work\fpga-hls-libraries\vision\demo_designs\PF_Video_kit\libero\vision_pipeline\component\work\CORERXIODBITALIGN_C3\CORERXIODBITALIGN_C3_0\rtl\vlog\test\user\RXIOD_COMP_PF_CLK_DIV_RXCLK_PF_CLK_DIV_DELAY.v'.
Reading file 'C:\Users\c79828\Documents\HLS_Work\fpga-hls-libraries\vision\demo_designs\PF_Video_kit\libero\vision_pipeline\component\work\CORERXIODBITALIGN_C3\CORERXIODBITALIGN_C3_0\rtl\vlog\test\user\RXIOD_COMP_PF_IOD_CLK_TRAINING_PF_IOD.v'.
Reading file 'C:\Users\c79828\Documents\HLS_Work\fpga-hls-libraries\vision\demo_designs\PF_Video_kit\libero\vision_pipeline\component\work\CORERXIODBITALIGN_C3\CORERXIODBITALIGN_C3_0\rtl\vlog\test\user\RXIOD_COMP_PF_IOD_RX_PF_IOD.v'.
Reading file 'C:\Users\c79828\Documents\HLS_Work\fpga-hls-libraries\vision\demo_designs\PF_Video_kit\libero\vision_pipeline\component\work\CORERXIODBITALIGN_C3\CORERXIODBITALIGN_C3_0\rtl\vlog\test\user\PF_LANECTRL_PAUSE_SYNC.v'.
Reading file 'C:\Users\c79828\Documents\HLS_Work\fpga-hls-libraries\vision\demo_designs\PF_Video_kit\libero\vision_pipeline\component\work\CORERXIODBITALIGN_C3\CORERXIODBITALIGN_C3_0\rtl\vlog\test\user\RXIOD_COMP_PF_LANECTRL_0_PF_LANECTRL.v'.
Reading file 'C:\Users\c79828\Documents\HLS_Work\fpga-hls-libraries\vision\demo_designs\PF_Video_kit\libero\vision_pipeline\component\work\CORERXIODBITALIGN_C3\CORERXIODBITALIGN_C3_0\rtl\vlog\test\user\PLL_BclkSclkAlign.v'.
Reading file 'C:\Users\c79828\Documents\HLS_Work\fpga-hls-libraries\vision\demo_designs\PF_Video_kit\libero\vision_pipeline\component\work\CORERXIODBITALIGN_C3\CORERXIODBITALIGN_C3_0\rtl\vlog\test\user\ICB_BclkSclkAlign.v'.
Reading file 'C:\Users\c79828\Documents\HLS_Work\fpga-hls-libraries\vision\demo_designs\PF_Video_kit\libero\vision_pipeline\component\work\CORERXIODBITALIGN_C3\CORERXIODBITALIGN_C3_0\rtl\vlog\test\user\CoreBclkSclkAlign.v'.
Reading file 'C:\Users\c79828\Documents\HLS_Work\fpga-hls-libraries\vision\demo_designs\PF_Video_kit\libero\vision_pipeline\component\work\CORERXIODBITALIGN_C3\CORERXIODBITALIGN_C3_0\rtl\vlog\test\user\RXIOD_COMP_TR.v'.
Reading file 'C:\Users\c79828\Documents\HLS_Work\fpga-hls-libraries\vision\demo_designs\PF_Video_kit\libero\vision_pipeline\component\work\CORERXIODBITALIGN_C3\CORERXIODBITALIGN_C3_0\rtl\vlog\test\user\RXIOD_COMP.v'.
Reading file 'C:\Users\c79828\Documents\HLS_Work\fpga-hls-libraries\vision\demo_designs\PF_Video_kit\libero\vision_pipeline\component\work\CORERXIODBITALIGN_C3\CORERXIODBITALIGN_C3_0\rtl\vlog\test\user\PF_LANECTRL_PAUSE_SYNC1.v'.
Reading file 'C:\Users\c79828\Documents\HLS_Work\fpga-hls-libraries\vision\demo_designs\PF_Video_kit\libero\vision_pipeline\component\work\CORERXIODBITALIGN_C3\CORERXIODBITALIGN_C3_0\rtl\vlog\test\user\TXIOD_COMP_LANECTRL_ADDR_CMD_0_PF_LANECTRL.v'.
Reading file 'C:\Users\c79828\Documents\HLS_Work\fpga-hls-libraries\vision\demo_designs\PF_Video_kit\libero\vision_pipeline\component\work\CORERXIODBITALIGN_C3\CORERXIODBITALIGN_C3_0\rtl\vlog\test\user\TXIOD_COMP_PF_IOD_TX_CLK_PF_IOD.v'.
Reading file 'C:\Users\c79828\Documents\HLS_Work\fpga-hls-libraries\vision\demo_designs\PF_Video_kit\libero\vision_pipeline\component\work\CORERXIODBITALIGN_C3\CORERXIODBITALIGN_C3_0\rtl\vlog\test\user\TXIOD_COMP_PF_IOD_TX_PF_IOD.v'.
Reading file 'C:\Users\c79828\Documents\HLS_Work\fpga-hls-libraries\vision\demo_designs\PF_Video_kit\libero\vision_pipeline\component\work\CORERXIODBITALIGN_C3\CORERXIODBITALIGN_C3_0\rtl\vlog\test\user\TXIOD_COMP.v'.
Reading file 'C:\Users\c79828\Documents\HLS_Work\fpga-hls-libraries\vision\demo_designs\PF_Video_kit\libero\vision_pipeline\component\work\CORERXIODBITALIGN_C3\CORERXIODBITALIGN_C3_0\rtl\vlog\test\user\CoreRxIODBitAlign_SD_wrap.v'.
Reading file 'C:\Users\c79828\Documents\HLS_Work\fpga-hls-libraries\vision\demo_designs\PF_Video_kit\libero\vision_pipeline\component\work\CORERXIODBITALIGN_C3\CORERXIODBITALIGN_C3_0\rtl\vlog\test\user\testbench.v'.
Reading file 'C:\Users\c79828\Documents\HLS_Work\fpga-hls-libraries\vision\demo_designs\PF_Video_kit\libero\vision_pipeline\component\work\HDMI_TX_C0\HDMI_TX_C0.vhd'.
Reading file 'C:\Users\c79828\Documents\HLS_Work\fpga-hls-libraries\vision\demo_designs\PF_Video_kit\libero\vision_pipeline\component\Microsemi\SolutionCore\HDMI_TX\1.0.2\HDL\HDMI_TX.vhd'.
Reading file 'C:\Users\c79828\Documents\HLS_Work\fpga-hls-libraries\vision\demo_designs\PF_Video_kit\libero\vision_pipeline\component\Microsemi\SolutionCore\HDMI_TX\1.0.2\HDL\tmds_encoder.vhd'.
Reading file 'C:\Users\c79828\Documents\HLS_Work\fpga-hls-libraries\vision\demo_designs\PF_Video_kit\libero\vision_pipeline\component\Microsemi\SolutionCore\HDMI_TX\1.0.2\stimulus\HDMI_TX_TB.vhd'.
Reading file 'C:\Users\c79828\Documents\HLS_Work\fpga-hls-libraries\vision\demo_designs\PF_Video_kit\libero\vision_pipeline\component\work\mipicsi2rxdecoderPF_C0\mipicsi2rxdecoderPF_C0.v'.
Reading file 'C:\Users\c79828\Documents\HLS_Work\fpga-hls-libraries\vision\demo_designs\PF_Video_kit\libero\vision_pipeline\component\Microsemi\SolutionCore\mipicsi2rxdecoderPF\2.2.5\RTL\byte2pixel_conversion.v'.
Reading file 'C:\Users\c79828\Documents\HLS_Work\fpga-hls-libraries\vision\demo_designs\PF_Video_kit\libero\vision_pipeline\component\Microsemi\SolutionCore\mipicsi2rxdecoderPF\2.2.5\RTL\cdcfifo.v'.
Reading file 'C:\Users\c79828\Documents\HLS_Work\fpga-hls-libraries\vision\demo_designs\PF_Video_kit\libero\vision_pipeline\component\Microsemi\SolutionCore\mipicsi2rxdecoderPF\2.2.5\RTL\cdcfiforam.v'.
Reading file 'C:\Users\c79828\Documents\HLS_Work\fpga-hls-libraries\vision\demo_designs\PF_Video_kit\libero\vision_pipeline\component\Microsemi\SolutionCore\mipicsi2rxdecoderPF\2.2.5\RTL\embsync_detect.v'.
Reading file 'C:\Users\c79828\Documents\HLS_Work\fpga-hls-libraries\vision\demo_designs\PF_Video_kit\libero\vision_pipeline\component\Microsemi\SolutionCore\mipicsi2rxdecoderPF\2.2.5\RTL\mipicsi2rxdecoderPF.v'.
Reading file 'C:\Users\c79828\Documents\HLS_Work\fpga-hls-libraries\vision\demo_designs\PF_Video_kit\libero\vision_pipeline\component\Microsemi\SolutionCore\mipicsi2rxdecoderPF\2.2.5\RTL\mipi_csi2_rxdecoder.v'.
Reading file 'C:\Users\c79828\Documents\HLS_Work\fpga-hls-libraries\vision\demo_designs\PF_Video_kit\libero\vision_pipeline\component\work\MIV_RV32IMA_L1_AHB_C0\MIV_RV32IMA_L1_AHB_C0.v'.
Reading file 'C:\Users\c79828\Documents\HLS_Work\fpga-hls-libraries\vision\demo_designs\PF_Video_kit\libero\vision_pipeline\component\work\MIV_RV32IMA_L1_AHB_C0\MIV_RV32IMA_L1_AHB_C0_0\core\miv_rv32ima_l1_ahb_alu.v'.
Reading file 'C:\Users\c79828\Documents\HLS_Work\fpga-hls-libraries\vision\demo_designs\PF_Video_kit\libero\vision_pipeline\component\work\MIV_RV32IMA_L1_AHB_C0\MIV_RV32IMA_L1_AHB_C0_0\core\miv_rv32ima_l1_ahb_amoalu.v'.
Reading file 'C:\Users\c79828\Documents\HLS_Work\fpga-hls-libraries\vision\demo_designs\PF_Video_kit\libero\vision_pipeline\component\work\MIV_RV32IMA_L1_AHB_C0\MIV_RV32IMA_L1_AHB_C0_0\core\miv_rv32ima_l1_ahb_arbiter.v'.
Reading file 'C:\Users\c79828\Documents\HLS_Work\fpga-hls-libraries\vision\demo_designs\PF_Video_kit\libero\vision_pipeline\component\work\MIV_RV32IMA_L1_AHB_C0\MIV_RV32IMA_L1_AHB_C0_0\core\miv_rv32ima_l1_ahb_arbiter_1.v'.
Reading file 'C:\Users\c79828\Documents\HLS_Work\fpga-hls-libraries\vision\demo_designs\PF_Video_kit\libero\vision_pipeline\component\work\MIV_RV32IMA_L1_AHB_C0\MIV_RV32IMA_L1_AHB_C0_0\core\miv_rv32ima_l1_ahb_async_queue_sink.v'.
Reading file 'C:\Users\c79828\Documents\HLS_Work\fpga-hls-libraries\vision\demo_designs\PF_Video_kit\libero\vision_pipeline\component\work\MIV_RV32IMA_L1_AHB_C0\MIV_RV32IMA_L1_AHB_C0_0\core\miv_rv32ima_l1_ahb_async_queue_sink_1.v'.
Reading file 'C:\Users\c79828\Documents\HLS_Work\fpga-hls-libraries\vision\demo_designs\PF_Video_kit\libero\vision_pipeline\component\work\MIV_RV32IMA_L1_AHB_C0\MIV_RV32IMA_L1_AHB_C0_0\core\miv_rv32ima_l1_ahb_async_queue_sink_2.v'.
Reading file 'C:\Users\c79828\Documents\HLS_Work\fpga-hls-libraries\vision\demo_designs\PF_Video_kit\libero\vision_pipeline\component\work\MIV_RV32IMA_L1_AHB_C0\MIV_RV32IMA_L1_AHB_C0_0\core\miv_rv32ima_l1_ahb_async_queue_source.v'.
Reading file 'C:\Users\c79828\Documents\HLS_Work\fpga-hls-libraries\vision\demo_designs\PF_Video_kit\libero\vision_pipeline\component\work\MIV_RV32IMA_L1_AHB_C0\MIV_RV32IMA_L1_AHB_C0_0\core\miv_rv32ima_l1_ahb_async_queue_source_1.v'.
Reading file 'C:\Users\c79828\Documents\HLS_Work\fpga-hls-libraries\vision\demo_designs\PF_Video_kit\libero\vision_pipeline\component\work\MIV_RV32IMA_L1_AHB_C0\MIV_RV32IMA_L1_AHB_C0_0\core\miv_rv32ima_l1_ahb_async_queue_source_2.v'.
Reading file 'C:\Users\c79828\Documents\HLS_Work\fpga-hls-libraries\vision\demo_designs\PF_Video_kit\libero\vision_pipeline\component\work\MIV_RV32IMA_L1_AHB_C0\MIV_RV32IMA_L1_AHB_C0_0\core\miv_rv32ima_l1_ahb_async_reset_reg.v'.
Reading file 'C:\Users\c79828\Documents\HLS_Work\fpga-hls-libraries\vision\demo_designs\PF_Video_kit\libero\vision_pipeline\component\work\MIV_RV32IMA_L1_AHB_C0\MIV_RV32IMA_L1_AHB_C0_0\core\miv_rv32ima_l1_ahb_async_reset_reg_vec_w1_i0.v'.
Reading file 'C:\Users\c79828\Documents\HLS_Work\fpga-hls-libraries\vision\demo_designs\PF_Video_kit\libero\vision_pipeline\component\work\MIV_RV32IMA_L1_AHB_C0\MIV_RV32IMA_L1_AHB_C0_0\core\miv_rv32ima_l1_ahb_async_reset_reg_vec_w2_i0.v'.
Reading file 'C:\Users\c79828\Documents\HLS_Work\fpga-hls-libraries\vision\demo_designs\PF_Video_kit\libero\vision_pipeline\component\work\MIV_RV32IMA_L1_AHB_C0\MIV_RV32IMA_L1_AHB_C0_0\core\miv_rv32ima_l1_ahb_async_reset_reg_vec_w32_i0.v'.
Reading file 'C:\Users\c79828\Documents\HLS_Work\fpga-hls-libraries\vision\demo_designs\PF_Video_kit\libero\vision_pipeline\component\work\MIV_RV32IMA_L1_AHB_C0\MIV_RV32IMA_L1_AHB_C0_0\core\miv_rv32ima_l1_ahb_async_reset_reg_vec_w4_i15.v'.
Reading file 'C:\Users\c79828\Documents\HLS_Work\fpga-hls-libraries\vision\demo_designs\PF_Video_kit\libero\vision_pipeline\component\work\MIV_RV32IMA_L1_AHB_C0\MIV_RV32IMA_L1_AHB_C0_0\core\miv_rv32ima_l1_ahb_async_reset_synchronizer_shift_reg_w1_d1_i0.v'.
Reading file 'C:\Users\c79828\Documents\HLS_Work\fpga-hls-libraries\vision\demo_designs\PF_Video_kit\libero\vision_pipeline\component\work\MIV_RV32IMA_L1_AHB_C0\MIV_RV32IMA_L1_AHB_C0_0\core\miv_rv32ima_l1_ahb_async_reset_synchronizer_shift_reg_w1_d3_i0.v'.
Reading file 'C:\Users\c79828\Documents\HLS_Work\fpga-hls-libraries\vision\demo_designs\PF_Video_kit\libero\vision_pipeline\component\work\MIV_RV32IMA_L1_AHB_C0\MIV_RV32IMA_L1_AHB_C0_0\core\miv_rv32ima_l1_ahb_async_reset_synchronizer_shift_reg_w1_d4_i0.v'.
Reading file 'C:\Users\c79828\Documents\HLS_Work\fpga-hls-libraries\vision\demo_designs\PF_Video_kit\libero\vision_pipeline\component\work\MIV_RV32IMA_L1_AHB_C0\MIV_RV32IMA_L1_AHB_C0_0\core\miv_rv32ima_l1_ahb_async_valid_sync.v'.
Reading file 'C:\Users\c79828\Documents\HLS_Work\fpga-hls-libraries\vision\demo_designs\PF_Video_kit\libero\vision_pipeline\component\work\MIV_RV32IMA_L1_AHB_C0\MIV_RV32IMA_L1_AHB_C0_0\core\miv_rv32ima_l1_ahb_async_valid_sync_1.v'.
Reading file 'C:\Users\c79828\Documents\HLS_Work\fpga-hls-libraries\vision\demo_designs\PF_Video_kit\libero\vision_pipeline\component\work\MIV_RV32IMA_L1_AHB_C0\MIV_RV32IMA_L1_AHB_C0_0\core\miv_rv32ima_l1_ahb_async_valid_sync_2.v'.
Reading file 'C:\Users\c79828\Documents\HLS_Work\fpga-hls-libraries\vision\demo_designs\PF_Video_kit\libero\vision_pipeline\component\work\MIV_RV32IMA_L1_AHB_C0\MIV_RV32IMA_L1_AHB_C0_0\core\miv_rv32ima_l1_ahb_async_valid_sync_3.v'.
Reading file 'C:\Users\c79828\Documents\HLS_Work\fpga-hls-libraries\vision\demo_designs\PF_Video_kit\libero\vision_pipeline\component\work\MIV_RV32IMA_L1_AHB_C0\MIV_RV32IMA_L1_AHB_C0_0\core\miv_rv32ima_l1_ahb_async_valid_sync_4.v'.
Reading file 'C:\Users\c79828\Documents\HLS_Work\fpga-hls-libraries\vision\demo_designs\PF_Video_kit\libero\vision_pipeline\component\work\MIV_RV32IMA_L1_AHB_C0\MIV_RV32IMA_L1_AHB_C0_0\core\miv_rv32ima_l1_ahb_async_valid_sync_5.v'.
Reading file 'C:\Users\c79828\Documents\HLS_Work\fpga-hls-libraries\vision\demo_designs\PF_Video_kit\libero\vision_pipeline\component\work\MIV_RV32IMA_L1_AHB_C0\MIV_RV32IMA_L1_AHB_C0_0\core\miv_rv32ima_l1_ahb_breakpoint_unit.v'.
Reading file 'C:\Users\c79828\Documents\HLS_Work\fpga-hls-libraries\vision\demo_designs\PF_Video_kit\libero\vision_pipeline\component\work\MIV_RV32IMA_L1_AHB_C0\MIV_RV32IMA_L1_AHB_C0_0\core\miv_rv32ima_l1_ahb_capture_chain.v'.
Reading file 'C:\Users\c79828\Documents\HLS_Work\fpga-hls-libraries\vision\demo_designs\PF_Video_kit\libero\vision_pipeline\component\work\MIV_RV32IMA_L1_AHB_C0\MIV_RV32IMA_L1_AHB_C0_0\core\miv_rv32ima_l1_ahb_capture_update_chain.v'.
Reading file 'C:\Users\c79828\Documents\HLS_Work\fpga-hls-libraries\vision\demo_designs\PF_Video_kit\libero\vision_pipeline\component\work\MIV_RV32IMA_L1_AHB_C0\MIV_RV32IMA_L1_AHB_C0_0\core\miv_rv32ima_l1_ahb_capture_update_chain_1.v'.
Reading file 'C:\Users\c79828\Documents\HLS_Work\fpga-hls-libraries\vision\demo_designs\PF_Video_kit\libero\vision_pipeline\component\work\MIV_RV32IMA_L1_AHB_C0\MIV_RV32IMA_L1_AHB_C0_0\core\miv_rv32ima_l1_ahb_capture_update_chain_2.v'.
Reading file 'C:\Users\c79828\Documents\HLS_Work\fpga-hls-libraries\vision\demo_designs\PF_Video_kit\libero\vision_pipeline\component\work\MIV_RV32IMA_L1_AHB_C0\MIV_RV32IMA_L1_AHB_C0_0\core\miv_rv32ima_l1_ahb_coreplex_local_interrupter_clint.v'.
Reading file 'C:\Users\c79828\Documents\HLS_Work\fpga-hls-libraries\vision\demo_designs\PF_Video_kit\libero\vision_pipeline\component\work\MIV_RV32IMA_L1_AHB_C0\MIV_RV32IMA_L1_AHB_C0_0\core\miv_rv32ima_l1_ahb_debug_transport_module_jtag.v'.
Reading file 'C:\Users\c79828\Documents\HLS_Work\fpga-hls-libraries\vision\demo_designs\PF_Video_kit\libero\vision_pipeline\component\work\MIV_RV32IMA_L1_AHB_C0\MIV_RV32IMA_L1_AHB_C0_0\core\miv_rv32ima_l1_ahb_dmito_tl_dmi2tl.v'.
Reading file 'C:\Users\c79828\Documents\HLS_Work\fpga-hls-libraries\vision\demo_designs\PF_Video_kit\libero\vision_pipeline\component\work\MIV_RV32IMA_L1_AHB_C0\MIV_RV32IMA_L1_AHB_C0_0\core\miv_rv32ima_l1_ahb_hella_cache_arbiter.v'.
Reading file 'C:\Users\c79828\Documents\HLS_Work\fpga-hls-libraries\vision\demo_designs\PF_Video_kit\libero\vision_pipeline\component\work\MIV_RV32IMA_L1_AHB_C0\MIV_RV32IMA_L1_AHB_C0_0\core\miv_rv32ima_l1_ahb_ibuf.v'.
Reading file 'C:\Users\c79828\Documents\HLS_Work\fpga-hls-libraries\vision\demo_designs\PF_Video_kit\libero\vision_pipeline\component\work\MIV_RV32IMA_L1_AHB_C0\MIV_RV32IMA_L1_AHB_C0_0\core\miv_rv32ima_l1_ahb_identity_module.v'.
Reading file 'C:\Users\c79828\Documents\HLS_Work\fpga-hls-libraries\vision\demo_designs\PF_Video_kit\libero\vision_pipeline\component\work\MIV_RV32IMA_L1_AHB_C0\MIV_RV32IMA_L1_AHB_C0_0\core\miv_rv32ima_l1_ahb_int_sync_crossing_sink.v'.
Reading file 'C:\Users\c79828\Documents\HLS_Work\fpga-hls-libraries\vision\demo_designs\PF_Video_kit\libero\vision_pipeline\component\work\MIV_RV32IMA_L1_AHB_C0\MIV_RV32IMA_L1_AHB_C0_0\core\miv_rv32ima_l1_ahb_int_sync_crossing_sink_1.v'.
Reading file 'C:\Users\c79828\Documents\HLS_Work\fpga-hls-libraries\vision\demo_designs\PF_Video_kit\libero\vision_pipeline\component\work\MIV_RV32IMA_L1_AHB_C0\MIV_RV32IMA_L1_AHB_C0_0\core\miv_rv32ima_l1_ahb_int_sync_crossing_source.v'.
Reading file 'C:\Users\c79828\Documents\HLS_Work\fpga-hls-libraries\vision\demo_designs\PF_Video_kit\libero\vision_pipeline\component\work\MIV_RV32IMA_L1_AHB_C0\MIV_RV32IMA_L1_AHB_C0_0\core\miv_rv32ima_l1_ahb_int_sync_crossing_source_2.v'.
Reading file 'C:\Users\c79828\Documents\HLS_Work\fpga-hls-libraries\vision\demo_designs\PF_Video_kit\libero\vision_pipeline\component\work\MIV_RV32IMA_L1_AHB_C0\MIV_RV32IMA_L1_AHB_C0_0\core\miv_rv32ima_l1_ahb_int_xbar.v'.
Reading file 'C:\Users\c79828\Documents\HLS_Work\fpga-hls-libraries\vision\demo_designs\PF_Video_kit\libero\vision_pipeline\component\work\MIV_RV32IMA_L1_AHB_C0\MIV_RV32IMA_L1_AHB_C0_0\core\miv_rv32ima_l1_ahb_int_xbar_int_xbar.v'.
Reading file 'C:\Users\c79828\Documents\HLS_Work\fpga-hls-libraries\vision\demo_designs\PF_Video_kit\libero\vision_pipeline\component\work\MIV_RV32IMA_L1_AHB_C0\MIV_RV32IMA_L1_AHB_C0_0\core\miv_rv32ima_l1_ahb_int_xing.v'.
Reading file 'C:\Users\c79828\Documents\HLS_Work\fpga-hls-libraries\vision\demo_designs\PF_Video_kit\libero\vision_pipeline\component\work\MIV_RV32IMA_L1_AHB_C0\MIV_RV32IMA_L1_AHB_C0_0\core\miv_rv32ima_l1_ahb_jtag_bypass_chain.v'.
Reading file 'C:\Users\c79828\Documents\HLS_Work\fpga-hls-libraries\vision\demo_designs\PF_Video_kit\libero\vision_pipeline\component\work\MIV_RV32IMA_L1_AHB_C0\MIV_RV32IMA_L1_AHB_C0_0\core\miv_rv32ima_l1_ahb_jtag_state_machine.v'.
Reading file 'C:\Users\c79828\Documents\HLS_Work\fpga-hls-libraries\vision\demo_designs\PF_Video_kit\libero\vision_pipeline\component\work\MIV_RV32IMA_L1_AHB_C0\MIV_RV32IMA_L1_AHB_C0_0\core\miv_rv32ima_l1_ahb_jtag_tap_controller.v'.
Reading file 'C:\Users\c79828\Documents\HLS_Work\fpga-hls-libraries\vision\demo_designs\PF_Video_kit\libero\vision_pipeline\component\work\MIV_RV32IMA_L1_AHB_C0\MIV_RV32IMA_L1_AHB_C0_0\core\miv_rv32ima_l1_ahb_level_gateway.v'.
Reading file 'C:\Users\c79828\Documents\HLS_Work\fpga-hls-libraries\vision\demo_designs\PF_Video_kit\libero\vision_pipeline\component\work\MIV_RV32IMA_L1_AHB_C0\MIV_RV32IMA_L1_AHB_C0_0\core\miv_rv32ima_l1_ahb_memory_bus_mem_buses_0.v'.
Reading file 'C:\Users\c79828\Documents\HLS_Work\fpga-hls-libraries\vision\demo_designs\PF_Video_kit\libero\vision_pipeline\component\work\MIV_RV32IMA_L1_AHB_C0\MIV_RV32IMA_L1_AHB_C0_0\core\miv_rv32ima_l1_ahb_mul_div.v'.
Reading file 'C:\Users\c79828\Documents\HLS_Work\fpga-hls-libraries\vision\demo_designs\PF_Video_kit\libero\vision_pipeline\component\work\MIV_RV32IMA_L1_AHB_C0\MIV_RV32IMA_L1_AHB_C0_0\core\miv_rv32ima_l1_ahb_negative_edge_latch.v'.
Reading file 'C:\Users\c79828\Documents\HLS_Work\fpga-hls-libraries\vision\demo_designs\PF_Video_kit\libero\vision_pipeline\component\work\MIV_RV32IMA_L1_AHB_C0\MIV_RV32IMA_L1_AHB_C0_0\core\miv_rv32ima_l1_ahb_negative_edge_latch_2.v'.
Reading file 'C:\Users\c79828\Documents\HLS_Work\fpga-hls-libraries\vision\demo_designs\PF_Video_kit\libero\vision_pipeline\component\work\MIV_RV32IMA_L1_AHB_C0\MIV_RV32IMA_L1_AHB_C0_0\core\miv_rv32ima_l1_ahb_periphery_bus_pbus.v'.
Reading file 'C:\Users\c79828\Documents\HLS_Work\fpga-hls-libraries\vision\demo_designs\PF_Video_kit\libero\vision_pipeline\component\work\MIV_RV32IMA_L1_AHB_C0\MIV_RV32IMA_L1_AHB_C0_0\core\miv_rv32ima_l1_ahb_plusarg_reader.v'.
Reading file 'C:\Users\c79828\Documents\HLS_Work\fpga-hls-libraries\vision\demo_designs\PF_Video_kit\libero\vision_pipeline\component\work\MIV_RV32IMA_L1_AHB_C0\MIV_RV32IMA_L1_AHB_C0_0\core\miv_rv32ima_l1_ahb_queue.v'.
Reading file 'C:\Users\c79828\Documents\HLS_Work\fpga-hls-libraries\vision\demo_designs\PF_Video_kit\libero\vision_pipeline\component\work\MIV_RV32IMA_L1_AHB_C0\MIV_RV32IMA_L1_AHB_C0_0\core\miv_rv32ima_l1_ahb_queue_1.v'.
Reading file 'C:\Users\c79828\Documents\HLS_Work\fpga-hls-libraries\vision\demo_designs\PF_Video_kit\libero\vision_pipeline\component\work\MIV_RV32IMA_L1_AHB_C0\MIV_RV32IMA_L1_AHB_C0_0\core\miv_rv32ima_l1_ahb_queue_10.v'.
Reading file 'C:\Users\c79828\Documents\HLS_Work\fpga-hls-libraries\vision\demo_designs\PF_Video_kit\libero\vision_pipeline\component\work\MIV_RV32IMA_L1_AHB_C0\MIV_RV32IMA_L1_AHB_C0_0\core\miv_rv32ima_l1_ahb_queue_11.v'.
Reading file 'C:\Users\c79828\Documents\HLS_Work\fpga-hls-libraries\vision\demo_designs\PF_Video_kit\libero\vision_pipeline\component\work\MIV_RV32IMA_L1_AHB_C0\MIV_RV32IMA_L1_AHB_C0_0\core\miv_rv32ima_l1_ahb_queue_13.v'.
Reading file 'C:\Users\c79828\Documents\HLS_Work\fpga-hls-libraries\vision\demo_designs\PF_Video_kit\libero\vision_pipeline\component\work\MIV_RV32IMA_L1_AHB_C0\MIV_RV32IMA_L1_AHB_C0_0\core\miv_rv32ima_l1_ahb_queue_14.v'.
Reading file 'C:\Users\c79828\Documents\HLS_Work\fpga-hls-libraries\vision\demo_designs\PF_Video_kit\libero\vision_pipeline\component\work\MIV_RV32IMA_L1_AHB_C0\MIV_RV32IMA_L1_AHB_C0_0\core\miv_rv32ima_l1_ahb_queue_15.v'.
Reading file 'C:\Users\c79828\Documents\HLS_Work\fpga-hls-libraries\vision\demo_designs\PF_Video_kit\libero\vision_pipeline\component\work\MIV_RV32IMA_L1_AHB_C0\MIV_RV32IMA_L1_AHB_C0_0\core\miv_rv32ima_l1_ahb_queue_16.v'.
Reading file 'C:\Users\c79828\Documents\HLS_Work\fpga-hls-libraries\vision\demo_designs\PF_Video_kit\libero\vision_pipeline\component\work\MIV_RV32IMA_L1_AHB_C0\MIV_RV32IMA_L1_AHB_C0_0\core\miv_rv32ima_l1_ahb_queue_18.v'.
Reading file 'C:\Users\c79828\Documents\HLS_Work\fpga-hls-libraries\vision\demo_designs\PF_Video_kit\libero\vision_pipeline\component\work\MIV_RV32IMA_L1_AHB_C0\MIV_RV32IMA_L1_AHB_C0_0\core\miv_rv32ima_l1_ahb_queue_19.v'.
Reading file 'C:\Users\c79828\Documents\HLS_Work\fpga-hls-libraries\vision\demo_designs\PF_Video_kit\libero\vision_pipeline\component\work\MIV_RV32IMA_L1_AHB_C0\MIV_RV32IMA_L1_AHB_C0_0\core\miv_rv32ima_l1_ahb_queue_4.v'.
Reading file 'C:\Users\c79828\Documents\HLS_Work\fpga-hls-libraries\vision\demo_designs\PF_Video_kit\libero\vision_pipeline\component\work\MIV_RV32IMA_L1_AHB_C0\MIV_RV32IMA_L1_AHB_C0_0\core\miv_rv32ima_l1_ahb_queue_5.v'.
Reading file 'C:\Users\c79828\Documents\HLS_Work\fpga-hls-libraries\vision\demo_designs\PF_Video_kit\libero\vision_pipeline\component\work\MIV_RV32IMA_L1_AHB_C0\MIV_RV32IMA_L1_AHB_C0_0\core\miv_rv32ima_l1_ahb_queue_6.v'.
Reading file 'C:\Users\c79828\Documents\HLS_Work\fpga-hls-libraries\vision\demo_designs\PF_Video_kit\libero\vision_pipeline\component\work\MIV_RV32IMA_L1_AHB_C0\MIV_RV32IMA_L1_AHB_C0_0\core\miv_rv32ima_l1_ahb_repeater.v'.
Reading file 'C:\Users\c79828\Documents\HLS_Work\fpga-hls-libraries\vision\demo_designs\PF_Video_kit\libero\vision_pipeline\component\work\MIV_RV32IMA_L1_AHB_C0\MIV_RV32IMA_L1_AHB_C0_0\core\miv_rv32ima_l1_ahb_repeater_2.v'.
Reading file 'C:\Users\c79828\Documents\HLS_Work\fpga-hls-libraries\vision\demo_designs\PF_Video_kit\libero\vision_pipeline\component\work\MIV_RV32IMA_L1_AHB_C0\MIV_RV32IMA_L1_AHB_C0_0\core\miv_rv32ima_l1_ahb_reset_catch_and_sync_d3.v'.
Reading file 'C:\Users\c79828\Documents\HLS_Work\fpga-hls-libraries\vision\demo_designs\PF_Video_kit\libero\vision_pipeline\component\work\MIV_RV32IMA_L1_AHB_C0\MIV_RV32IMA_L1_AHB_C0_0\core\miv_rv32ima_l1_ahb_rvcexpander.v'.
Reading file 'C:\Users\c79828\Documents\HLS_Work\fpga-hls-libraries\vision\demo_designs\PF_Video_kit\libero\vision_pipeline\component\work\MIV_RV32IMA_L1_AHB_C0\MIV_RV32IMA_L1_AHB_C0_0\core\miv_rv32ima_l1_ahb_shift_queue.v'.
Reading file 'C:\Users\c79828\Documents\HLS_Work\fpga-hls-libraries\vision\demo_designs\PF_Video_kit\libero\vision_pipeline\component\work\MIV_RV32IMA_L1_AHB_C0\MIV_RV32IMA_L1_AHB_C0_0\core\miv_rv32ima_l1_ahb_simple_lazy_module_system_bus_from_tile.v'.
Reading file 'C:\Users\c79828\Documents\HLS_Work\fpga-hls-libraries\vision\demo_designs\PF_Video_kit\libero\vision_pipeline\component\work\MIV_RV32IMA_L1_AHB_C0\MIV_RV32IMA_L1_AHB_C0_0\core\miv_rv32ima_l1_ahb_synchronizer_shift_reg_w12_d1.v'.
Reading file 'C:\Users\c79828\Documents\HLS_Work\fpga-hls-libraries\vision\demo_designs\PF_Video_kit\libero\vision_pipeline\component\work\MIV_RV32IMA_L1_AHB_C0\MIV_RV32IMA_L1_AHB_C0_0\core\miv_rv32ima_l1_ahb_synchronizer_shift_reg_w1_d3.v'.
Reading file 'C:\Users\c79828\Documents\HLS_Work\fpga-hls-libraries\vision\demo_designs\PF_Video_kit\libero\vision_pipeline\component\work\MIV_RV32IMA_L1_AHB_C0\MIV_RV32IMA_L1_AHB_C0_0\core\miv_rv32ima_l1_ahb_synchronizer_shift_reg_w31_d3.v'.
Reading file 'C:\Users\c79828\Documents\HLS_Work\fpga-hls-libraries\vision\demo_designs\PF_Video_kit\libero\vision_pipeline\component\work\MIV_RV32IMA_L1_AHB_C0\MIV_RV32IMA_L1_AHB_C0_0\core\miv_rv32ima_l1_ahb_synchronizer_shift_reg_w42_d1.v'.
Reading file 'C:\Users\c79828\Documents\HLS_Work\fpga-hls-libraries\vision\demo_designs\PF_Video_kit\libero\vision_pipeline\component\work\MIV_RV32IMA_L1_AHB_C0\MIV_RV32IMA_L1_AHB_C0_0\core\miv_rv32ima_l1_ahb_synchronizer_shift_reg_w54_d1.v'.
Reading file 'C:\Users\c79828\Documents\HLS_Work\fpga-hls-libraries\vision\demo_designs\PF_Video_kit\libero\vision_pipeline\component\work\MIV_RV32IMA_L1_AHB_C0\MIV_RV32IMA_L1_AHB_C0_0\core\miv_rv32ima_l1_ahb_system_bus_sbus.v'.
Reading file 'C:\Users\c79828\Documents\HLS_Work\fpga-hls-libraries\vision\demo_designs\PF_Video_kit\libero\vision_pipeline\component\work\MIV_RV32IMA_L1_AHB_C0\MIV_RV32IMA_L1_AHB_C0_0\core\miv_rv32ima_l1_ahb_tlasync_crossing_sink_dmi_xing.v'.
Reading file 'C:\Users\c79828\Documents\HLS_Work\fpga-hls-libraries\vision\demo_designs\PF_Video_kit\libero\vision_pipeline\component\work\MIV_RV32IMA_L1_AHB_C0\MIV_RV32IMA_L1_AHB_C0_0\core\miv_rv32ima_l1_ahb_tlasync_crossing_source_dm_inner.v'.
Reading file 'C:\Users\c79828\Documents\HLS_Work\fpga-hls-libraries\vision\demo_designs\PF_Video_kit\libero\vision_pipeline\component\work\MIV_RV32IMA_L1_AHB_C0\MIV_RV32IMA_L1_AHB_C0_0\core\miv_rv32ima_l1_ahb_tlatomic_automata_periphery_bus_slave_tlfragmenter.v'.
Reading file 'C:\Users\c79828\Documents\HLS_Work\fpga-hls-libraries\vision\demo_designs\PF_Video_kit\libero\vision_pipeline\component\work\MIV_RV32IMA_L1_AHB_C0\MIV_RV32IMA_L1_AHB_C0_0\core\miv_rv32ima_l1_ahb_tlb.v'.
Reading file 'C:\Users\c79828\Documents\HLS_Work\fpga-hls-libraries\vision\demo_designs\PF_Video_kit\libero\vision_pipeline\component\work\MIV_RV32IMA_L1_AHB_C0\MIV_RV32IMA_L1_AHB_C0_0\core\miv_rv32ima_l1_ahb_tlbuffer_periphery_bus_slave_tlbuffer.v'.
Reading file 'C:\Users\c79828\Documents\HLS_Work\fpga-hls-libraries\vision\demo_designs\PF_Video_kit\libero\vision_pipeline\component\work\MIV_RV32IMA_L1_AHB_C0\MIV_RV32IMA_L1_AHB_C0_0\core\miv_rv32ima_l1_ahb_tlbuffer_periphery_bus_slave_tlfragmenter.v'.
Reading file 'C:\Users\c79828\Documents\HLS_Work\fpga-hls-libraries\vision\demo_designs\PF_Video_kit\libero\vision_pipeline\component\work\MIV_RV32IMA_L1_AHB_C0\MIV_RV32IMA_L1_AHB_C0_0\core\miv_rv32ima_l1_ahb_tlbuffer_system_bus.v'.
Reading file 'C:\Users\c79828\Documents\HLS_Work\fpga-hls-libraries\vision\demo_designs\PF_Video_kit\libero\vision_pipeline\component\work\MIV_RV32IMA_L1_AHB_C0\MIV_RV32IMA_L1_AHB_C0_0\core\miv_rv32ima_l1_ahb_tlbuffer_system_bus_slave_tlbuffer.v'.
Reading file 'C:\Users\c79828\Documents\HLS_Work\fpga-hls-libraries\vision\demo_designs\PF_Video_kit\libero\vision_pipeline\component\work\MIV_RV32IMA_L1_AHB_C0\MIV_RV32IMA_L1_AHB_C0_0\core\miv_rv32ima_l1_ahb_tlb_1.v'.
Reading file 'C:\Users\c79828\Documents\HLS_Work\fpga-hls-libraries\vision\demo_designs\PF_Video_kit\libero\vision_pipeline\component\work\MIV_RV32IMA_L1_AHB_C0\MIV_RV32IMA_L1_AHB_C0_0\core\miv_rv32ima_l1_ahb_tlcache_cork_system_bus.v'.
Reading file 'C:\Users\c79828\Documents\HLS_Work\fpga-hls-libraries\vision\demo_designs\PF_Video_kit\libero\vision_pipeline\component\work\MIV_RV32IMA_L1_AHB_C0\MIV_RV32IMA_L1_AHB_C0_0\core\miv_rv32ima_l1_ahb_tldebug_module_debug.v'.
Reading file 'C:\Users\c79828\Documents\HLS_Work\fpga-hls-libraries\vision\demo_designs\PF_Video_kit\libero\vision_pipeline\component\work\MIV_RV32IMA_L1_AHB_C0\MIV_RV32IMA_L1_AHB_C0_0\core\miv_rv32ima_l1_ahb_tldebug_module_inner_async_dm_inner.v'.
Reading file 'C:\Users\c79828\Documents\HLS_Work\fpga-hls-libraries\vision\demo_designs\PF_Video_kit\libero\vision_pipeline\component\work\MIV_RV32IMA_L1_AHB_C0\MIV_RV32IMA_L1_AHB_C0_0\core\miv_rv32ima_l1_ahb_tldebug_module_inner_dm_inner.v'.
Reading file 'C:\Users\c79828\Documents\HLS_Work\fpga-hls-libraries\vision\demo_designs\PF_Video_kit\libero\vision_pipeline\component\work\MIV_RV32IMA_L1_AHB_C0\MIV_RV32IMA_L1_AHB_C0_0\core\miv_rv32ima_l1_ahb_tldebug_module_outer_async_dm_outer.v'.
Reading file 'C:\Users\c79828\Documents\HLS_Work\fpga-hls-libraries\vision\demo_designs\PF_Video_kit\libero\vision_pipeline\component\work\MIV_RV32IMA_L1_AHB_C0\MIV_RV32IMA_L1_AHB_C0_0\core\miv_rv32ima_l1_ahb_tldebug_module_outer_dm_outer.v'.
Reading file 'C:\Users\c79828\Documents\HLS_Work\fpga-hls-libraries\vision\demo_designs\PF_Video_kit\libero\vision_pipeline\component\work\MIV_RV32IMA_L1_AHB_C0\MIV_RV32IMA_L1_AHB_C0_0\core\miv_rv32ima_l1_ahb_tlerror_error.v'.
Reading file 'C:\Users\c79828\Documents\HLS_Work\fpga-hls-libraries\vision\demo_designs\PF_Video_kit\libero\vision_pipeline\component\work\MIV_RV32IMA_L1_AHB_C0\MIV_RV32IMA_L1_AHB_C0_0\core\miv_rv32ima_l1_ahb_tlfifofixer_system_bus.v'.
Reading file 'C:\Users\c79828\Documents\HLS_Work\fpga-hls-libraries\vision\demo_designs\PF_Video_kit\libero\vision_pipeline\component\work\MIV_RV32IMA_L1_AHB_C0\MIV_RV32IMA_L1_AHB_C0_0\core\miv_rv32ima_l1_ahb_tlfifofixer_system_bus_pbus_tlfifofixer.v'.
Reading file 'C:\Users\c79828\Documents\HLS_Work\fpga-hls-libraries\vision\demo_designs\PF_Video_kit\libero\vision_pipeline\component\work\MIV_RV32IMA_L1_AHB_C0\MIV_RV32IMA_L1_AHB_C0_0\core\miv_rv32ima_l1_ahb_tlfilter.v'.
Reading file 'C:\Users\c79828\Documents\HLS_Work\fpga-hls-libraries\vision\demo_designs\PF_Video_kit\libero\vision_pipeline\component\work\MIV_RV32IMA_L1_AHB_C0\MIV_RV32IMA_L1_AHB_C0_0\core\miv_rv32ima_l1_ahb_tlfragmenter_periphery_bus_slave_tlfragmenter.v'.
Reading file 'C:\Users\c79828\Documents\HLS_Work\fpga-hls-libraries\vision\demo_designs\PF_Video_kit\libero\vision_pipeline\component\work\MIV_RV32IMA_L1_AHB_C0\MIV_RV32IMA_L1_AHB_C0_0\core\miv_rv32ima_l1_ahb_tlplic_plic.v'.
Reading file 'C:\Users\c79828\Documents\HLS_Work\fpga-hls-libraries\vision\demo_designs\PF_Video_kit\libero\vision_pipeline\component\work\MIV_RV32IMA_L1_AHB_C0\MIV_RV32IMA_L1_AHB_C0_0\core\miv_rv32ima_l1_ahb_tlsplitter_system_bus_master_tlsplitter.v'.
Reading file 'C:\Users\c79828\Documents\HLS_Work\fpga-hls-libraries\vision\demo_designs\PF_Video_kit\libero\vision_pipeline\component\work\MIV_RV32IMA_L1_AHB_C0\MIV_RV32IMA_L1_AHB_C0_0\core\miv_rv32ima_l1_ahb_tlto_ahb.v'.
Reading file 'C:\Users\c79828\Documents\HLS_Work\fpga-hls-libraries\vision\demo_designs\PF_Video_kit\libero\vision_pipeline\component\work\MIV_RV32IMA_L1_AHB_C0\MIV_RV32IMA_L1_AHB_C0_0\core\miv_rv32ima_l1_ahb_tlto_ahb_converter.v'.
Reading file 'C:\Users\c79828\Documents\HLS_Work\fpga-hls-libraries\vision\demo_designs\PF_Video_kit\libero\vision_pipeline\component\work\MIV_RV32IMA_L1_AHB_C0\MIV_RV32IMA_L1_AHB_C0_0\core\miv_rv32ima_l1_ahb_tlwidth_widget.v'.
Reading file 'C:\Users\c79828\Documents\HLS_Work\fpga-hls-libraries\vision\demo_designs\PF_Video_kit\libero\vision_pipeline\component\work\MIV_RV32IMA_L1_AHB_C0\MIV_RV32IMA_L1_AHB_C0_0\core\miv_rv32ima_l1_ahb_tlwidth_widget_system_bus_slave_tlwidth_widget.v'.
Reading file 'C:\Users\c79828\Documents\HLS_Work\fpga-hls-libraries\vision\demo_designs\PF_Video_kit\libero\vision_pipeline\component\work\MIV_RV32IMA_L1_AHB_C0\MIV_RV32IMA_L1_AHB_C0_0\core\miv_rv32ima_l1_ahb_tlxbar_dmi_xbar.v'.
Reading file 'C:\Users\c79828\Documents\HLS_Work\fpga-hls-libraries\vision\demo_designs\PF_Video_kit\libero\vision_pipeline\component\work\MIV_RV32IMA_L1_AHB_C0\MIV_RV32IMA_L1_AHB_C0_0\core\miv_rv32ima_l1_ahb_tlxbar_memory_bus.v'.
Reading file 'C:\Users\c79828\Documents\HLS_Work\fpga-hls-libraries\vision\demo_designs\PF_Video_kit\libero\vision_pipeline\component\work\MIV_RV32IMA_L1_AHB_C0\MIV_RV32IMA_L1_AHB_C0_0\core\miv_rv32ima_l1_ahb_tlxbar_periphery_bus.v'.
Reading file 'C:\Users\c79828\Documents\HLS_Work\fpga-hls-libraries\vision\demo_designs\PF_Video_kit\libero\vision_pipeline\component\work\MIV_RV32IMA_L1_AHB_C0\MIV_RV32IMA_L1_AHB_C0_0\core\miv_rv32ima_l1_ahb_tlxbar_system_bus.v'.
Reading file 'C:\Users\c79828\Documents\HLS_Work\fpga-hls-libraries\vision\demo_designs\PF_Video_kit\libero\vision_pipeline\component\work\MIV_RV32IMA_L1_AHB_C0\MIV_RV32IMA_L1_AHB_C0_0\core\miv_rv32ima_l1_ahb_tlxbar_tl_master_xbar.v'.
Reading file 'C:\Users\c79828\Documents\HLS_Work\fpga-hls-libraries\vision\demo_designs\PF_Video_kit\libero\vision_pipeline\component\work\MIV_RV32IMA_L1_AHB_C0\MIV_RV32IMA_L1_AHB_C0_0\core\miv_rv32ima_l1_ahb_data_arrays_0_ecc.v'.
Reading file 'C:\Users\c79828\Documents\HLS_Work\fpga-hls-libraries\vision\demo_designs\PF_Video_kit\libero\vision_pipeline\component\work\MIV_RV32IMA_L1_AHB_C0\MIV_RV32IMA_L1_AHB_C0_0\core\miv_rv32ima_l1_ahb_data_arrays_0_ext_ecc_g5.v'.
Reading file 'C:\Users\c79828\Documents\HLS_Work\fpga-hls-libraries\vision\demo_designs\PF_Video_kit\libero\vision_pipeline\component\work\MIV_RV32IMA_L1_AHB_C0\MIV_RV32IMA_L1_AHB_C0_0\core\miv_rv32ima_l1_ahb_dcache_data_array_ecc.v'.
Reading file 'C:\Users\c79828\Documents\HLS_Work\fpga-hls-libraries\vision\demo_designs\PF_Video_kit\libero\vision_pipeline\component\work\MIV_RV32IMA_L1_AHB_C0\MIV_RV32IMA_L1_AHB_C0_0\core\miv_rv32ima_l1_ahb_dcache_dcache_ecc.v'.
Reading file 'C:\Users\c79828\Documents\HLS_Work\fpga-hls-libraries\vision\demo_designs\PF_Video_kit\libero\vision_pipeline\component\work\MIV_RV32IMA_L1_AHB_C0\MIV_RV32IMA_L1_AHB_C0_0\core\miv_rv32ima_l1_ahb_ecc.v'.
Reading file 'C:\Users\c79828\Documents\HLS_Work\fpga-hls-libraries\vision\demo_designs\PF_Video_kit\libero\vision_pipeline\component\work\MIV_RV32IMA_L1_AHB_C0\MIV_RV32IMA_L1_AHB_C0_0\core\miv_rv32ima_l1_ahb_rocket_system_ecc.v'.
Reading file 'C:\Users\c79828\Documents\HLS_Work\fpga-hls-libraries\vision\demo_designs\PF_Video_kit\libero\vision_pipeline\component\work\MIV_RV32IMA_L1_AHB_C0\MIV_RV32IMA_L1_AHB_C0_0\core\miv_rv32ima_l1_ahb_rocket_tile_ecc.v'.
Reading file 'C:\Users\c79828\Documents\HLS_Work\fpga-hls-libraries\vision\demo_designs\PF_Video_kit\libero\vision_pipeline\component\work\MIV_RV32IMA_L1_AHB_C0\MIV_RV32IMA_L1_AHB_C0_0\core\miv_rv32ima_l1_ahb_frontend_frontend_ecc.v'.
Reading file 'C:\Users\c79828\Documents\HLS_Work\fpga-hls-libraries\vision\demo_designs\PF_Video_kit\libero\vision_pipeline\component\work\MIV_RV32IMA_L1_AHB_C0\MIV_RV32IMA_L1_AHB_C0_0\core\miv_rv32ima_l1_ahb_icache_icache_ecc.v'.
Reading file 'C:\Users\c79828\Documents\HLS_Work\fpga-hls-libraries\vision\demo_designs\PF_Video_kit\libero\vision_pipeline\component\work\MIV_RV32IMA_L1_AHB_C0\MIV_RV32IMA_L1_AHB_C0_0\core\miv_rv32ima_l1_ahb_tag_array_0_ecc.v'.
Reading file 'C:\Users\c79828\Documents\HLS_Work\fpga-hls-libraries\vision\demo_designs\PF_Video_kit\libero\vision_pipeline\component\work\MIV_RV32IMA_L1_AHB_C0\MIV_RV32IMA_L1_AHB_C0_0\core\miv_rv32ima_l1_ahb_tag_array_0_ext_ecc.v'.
Reading file 'C:\Users\c79828\Documents\HLS_Work\fpga-hls-libraries\vision\demo_designs\PF_Video_kit\libero\vision_pipeline\component\work\MIV_RV32IMA_L1_AHB_C0\MIV_RV32IMA_L1_AHB_C0_0\core\miv_rv32ima_l1_ahb_tag_array_ecc.v'.
Reading file 'C:\Users\c79828\Documents\HLS_Work\fpga-hls-libraries\vision\demo_designs\PF_Video_kit\libero\vision_pipeline\component\work\MIV_RV32IMA_L1_AHB_C0\MIV_RV32IMA_L1_AHB_C0_0\core\miv_rv32ima_l1_ahb_ram_128x20_ecc_g5.v'.
Reading file 'C:\Users\c79828\Documents\HLS_Work\fpga-hls-libraries\vision\demo_designs\PF_Video_kit\libero\vision_pipeline\component\work\MIV_RV32IMA_L1_AHB_C0\MIV_RV32IMA_L1_AHB_C0_0\core\miv_rv32ima_l1_ahb_ram_128x21_ecc_g5.v'.
Reading file 'C:\Users\c79828\Documents\HLS_Work\fpga-hls-libraries\vision\demo_designs\PF_Video_kit\libero\vision_pipeline\component\work\MIV_RV32IMA_L1_AHB_C0\MIV_RV32IMA_L1_AHB_C0_0\core\miv_rv32ima_l1_ahb_ram_2048x32_ecc_g5.v'.
Reading file 'C:\Users\c79828\Documents\HLS_Work\fpga-hls-libraries\vision\demo_designs\PF_Video_kit\libero\vision_pipeline\component\work\MIV_RV32IMA_L1_AHB_C0\MIV_RV32IMA_L1_AHB_C0_0\core\miv_rv32ima_l1_ahb_data_arrays_0_0_ecc.v'.
Reading file 'C:\Users\c79828\Documents\HLS_Work\fpga-hls-libraries\vision\demo_designs\PF_Video_kit\libero\vision_pipeline\component\work\MIV_RV32IMA_L1_AHB_C0\MIV_RV32IMA_L1_AHB_C0_0\core\miv_rv32ima_l1_ahb_data_arrays_0_0_ext_ecc.v'.
Reading file 'C:\Users\c79828\Documents\HLS_Work\fpga-hls-libraries\vision\demo_designs\PF_Video_kit\libero\vision_pipeline\component\work\MIV_RV32IMA_L1_AHB_C0\MIV_RV32IMA_L1_AHB_C0_0\core\miv_rv32ima_l1_ahb_tag_array_ext_ecc.v'.
Reading file 'C:\Users\c79828\Documents\HLS_Work\fpga-hls-libraries\vision\demo_designs\PF_Video_kit\libero\vision_pipeline\component\work\MIV_RV32IMA_L1_AHB_C0\MIV_RV32IMA_L1_AHB_C0_0\core\miv_rv32ima_l1_ahb_csrfile_ecc.v'.
Reading file 'C:\Users\c79828\Documents\HLS_Work\fpga-hls-libraries\vision\demo_designs\PF_Video_kit\libero\vision_pipeline\component\work\MIV_RV32IMA_L1_AHB_C0\MIV_RV32IMA_L1_AHB_C0_0\core\miv_rv32ima_l1_ahb_ram_init.v'.
Reading file 'C:\Users\c79828\Documents\HLS_Work\fpga-hls-libraries\vision\demo_designs\PF_Video_kit\libero\vision_pipeline\component\work\MIV_RV32IMA_L1_AHB_C0\MIV_RV32IMA_L1_AHB_C0_0\core\miv_rv32ima_l1_ahb_ram_init_mux.v'.
Reading file 'C:\Users\c79828\Documents\HLS_Work\fpga-hls-libraries\vision\demo_designs\PF_Video_kit\libero\vision_pipeline\component\work\MIV_RV32IMA_L1_AHB_C0\MIV_RV32IMA_L1_AHB_C0_0\core\miv_rv32ima_l1_ahb_rocket_ecc.v'.
Reading file 'C:\Users\c79828\Documents\HLS_Work\fpga-hls-libraries\vision\demo_designs\PF_Video_kit\libero\vision_pipeline\component\work\MIV_RV32IMA_L1_AHB_C0\MIV_RV32IMA_L1_AHB_C0_0\core\miv_rv32ima_l1_ahb_rocket_ecc_en.v'.
Reading file 'C:\Users\c79828\Documents\HLS_Work\fpga-hls-libraries\vision\demo_designs\PF_Video_kit\libero\vision_pipeline\component\work\PF_CCC_C0\PF_CCC_C0.v'.
Reading file 'C:\Users\c79828\Documents\HLS_Work\fpga-hls-libraries\vision\demo_designs\PF_Video_kit\libero\vision_pipeline\component\work\PF_CCC_C0\PF_CCC_C0_0\PF_CCC_C0_PF_CCC_C0_0_PF_CCC.v'.
Reading file 'C:\Users\c79828\Documents\HLS_Work\fpga-hls-libraries\vision\demo_designs\PF_Video_kit\libero\vision_pipeline\component\work\PF_CCC_C1\PF_CCC_C1.v'.
Reading file 'C:\Users\c79828\Documents\HLS_Work\fpga-hls-libraries\vision\demo_designs\PF_Video_kit\libero\vision_pipeline\component\work\PF_CCC_C1\PF_CCC_C1_0\PF_CCC_C1_PF_CCC_C1_0_PF_CCC.v'.
Reading file 'C:\Users\c79828\Documents\HLS_Work\fpga-hls-libraries\vision\demo_designs\PF_Video_kit\libero\vision_pipeline\component\work\PF_CCC_C2\PF_CCC_C2.v'.
Reading file 'C:\Users\c79828\Documents\HLS_Work\fpga-hls-libraries\vision\demo_designs\PF_Video_kit\libero\vision_pipeline\component\work\PF_CCC_C2\PF_CCC_C2_0\PF_CCC_C2_PF_CCC_C2_0_PF_CCC.v'.
Reading file 'C:\Users\c79828\Documents\HLS_Work\fpga-hls-libraries\vision\demo_designs\PF_Video_kit\libero\vision_pipeline\component\work\PF_DDR4_C0\PF_DDR4_C0.v'.
Reading file 'C:\Users\c79828\Documents\HLS_Work\fpga-hls-libraries\vision\demo_designs\PF_Video_kit\libero\vision_pipeline\component\work\PF_DDR4_C0\CCC_0\PF_DDR4_C0_CCC_0_PF_CCC.v'.
Reading file 'C:\Users\c79828\Documents\HLS_Work\fpga-hls-libraries\vision\demo_designs\PF_Video_kit\libero\vision_pipeline\component\work\PF_DDR4_C0\DDRCTRL_0\sdram_lb_defines_0.v'.
Reading file 'C:\Users\c79828\Documents\HLS_Work\fpga-hls-libraries\vision\demo_designs\PF_Video_kit\libero\vision_pipeline\component\work\PF_DDR4_C0\DDRCTRL_0\CoreDDRMemCtrlr_0.v'.
Reading file 'C:\Users\c79828\Documents\HLS_Work\fpga-hls-libraries\vision\demo_designs\PF_Video_kit\libero\vision_pipeline\component\work\PF_DDR4_C0\DLL_0\PF_DDR4_C0_DLL_0_PF_CCC.v'.
Reading file 'C:\Users\c79828\Documents\HLS_Work\fpga-hls-libraries\vision\demo_designs\PF_Video_kit\libero\vision_pipeline\component\Actel\SgCore\PF_DDR_CFG_INIT\1.0.100\cfg_init.v'.
Reading file 'C:\Users\c79828\Documents\HLS_Work\fpga-hls-libraries\vision\demo_designs\PF_Video_kit\libero\vision_pipeline\component\work\PF_DDR4_C0_DDRPHY_BLK\PF_DDR4_C0_DDRPHY_BLK.v'.
Reading file 'C:\Users\c79828\Documents\HLS_Work\fpga-hls-libraries\vision\demo_designs\PF_Video_kit\libero\vision_pipeline\component\work\PF_DDR4_C0_DDRPHY_BLK\IOD_A_11_0\PF_DDR4_C0_DDRPHY_BLK_IOD_A_11_0_PF_IOD.v'.
Reading file 'C:\Users\c79828\Documents\HLS_Work\fpga-hls-libraries\vision\demo_designs\PF_Video_kit\libero\vision_pipeline\component\work\PF_DDR4_C0_DDRPHY_BLK\IOD_A_12\PF_DDR4_C0_DDRPHY_BLK_IOD_A_12_PF_IOD.v'.
Reading file 'C:\Users\c79828\Documents\HLS_Work\fpga-hls-libraries\vision\demo_designs\PF_Video_kit\libero\vision_pipeline\component\work\PF_DDR4_C0_DDRPHY_BLK\IOD_A_13\PF_DDR4_C0_DDRPHY_BLK_IOD_A_13_PF_IOD.v'.
Reading file 'C:\Users\c79828\Documents\HLS_Work\fpga-hls-libraries\vision\demo_designs\PF_Video_kit\libero\vision_pipeline\component\work\PF_DDR4_C0_DDRPHY_BLK\IOD_ACT_N\PF_DDR4_C0_DDRPHY_BLK_IOD_ACT_N_PF_IOD.v'.
Reading file 'C:\Users\c79828\Documents\HLS_Work\fpga-hls-libraries\vision\demo_designs\PF_Video_kit\libero\vision_pipeline\component\work\PF_DDR4_C0_DDRPHY_BLK\IOD_BA\PF_DDR4_C0_DDRPHY_BLK_IOD_BA_PF_IOD.v'.
Reading file 'C:\Users\c79828\Documents\HLS_Work\fpga-hls-libraries\vision\demo_designs\PF_Video_kit\libero\vision_pipeline\component\work\PF_DDR4_C0_DDRPHY_BLK\IOD_BCLK_TRAINING\PF_DDR4_C0_DDRPHY_BLK_IOD_BCLK_TRAINING_PF_IOD.v'.
Reading file 'C:\Users\c79828\Documents\HLS_Work\fpga-hls-libraries\vision\demo_designs\PF_Video_kit\libero\vision_pipeline\component\work\PF_DDR4_C0_DDRPHY_BLK\IOD_BG\PF_DDR4_C0_DDRPHY_BLK_IOD_BG_PF_IOD.v'.
Reading file 'C:\Users\c79828\Documents\HLS_Work\fpga-hls-libraries\vision\demo_designs\PF_Video_kit\libero\vision_pipeline\component\work\PF_DDR4_C0_DDRPHY_BLK\IOD_CAS_N\PF_DDR4_C0_DDRPHY_BLK_IOD_CAS_N_PF_IOD.v'.
Reading file 'C:\Users\c79828\Documents\HLS_Work\fpga-hls-libraries\vision\demo_designs\PF_Video_kit\libero\vision_pipeline\component\work\PF_DDR4_C0_DDRPHY_BLK\IOD_CKE\PF_DDR4_C0_DDRPHY_BLK_IOD_CKE_PF_IOD.v'.
Reading file 'C:\Users\c79828\Documents\HLS_Work\fpga-hls-libraries\vision\demo_designs\PF_Video_kit\libero\vision_pipeline\component\work\PF_DDR4_C0_DDRPHY_BLK\IOD_CS_N\PF_DDR4_C0_DDRPHY_BLK_IOD_CS_N_PF_IOD.v'.
Reading file 'C:\Users\c79828\Documents\HLS_Work\fpga-hls-libraries\vision\demo_designs\PF_Video_kit\libero\vision_pipeline\component\work\PF_DDR4_C0_DDRPHY_BLK\IOD_ODT\PF_DDR4_C0_DDRPHY_BLK_IOD_ODT_PF_IOD.v'.
Reading file 'C:\Users\c79828\Documents\HLS_Work\fpga-hls-libraries\vision\demo_designs\PF_Video_kit\libero\vision_pipeline\component\work\PF_DDR4_C0_DDRPHY_BLK\IOD_RAS_N\PF_DDR4_C0_DDRPHY_BLK_IOD_RAS_N_PF_IOD.v'.
Reading file 'C:\Users\c79828\Documents\HLS_Work\fpga-hls-libraries\vision\demo_designs\PF_Video_kit\libero\vision_pipeline\component\work\PF_DDR4_C0_DDRPHY_BLK\IOD_REF_CLK_TRAINING\PF_DDR4_C0_DDRPHY_BLK_IOD_REF_CLK_TRAINING_PF_IOD.v'.
Reading file 'C:\Users\c79828\Documents\HLS_Work\fpga-hls-libraries\vision\demo_designs\PF_Video_kit\libero\vision_pipeline\component\work\PF_DDR4_C0_DDRPHY_BLK\IOD_RESET_N\PF_DDR4_C0_DDRPHY_BLK_IOD_RESET_N_PF_IOD.v'.
Reading file 'C:\Users\c79828\Documents\HLS_Work\fpga-hls-libraries\vision\demo_designs\PF_Video_kit\libero\vision_pipeline\component\Actel\DirectCore\COREDDR_TIP\2.2.100\rtl\vlog\core\APB_IOG_CTRL_SM.v'.
Reading file 'C:\Users\c79828\Documents\HLS_Work\fpga-hls-libraries\vision\demo_designs\PF_Video_kit\libero\vision_pipeline\component\Actel\DirectCore\COREDDR_TIP\2.2.100\rtl\vlog\core\dq_align_dqs_optimization.v'.
Reading file 'C:\Users\c79828\Documents\HLS_Work\fpga-hls-libraries\vision\demo_designs\PF_Video_kit\libero\vision_pipeline\component\Actel\DirectCore\COREDDR_TIP\2.2.100\rtl\vlog\core\gate_training.v'.
Reading file 'C:\Users\c79828\Documents\HLS_Work\fpga-hls-libraries\vision\demo_designs\PF_Video_kit\libero\vision_pipeline\component\Actel\DirectCore\COREDDR_TIP\2.2.100\rtl\vlog\core\APB_IF.v'.
Reading file 'C:\Users\c79828\Documents\HLS_Work\fpga-hls-libraries\vision\demo_designs\PF_Video_kit\libero\vision_pipeline\component\Actel\DirectCore\COREDDR_TIP\2.2.100\rtl\vlog\core\DLL_MON.v'.
Reading file 'C:\Users\c79828\Documents\HLS_Work\fpga-hls-libraries\vision\demo_designs\PF_Video_kit\libero\vision_pipeline\component\Actel\DirectCore\COREDDR_TIP\2.2.100\rtl\vlog\core\IOG_IF.v'.
Reading file 'C:\Users\c79828\Documents\HLS_Work\fpga-hls-libraries\vision\demo_designs\PF_Video_kit\libero\vision_pipeline\component\Actel\DirectCore\COREDDR_TIP\2.2.100\rtl\vlog\core\LEVELLING.v'.
Reading file 'C:\Users\c79828\Documents\HLS_Work\fpga-hls-libraries\vision\demo_designs\PF_Video_kit\libero\vision_pipeline\component\Actel\DirectCore\COREDDR_TIP\2.2.100\rtl\vlog\core\PHY_SIG_MOD.v'.
Reading file 'C:\Users\c79828\Documents\HLS_Work\fpga-hls-libraries\vision\demo_designs\PF_Video_kit\libero\vision_pipeline\component\Actel\DirectCore\COREDDR_TIP\2.2.100\rtl\vlog\core\RDLVL_SMS.v'.
Reading file 'C:\Users\c79828\Documents\HLS_Work\fpga-hls-libraries\vision\demo_designs\PF_Video_kit\libero\vision_pipeline\component\Actel\DirectCore\COREDDR_TIP\2.2.100\rtl\vlog\core\RDLVL_TRAIN.v'.
Reading file 'C:\Users\c79828\Documents\HLS_Work\fpga-hls-libraries\vision\demo_designs\PF_Video_kit\libero\vision_pipeline\component\Actel\DirectCore\COREDDR_TIP\2.2.100\rtl\vlog\core\RDLVL.v'.
Reading file 'C:\Users\c79828\Documents\HLS_Work\fpga-hls-libraries\vision\demo_designs\PF_Video_kit\libero\vision_pipeline\component\Actel\DirectCore\COREDDR_TIP\2.2.100\rtl\vlog\core\TIP_CTRL_BLK.v'.
Reading file 'C:\Users\c79828\Documents\HLS_Work\fpga-hls-libraries\vision\demo_designs\PF_Video_kit\libero\vision_pipeline\component\Actel\DirectCore\COREDDR_TIP\2.2.100\rtl\vlog\core\trn_cmdaddr.v'.
Reading file 'C:\Users\c79828\Documents\HLS_Work\fpga-hls-libraries\vision\demo_designs\PF_Video_kit\libero\vision_pipeline\component\Actel\DirectCore\COREDDR_TIP\2.2.100\rtl\vlog\core\trn_bclksclk.v'.
Reading file 'C:\Users\c79828\Documents\HLS_Work\fpga-hls-libraries\vision\demo_designs\PF_Video_kit\libero\vision_pipeline\component\Actel\DirectCore\COREDDR_TIP\2.2.100\rtl\vlog\core\trn_dqsw.v'.
Reading file 'C:\Users\c79828\Documents\HLS_Work\fpga-hls-libraries\vision\demo_designs\PF_Video_kit\libero\vision_pipeline\component\Actel\DirectCore\COREDDR_TIP\2.2.100\rtl\vlog\core\TRN_CLK.v'.
Reading file 'C:\Users\c79828\Documents\HLS_Work\fpga-hls-libraries\vision\demo_designs\PF_Video_kit\libero\vision_pipeline\component\Actel\DirectCore\COREDDR_TIP\2.2.100\rtl\vlog\core\TRN_COMPLETE.v'.
Reading file 'C:\Users\c79828\Documents\HLS_Work\fpga-hls-libraries\vision\demo_designs\PF_Video_kit\libero\vision_pipeline\component\Actel\DirectCore\COREDDR_TIP\2.2.100\rtl\vlog\core\VREF_TR.v'.
Reading file 'C:\Users\c79828\Documents\HLS_Work\fpga-hls-libraries\vision\demo_designs\PF_Video_kit\libero\vision_pipeline\component\Actel\DirectCore\COREDDR_TIP\2.2.100\rtl\vlog\core\WRLVL_BOT.v'.
Reading file 'C:\Users\c79828\Documents\HLS_Work\fpga-hls-libraries\vision\demo_designs\PF_Video_kit\libero\vision_pipeline\component\Actel\DirectCore\COREDDR_TIP\2.2.100\rtl\vlog\core\WRLVL.v'.
Reading file 'C:\Users\c79828\Documents\HLS_Work\fpga-hls-libraries\vision\demo_designs\PF_Video_kit\libero\vision_pipeline\component\Actel\DirectCore\COREDDR_TIP\2.2.100\rtl\vlog\core\FIFO_BLK.v'.
Reading file 'C:\Users\c79828\Documents\HLS_Work\fpga-hls-libraries\vision\demo_designs\PF_Video_kit\libero\vision_pipeline\component\Actel\DirectCore\COREDDR_TIP\2.2.100\rtl\vlog\core\LANE_ALIGNMENT.v'.
Reading file 'C:\Users\c79828\Documents\HLS_Work\fpga-hls-libraries\vision\demo_designs\PF_Video_kit\libero\vision_pipeline\component\Actel\DirectCore\COREDDR_TIP\2.2.100\rtl\vlog\core\LANE_CTRL.v'.
Reading file 'C:\Users\c79828\Documents\HLS_Work\fpga-hls-libraries\vision\demo_designs\PF_Video_kit\libero\vision_pipeline\component\Actel\DirectCore\COREDDR_TIP\2.2.100\rtl\vlog\core\DELAY_CTRL.v'.
Reading file 'C:\Users\c79828\Documents\HLS_Work\fpga-hls-libraries\vision\demo_designs\PF_Video_kit\libero\vision_pipeline\component\Actel\DirectCore\COREDDR_TIP\2.2.100\rtl\vlog\core\CoreDDR_TIP_INT.v'.
Reading file 'C:\Users\c79828\Documents\HLS_Work\fpga-hls-libraries\vision\demo_designs\PF_Video_kit\libero\vision_pipeline\component\Actel\DirectCore\COREDDR_TIP\2.2.100\rtl\vlog\core\ram_simple_dp.v'.
Reading file 'C:\Users\c79828\Documents\HLS_Work\fpga-hls-libraries\vision\demo_designs\PF_Video_kit\libero\vision_pipeline\component\Actel\DirectCore\COREDDR_TIP\2.2.100\rtl\vlog\core\flag_generator.v'.
Reading file 'C:\Users\c79828\Documents\HLS_Work\fpga-hls-libraries\vision\demo_designs\PF_Video_kit\libero\vision_pipeline\component\Actel\DirectCore\COREDDR_TIP\2.2.100\rtl\vlog\core\ddr4_vref.v'.
Reading file 'C:\Users\c79828\Documents\HLS_Work\fpga-hls-libraries\vision\demo_designs\PF_Video_kit\libero\vision_pipeline\component\Actel\DirectCore\COREDDR_TIP\2.2.100\rtl\vlog\core\write_callibrator.v'.
Reading file 'C:\Users\c79828\Documents\HLS_Work\fpga-hls-libraries\vision\demo_designs\PF_Video_kit\libero\vision_pipeline\component\Actel\DirectCore\COREDDR_TIP\2.2.100\rtl\vlog\core\ddr_init_iterator.v'.
Reading file 'C:\Users\c79828\Documents\HLS_Work\fpga-hls-libraries\vision\demo_designs\PF_Video_kit\libero\vision_pipeline\component\Actel\DirectCore\COREDDR_TIP\2.2.100\rtl\vlog\core\register_bank.v'.
Reading file 'C:\Users\c79828\Documents\HLS_Work\fpga-hls-libraries\vision\demo_designs\PF_Video_kit\libero\vision_pipeline\component\Actel\DirectCore\COREDDR_TIP\2.2.100\rtl\vlog\core\CoreDDR_TIP_SYN.v'.
Reading file 'C:\Users\c79828\Documents\HLS_Work\fpga-hls-libraries\vision\demo_designs\PF_Video_kit\libero\vision_pipeline\component\work\PF_DDR4_C0_DDRPHY_BLK\IOD_WE_N\PF_DDR4_C0_DDRPHY_BLK_IOD_WE_N_PF_IOD.v'.
Reading file 'C:\Users\c79828\Documents\HLS_Work\fpga-hls-libraries\vision\demo_designs\PF_Video_kit\libero\vision_pipeline\component\work\PF_DDR4_C0_DDRPHY_BLK\LANE_0_CTRL\PF_DDR4_C0_DDRPHY_BLK_LANE_0_CTRL_PF_LANECTRL.v'.
Reading file 'C:\Users\c79828\Documents\HLS_Work\fpga-hls-libraries\vision\demo_designs\PF_Video_kit\libero\vision_pipeline\component\work\PF_DDR4_C0_DDRPHY_BLK\LANE_0_CTRL\PF_LANECTRL_PAUSE_SYNC.v'.
Reading file 'C:\Users\c79828\Documents\HLS_Work\fpga-hls-libraries\vision\demo_designs\PF_Video_kit\libero\vision_pipeline\component\work\PF_DDR4_C0_DDRPHY_BLK\LANE_0_IOD_DM\PF_DDR4_C0_DDRPHY_BLK_LANE_0_IOD_DM_PF_IOD.v'.
Reading file 'C:\Users\c79828\Documents\HLS_Work\fpga-hls-libraries\vision\demo_designs\PF_Video_kit\libero\vision_pipeline\component\work\PF_DDR4_C0_DDRPHY_BLK\LANE_0_IOD_DQ\PF_DDR4_C0_DDRPHY_BLK_LANE_0_IOD_DQ_PF_IOD.v'.
Reading file 'C:\Users\c79828\Documents\HLS_Work\fpga-hls-libraries\vision\demo_designs\PF_Video_kit\libero\vision_pipeline\component\work\PF_DDR4_C0_DDRPHY_BLK\LANE_0_IOD_DQS\PF_DDR4_C0_DDRPHY_BLK_LANE_0_IOD_DQS_PF_IOD.v'.
Reading file 'C:\Users\c79828\Documents\HLS_Work\fpga-hls-libraries\vision\demo_designs\PF_Video_kit\libero\vision_pipeline\component\work\PF_DDR4_C0_DDRPHY_BLK\LANE_0_IOD_DQSW_TRAINING\PF_DDR4_C0_DDRPHY_BLK_LANE_0_IOD_DQSW_TRAINING_PF_IOD.v'.
Reading file 'C:\Users\c79828\Documents\HLS_Work\fpga-hls-libraries\vision\demo_designs\PF_Video_kit\libero\vision_pipeline\component\work\PF_DDR4_C0_DDRPHY_BLK\LANE_0_IOD_READ_TRAINING\PF_DDR4_C0_DDRPHY_BLK_LANE_0_IOD_READ_TRAINING_PF_IOD.v'.
Reading file 'C:\Users\c79828\Documents\HLS_Work\fpga-hls-libraries\vision\demo_designs\PF_Video_kit\libero\vision_pipeline\component\work\PF_DDR4_C0_DDRPHY_BLK\LANE_1_CTRL\PF_DDR4_C0_DDRPHY_BLK_LANE_1_CTRL_PF_LANECTRL.v'.
Reading file 'C:\Users\c79828\Documents\HLS_Work\fpga-hls-libraries\vision\demo_designs\PF_Video_kit\libero\vision_pipeline\component\work\PF_DDR4_C0_DDRPHY_BLK\LANE_1_CTRL\PF_LANECTRL_PAUSE_SYNC.v'.
Reading file 'C:\Users\c79828\Documents\HLS_Work\fpga-hls-libraries\vision\demo_designs\PF_Video_kit\libero\vision_pipeline\component\work\PF_DDR4_C0_DDRPHY_BLK\LANE_1_IOD_DM\PF_DDR4_C0_DDRPHY_BLK_LANE_1_IOD_DM_PF_IOD.v'.
Reading file 'C:\Users\c79828\Documents\HLS_Work\fpga-hls-libraries\vision\demo_designs\PF_Video_kit\libero\vision_pipeline\component\work\PF_DDR4_C0_DDRPHY_BLK\LANE_1_IOD_DQ\PF_DDR4_C0_DDRPHY_BLK_LANE_1_IOD_DQ_PF_IOD.v'.
Reading file 'C:\Users\c79828\Documents\HLS_Work\fpga-hls-libraries\vision\demo_designs\PF_Video_kit\libero\vision_pipeline\component\work\PF_DDR4_C0_DDRPHY_BLK\LANE_1_IOD_DQS\PF_DDR4_C0_DDRPHY_BLK_LANE_1_IOD_DQS_PF_IOD.v'.
Reading file 'C:\Users\c79828\Documents\HLS_Work\fpga-hls-libraries\vision\demo_designs\PF_Video_kit\libero\vision_pipeline\component\work\PF_DDR4_C0_DDRPHY_BLK\LANE_1_IOD_DQSW_TRAINING\PF_DDR4_C0_DDRPHY_BLK_LANE_1_IOD_DQSW_TRAINING_PF_IOD.v'.
Reading file 'C:\Users\c79828\Documents\HLS_Work\fpga-hls-libraries\vision\demo_designs\PF_Video_kit\libero\vision_pipeline\component\work\PF_DDR4_C0_DDRPHY_BLK\LANE_1_IOD_READ_TRAINING\PF_DDR4_C0_DDRPHY_BLK_LANE_1_IOD_READ_TRAINING_PF_IOD.v'.
Reading file 'C:\Users\c79828\Documents\HLS_Work\fpga-hls-libraries\vision\demo_designs\PF_Video_kit\libero\vision_pipeline\component\work\PF_DDR4_C0_DDRPHY_BLK\LANE_2_CTRL\PF_DDR4_C0_DDRPHY_BLK_LANE_2_CTRL_PF_LANECTRL.v'.
Reading file 'C:\Users\c79828\Documents\HLS_Work\fpga-hls-libraries\vision\demo_designs\PF_Video_kit\libero\vision_pipeline\component\work\PF_DDR4_C0_DDRPHY_BLK\LANE_2_CTRL\PF_LANECTRL_PAUSE_SYNC.v'.
Reading file 'C:\Users\c79828\Documents\HLS_Work\fpga-hls-libraries\vision\demo_designs\PF_Video_kit\libero\vision_pipeline\component\work\PF_DDR4_C0_DDRPHY_BLK\LANE_2_IOD_DM\PF_DDR4_C0_DDRPHY_BLK_LANE_2_IOD_DM_PF_IOD.v'.
Reading file 'C:\Users\c79828\Documents\HLS_Work\fpga-hls-libraries\vision\demo_designs\PF_Video_kit\libero\vision_pipeline\component\work\PF_DDR4_C0_DDRPHY_BLK\LANE_2_IOD_DQ\PF_DDR4_C0_DDRPHY_BLK_LANE_2_IOD_DQ_PF_IOD.v'.
Reading file 'C:\Users\c79828\Documents\HLS_Work\fpga-hls-libraries\vision\demo_designs\PF_Video_kit\libero\vision_pipeline\component\work\PF_DDR4_C0_DDRPHY_BLK\LANE_2_IOD_DQS\PF_DDR4_C0_DDRPHY_BLK_LANE_2_IOD_DQS_PF_IOD.v'.
Reading file 'C:\Users\c79828\Documents\HLS_Work\fpga-hls-libraries\vision\demo_designs\PF_Video_kit\libero\vision_pipeline\component\work\PF_DDR4_C0_DDRPHY_BLK\LANE_2_IOD_DQSW_TRAINING\PF_DDR4_C0_DDRPHY_BLK_LANE_2_IOD_DQSW_TRAINING_PF_IOD.v'.
Reading file 'C:\Users\c79828\Documents\HLS_Work\fpga-hls-libraries\vision\demo_designs\PF_Video_kit\libero\vision_pipeline\component\work\PF_DDR4_C0_DDRPHY_BLK\LANE_2_IOD_READ_TRAINING\PF_DDR4_C0_DDRPHY_BLK_LANE_2_IOD_READ_TRAINING_PF_IOD.v'.
Reading file 'C:\Users\c79828\Documents\HLS_Work\fpga-hls-libraries\vision\demo_designs\PF_Video_kit\libero\vision_pipeline\component\work\PF_DDR4_C0_DDRPHY_BLK\LANE_3_CTRL\PF_DDR4_C0_DDRPHY_BLK_LANE_3_CTRL_PF_LANECTRL.v'.
Reading file 'C:\Users\c79828\Documents\HLS_Work\fpga-hls-libraries\vision\demo_designs\PF_Video_kit\libero\vision_pipeline\component\work\PF_DDR4_C0_DDRPHY_BLK\LANE_3_CTRL\PF_LANECTRL_PAUSE_SYNC.v'.
Reading file 'C:\Users\c79828\Documents\HLS_Work\fpga-hls-libraries\vision\demo_designs\PF_Video_kit\libero\vision_pipeline\component\work\PF_DDR4_C0_DDRPHY_BLK\LANE_3_IOD_DM\PF_DDR4_C0_DDRPHY_BLK_LANE_3_IOD_DM_PF_IOD.v'.
Reading file 'C:\Users\c79828\Documents\HLS_Work\fpga-hls-libraries\vision\demo_designs\PF_Video_kit\libero\vision_pipeline\component\work\PF_DDR4_C0_DDRPHY_BLK\LANE_3_IOD_DQ\PF_DDR4_C0_DDRPHY_BLK_LANE_3_IOD_DQ_PF_IOD.v'.
Reading file 'C:\Users\c79828\Documents\HLS_Work\fpga-hls-libraries\vision\demo_designs\PF_Video_kit\libero\vision_pipeline\component\work\PF_DDR4_C0_DDRPHY_BLK\LANE_3_IOD_DQS\PF_DDR4_C0_DDRPHY_BLK_LANE_3_IOD_DQS_PF_IOD.v'.
Reading file 'C:\Users\c79828\Documents\HLS_Work\fpga-hls-libraries\vision\demo_designs\PF_Video_kit\libero\vision_pipeline\component\work\PF_DDR4_C0_DDRPHY_BLK\LANE_3_IOD_DQSW_TRAINING\PF_DDR4_C0_DDRPHY_BLK_LANE_3_IOD_DQSW_TRAINING_PF_IOD.v'.
Reading file 'C:\Users\c79828\Documents\HLS_Work\fpga-hls-libraries\vision\demo_designs\PF_Video_kit\libero\vision_pipeline\component\work\PF_DDR4_C0_DDRPHY_BLK\LANE_3_IOD_READ_TRAINING\PF_DDR4_C0_DDRPHY_BLK_LANE_3_IOD_READ_TRAINING_PF_IOD.v'.
Reading file 'C:\Users\c79828\Documents\HLS_Work\fpga-hls-libraries\vision\demo_designs\PF_Video_kit\libero\vision_pipeline\component\work\PF_DDR4_C0_DDRPHY_BLK\LANE_4_CTRL\PF_DDR4_C0_DDRPHY_BLK_LANE_4_CTRL_PF_LANECTRL.v'.
Reading file 'C:\Users\c79828\Documents\HLS_Work\fpga-hls-libraries\vision\demo_designs\PF_Video_kit\libero\vision_pipeline\component\work\PF_DDR4_C0_DDRPHY_BLK\LANE_4_CTRL\PF_LANECTRL_PAUSE_SYNC.v'.
Reading file 'C:\Users\c79828\Documents\HLS_Work\fpga-hls-libraries\vision\demo_designs\PF_Video_kit\libero\vision_pipeline\component\work\PF_DDR4_C0_DDRPHY_BLK\LANE_4_IOD_DM\PF_DDR4_C0_DDRPHY_BLK_LANE_4_IOD_DM_PF_IOD.v'.
Reading file 'C:\Users\c79828\Documents\HLS_Work\fpga-hls-libraries\vision\demo_designs\PF_Video_kit\libero\vision_pipeline\component\work\PF_DDR4_C0_DDRPHY_BLK\LANE_4_IOD_DQ\PF_DDR4_C0_DDRPHY_BLK_LANE_4_IOD_DQ_PF_IOD.v'.
Reading file 'C:\Users\c79828\Documents\HLS_Work\fpga-hls-libraries\vision\demo_designs\PF_Video_kit\libero\vision_pipeline\component\work\PF_DDR4_C0_DDRPHY_BLK\LANE_4_IOD_DQS\PF_DDR4_C0_DDRPHY_BLK_LANE_4_IOD_DQS_PF_IOD.v'.
Reading file 'C:\Users\c79828\Documents\HLS_Work\fpga-hls-libraries\vision\demo_designs\PF_Video_kit\libero\vision_pipeline\component\work\PF_DDR4_C0_DDRPHY_BLK\LANE_4_IOD_DQSW_TRAINING\PF_DDR4_C0_DDRPHY_BLK_LANE_4_IOD_DQSW_TRAINING_PF_IOD.v'.
Reading file 'C:\Users\c79828\Documents\HLS_Work\fpga-hls-libraries\vision\demo_designs\PF_Video_kit\libero\vision_pipeline\component\work\PF_DDR4_C0_DDRPHY_BLK\LANE_4_IOD_READ_TRAINING\PF_DDR4_C0_DDRPHY_BLK_LANE_4_IOD_READ_TRAINING_PF_IOD.v'.
Reading file 'C:\Users\c79828\Documents\HLS_Work\fpga-hls-libraries\vision\demo_designs\PF_Video_kit\libero\vision_pipeline\component\work\PF_DDR4_C0_DDRPHY_BLK\LANE_5_CTRL\PF_DDR4_C0_DDRPHY_BLK_LANE_5_CTRL_PF_LANECTRL.v'.
Reading file 'C:\Users\c79828\Documents\HLS_Work\fpga-hls-libraries\vision\demo_designs\PF_Video_kit\libero\vision_pipeline\component\work\PF_DDR4_C0_DDRPHY_BLK\LANE_5_CTRL\PF_LANECTRL_PAUSE_SYNC.v'.
Reading file 'C:\Users\c79828\Documents\HLS_Work\fpga-hls-libraries\vision\demo_designs\PF_Video_kit\libero\vision_pipeline\component\work\PF_DDR4_C0_DDRPHY_BLK\LANE_5_IOD_DM\PF_DDR4_C0_DDRPHY_BLK_LANE_5_IOD_DM_PF_IOD.v'.
Reading file 'C:\Users\c79828\Documents\HLS_Work\fpga-hls-libraries\vision\demo_designs\PF_Video_kit\libero\vision_pipeline\component\work\PF_DDR4_C0_DDRPHY_BLK\LANE_5_IOD_DQ\PF_DDR4_C0_DDRPHY_BLK_LANE_5_IOD_DQ_PF_IOD.v'.
Reading file 'C:\Users\c79828\Documents\HLS_Work\fpga-hls-libraries\vision\demo_designs\PF_Video_kit\libero\vision_pipeline\component\work\PF_DDR4_C0_DDRPHY_BLK\LANE_5_IOD_DQS\PF_DDR4_C0_DDRPHY_BLK_LANE_5_IOD_DQS_PF_IOD.v'.
Reading file 'C:\Users\c79828\Documents\HLS_Work\fpga-hls-libraries\vision\demo_designs\PF_Video_kit\libero\vision_pipeline\component\work\PF_DDR4_C0_DDRPHY_BLK\LANE_5_IOD_DQSW_TRAINING\PF_DDR4_C0_DDRPHY_BLK_LANE_5_IOD_DQSW_TRAINING_PF_IOD.v'.
Reading file 'C:\Users\c79828\Documents\HLS_Work\fpga-hls-libraries\vision\demo_designs\PF_Video_kit\libero\vision_pipeline\component\work\PF_DDR4_C0_DDRPHY_BLK\LANE_5_IOD_READ_TRAINING\PF_DDR4_C0_DDRPHY_BLK_LANE_5_IOD_READ_TRAINING_PF_IOD.v'.
Reading file 'C:\Users\c79828\Documents\HLS_Work\fpga-hls-libraries\vision\demo_designs\PF_Video_kit\libero\vision_pipeline\component\work\PF_DDR4_C0_DDRPHY_BLK\LANE_6_CTRL\PF_DDR4_C0_DDRPHY_BLK_LANE_6_CTRL_PF_LANECTRL.v'.
Reading file 'C:\Users\c79828\Documents\HLS_Work\fpga-hls-libraries\vision\demo_designs\PF_Video_kit\libero\vision_pipeline\component\work\PF_DDR4_C0_DDRPHY_BLK\LANE_6_CTRL\PF_LANECTRL_PAUSE_SYNC.v'.
Reading file 'C:\Users\c79828\Documents\HLS_Work\fpga-hls-libraries\vision\demo_designs\PF_Video_kit\libero\vision_pipeline\component\work\PF_DDR4_C0_DDRPHY_BLK\LANE_6_IOD_DM\PF_DDR4_C0_DDRPHY_BLK_LANE_6_IOD_DM_PF_IOD.v'.
Reading file 'C:\Users\c79828\Documents\HLS_Work\fpga-hls-libraries\vision\demo_designs\PF_Video_kit\libero\vision_pipeline\component\work\PF_DDR4_C0_DDRPHY_BLK\LANE_6_IOD_DQ\PF_DDR4_C0_DDRPHY_BLK_LANE_6_IOD_DQ_PF_IOD.v'.
Reading file 'C:\Users\c79828\Documents\HLS_Work\fpga-hls-libraries\vision\demo_designs\PF_Video_kit\libero\vision_pipeline\component\work\PF_DDR4_C0_DDRPHY_BLK\LANE_6_IOD_DQS\PF_DDR4_C0_DDRPHY_BLK_LANE_6_IOD_DQS_PF_IOD.v'.
Reading file 'C:\Users\c79828\Documents\HLS_Work\fpga-hls-libraries\vision\demo_designs\PF_Video_kit\libero\vision_pipeline\component\work\PF_DDR4_C0_DDRPHY_BLK\LANE_6_IOD_DQSW_TRAINING\PF_DDR4_C0_DDRPHY_BLK_LANE_6_IOD_DQSW_TRAINING_PF_IOD.v'.
Reading file 'C:\Users\c79828\Documents\HLS_Work\fpga-hls-libraries\vision\demo_designs\PF_Video_kit\libero\vision_pipeline\component\work\PF_DDR4_C0_DDRPHY_BLK\LANE_6_IOD_READ_TRAINING\PF_DDR4_C0_DDRPHY_BLK_LANE_6_IOD_READ_TRAINING_PF_IOD.v'.
Reading file 'C:\Users\c79828\Documents\HLS_Work\fpga-hls-libraries\vision\demo_designs\PF_Video_kit\libero\vision_pipeline\component\work\PF_DDR4_C0_DDRPHY_BLK\LANE_7_CTRL\PF_DDR4_C0_DDRPHY_BLK_LANE_7_CTRL_PF_LANECTRL.v'.
Reading file 'C:\Users\c79828\Documents\HLS_Work\fpga-hls-libraries\vision\demo_designs\PF_Video_kit\libero\vision_pipeline\component\work\PF_DDR4_C0_DDRPHY_BLK\LANE_7_CTRL\PF_LANECTRL_PAUSE_SYNC.v'.
Reading file 'C:\Users\c79828\Documents\HLS_Work\fpga-hls-libraries\vision\demo_designs\PF_Video_kit\libero\vision_pipeline\component\work\PF_DDR4_C0_DDRPHY_BLK\LANE_7_IOD_DM\PF_DDR4_C0_DDRPHY_BLK_LANE_7_IOD_DM_PF_IOD.v'.
Reading file 'C:\Users\c79828\Documents\HLS_Work\fpga-hls-libraries\vision\demo_designs\PF_Video_kit\libero\vision_pipeline\component\work\PF_DDR4_C0_DDRPHY_BLK\LANE_7_IOD_DQ\PF_DDR4_C0_DDRPHY_BLK_LANE_7_IOD_DQ_PF_IOD.v'.
Reading file 'C:\Users\c79828\Documents\HLS_Work\fpga-hls-libraries\vision\demo_designs\PF_Video_kit\libero\vision_pipeline\component\work\PF_DDR4_C0_DDRPHY_BLK\LANE_7_IOD_DQS\PF_DDR4_C0_DDRPHY_BLK_LANE_7_IOD_DQS_PF_IOD.v'.
Reading file 'C:\Users\c79828\Documents\HLS_Work\fpga-hls-libraries\vision\demo_designs\PF_Video_kit\libero\vision_pipeline\component\work\PF_DDR4_C0_DDRPHY_BLK\LANE_7_IOD_DQSW_TRAINING\PF_DDR4_C0_DDRPHY_BLK_LANE_7_IOD_DQSW_TRAINING_PF_IOD.v'.
Reading file 'C:\Users\c79828\Documents\HLS_Work\fpga-hls-libraries\vision\demo_designs\PF_Video_kit\libero\vision_pipeline\component\work\PF_DDR4_C0_DDRPHY_BLK\LANE_7_IOD_READ_TRAINING\PF_DDR4_C0_DDRPHY_BLK_LANE_7_IOD_READ_TRAINING_PF_IOD.v'.
Reading file 'C:\Users\c79828\Documents\HLS_Work\fpga-hls-libraries\vision\demo_designs\PF_Video_kit\libero\vision_pipeline\component\work\PF_DDR4_C0_DDRPHY_BLK\LANECTRL_ADDR_CMD_0\PF_DDR4_C0_DDRPHY_BLK_LANECTRL_ADDR_CMD_0_PF_LANECTRL.v'.
Reading file 'C:\Users\c79828\Documents\HLS_Work\fpga-hls-libraries\vision\demo_designs\PF_Video_kit\libero\vision_pipeline\component\work\PF_DDR4_C0_DDRPHY_BLK\LANECTRL_ADDR_CMD_0\PF_LANECTRL_PAUSE_SYNC.v'.
Reading file 'C:\Users\c79828\Documents\HLS_Work\fpga-hls-libraries\vision\demo_designs\PF_Video_kit\libero\vision_pipeline\component\work\PF_INIT_MONITOR_C0\PF_INIT_MONITOR_C0.v'.
Reading file 'C:\Users\c79828\Documents\HLS_Work\fpga-hls-libraries\vision\demo_designs\PF_Video_kit\libero\vision_pipeline\component\work\PF_INIT_MONITOR_C0\PF_INIT_MONITOR_C0_0\PF_INIT_MONITOR_C0_PF_INIT_MONITOR_C0_0_PF_INIT_MONITOR.v'.
Reading file 'C:\Users\c79828\Documents\HLS_Work\fpga-hls-libraries\vision\demo_designs\PF_Video_kit\libero\vision_pipeline\component\work\PF_IOD_GENERIC_RX_C0\PF_IOD_GENERIC_RX_C0.v'.
Reading file 'C:\Users\c79828\Documents\HLS_Work\fpga-hls-libraries\vision\demo_designs\PF_Video_kit\libero\vision_pipeline\component\work\PF_IOD_GENERIC_RX_C0\PF_CLK_DIV_FIFO\PF_IOD_GENERIC_RX_C0_PF_CLK_DIV_FIFO_PF_CLK_DIV_DELAY.v'.
Reading file 'C:\Users\c79828\Documents\HLS_Work\fpga-hls-libraries\vision\demo_designs\PF_Video_kit\libero\vision_pipeline\component\work\PF_IOD_GENERIC_RX_C0\PF_CLK_DIV_RXCLK\PF_IOD_GENERIC_RX_C0_PF_CLK_DIV_RXCLK_PF_CLK_DIV_DELAY.v'.
Reading file 'C:\Users\c79828\Documents\HLS_Work\fpga-hls-libraries\vision\demo_designs\PF_Video_kit\libero\vision_pipeline\component\work\PF_IOD_GENERIC_RX_C0\PF_IOD_CLK_TRAINING\PF_IOD_GENERIC_RX_C0_PF_IOD_CLK_TRAINING_PF_IOD.v'.
Reading file 'C:\Users\c79828\Documents\HLS_Work\fpga-hls-libraries\vision\demo_designs\PF_Video_kit\libero\vision_pipeline\component\work\PF_IOD_GENERIC_RX_C0\PF_IOD_RX\PF_IOD_GENERIC_RX_C0_PF_IOD_RX_PF_IOD.v'.
Reading file 'C:\Users\c79828\Documents\HLS_Work\fpga-hls-libraries\vision\demo_designs\PF_Video_kit\libero\vision_pipeline\component\work\PF_IOD_GENERIC_RX_C0\PF_LANECTRL_0\PF_IOD_GENERIC_RX_C0_PF_LANECTRL_0_PF_LANECTRL.v'.
Reading file 'C:\Users\c79828\Documents\HLS_Work\fpga-hls-libraries\vision\demo_designs\PF_Video_kit\libero\vision_pipeline\component\work\PF_IOD_GENERIC_RX_C0\PF_LANECTRL_0\PF_LANECTRL_PAUSE_SYNC.v'.
Reading file 'C:\Users\c79828\Documents\HLS_Work\fpga-hls-libraries\vision\demo_designs\PF_Video_kit\libero\vision_pipeline\component\work\PF_IOD_GENERIC_RX_C0_TR\PF_IOD_GENERIC_RX_C0_TR.v'.
Reading file 'C:\Users\c79828\Documents\HLS_Work\fpga-hls-libraries\vision\demo_designs\PF_Video_kit\libero\vision_pipeline\component\Actel\DirectCore\COREBCLKSCLKALIGN\3.0.100\rtl\vlog\core\PLL_BclkSclkAlign.v'.
Reading file 'C:\Users\c79828\Documents\HLS_Work\fpga-hls-libraries\vision\demo_designs\PF_Video_kit\libero\vision_pipeline\component\Actel\DirectCore\COREBCLKSCLKALIGN\3.0.100\rtl\vlog\core\ICB_BclkSclkAlign.v'.
Reading file 'C:\Users\c79828\Documents\HLS_Work\fpga-hls-libraries\vision\demo_designs\PF_Video_kit\libero\vision_pipeline\component\Actel\DirectCore\COREBCLKSCLKALIGN\3.0.100\rtl\vlog\test\user\CoreBclkSclkAlign.v'.
Reading file 'C:\Users\c79828\Documents\HLS_Work\fpga-hls-libraries\vision\demo_designs\PF_Video_kit\libero\vision_pipeline\component\Actel\DirectCore\COREBCLKSCLKALIGN\3.0.100\rtl\vlog\test\user\ICB_BclkSclkAlign.v'.
Reading file 'C:\Users\c79828\Documents\HLS_Work\fpga-hls-libraries\vision\demo_designs\PF_Video_kit\libero\vision_pipeline\component\Actel\DirectCore\COREBCLKSCLKALIGN\3.0.100\rtl\vlog\test\user\PF_CCC_C0.v'.
Reading file 'C:\Users\c79828\Documents\HLS_Work\fpga-hls-libraries\vision\demo_designs\PF_Video_kit\libero\vision_pipeline\component\Actel\DirectCore\COREBCLKSCLKALIGN\3.0.100\rtl\vlog\test\user\PF_CCC_C0_PF_CCC_C0_0_PF_CCC.v'.
Reading file 'C:\Users\c79828\Documents\HLS_Work\fpga-hls-libraries\vision\demo_designs\PF_Video_kit\libero\vision_pipeline\component\Actel\DirectCore\COREBCLKSCLKALIGN\3.0.100\rtl\vlog\test\user\PF_DRI_C0.v'.
Reading file 'C:\Users\c79828\Documents\HLS_Work\fpga-hls-libraries\vision\demo_designs\PF_Video_kit\libero\vision_pipeline\component\Actel\DirectCore\COREBCLKSCLKALIGN\3.0.100\rtl\vlog\test\user\PF_DRI_C0_PF_DRI_C0_0_PF_DRI.v'.
Reading file 'C:\Users\c79828\Documents\HLS_Work\fpga-hls-libraries\vision\demo_designs\PF_Video_kit\libero\vision_pipeline\component\Actel\DirectCore\COREBCLKSCLKALIGN\3.0.100\rtl\vlog\test\user\PF_IOD_GENERIC_RX_C1.v'.
Reading file 'C:\Users\c79828\Documents\HLS_Work\fpga-hls-libraries\vision\demo_designs\PF_Video_kit\libero\vision_pipeline\component\Actel\DirectCore\COREBCLKSCLKALIGN\3.0.100\rtl\vlog\test\user\PF_IOD_GENERIC_RX_C1_PF_CLK_DIV_FIFO_PF_CLK_DIV_DELAY.v'.
Reading file 'C:\Users\c79828\Documents\HLS_Work\fpga-hls-libraries\vision\demo_designs\PF_Video_kit\libero\vision_pipeline\component\Actel\DirectCore\COREBCLKSCLKALIGN\3.0.100\rtl\vlog\test\user\PF_IOD_GENERIC_RX_C1_PF_CLK_DIV_RXCLK_PF_CLK_DIV_DELAY.v'.
Reading file 'C:\Users\c79828\Documents\HLS_Work\fpga-hls-libraries\vision\demo_designs\PF_Video_kit\libero\vision_pipeline\component\Actel\DirectCore\COREBCLKSCLKALIGN\3.0.100\rtl\vlog\test\user\PF_IOD_GENERIC_RX_C1_PF_IOD_CLK_TRAINING_PF_IOD.v'.
Reading file 'C:\Users\c79828\Documents\HLS_Work\fpga-hls-libraries\vision\demo_designs\PF_Video_kit\libero\vision_pipeline\component\Actel\DirectCore\COREBCLKSCLKALIGN\3.0.100\rtl\vlog\test\user\PF_IOD_GENERIC_RX_C1_PF_IOD_RX_PF_IOD.v'.
Reading file 'C:\Users\c79828\Documents\HLS_Work\fpga-hls-libraries\vision\demo_designs\PF_Video_kit\libero\vision_pipeline\component\Actel\DirectCore\COREBCLKSCLKALIGN\3.0.100\rtl\vlog\test\user\PF_IOD_GENERIC_RX_C1_PF_LANECTRL_0_PF_LANECTRL.v'.
Reading file 'C:\Users\c79828\Documents\HLS_Work\fpga-hls-libraries\vision\demo_designs\PF_Video_kit\libero\vision_pipeline\component\Actel\DirectCore\COREBCLKSCLKALIGN\3.0.100\rtl\vlog\test\user\PF_IOD_GENERIC_TX_C0.v'.
Reading file 'C:\Users\c79828\Documents\HLS_Work\fpga-hls-libraries\vision\demo_designs\PF_Video_kit\libero\vision_pipeline\component\Actel\DirectCore\COREBCLKSCLKALIGN\3.0.100\rtl\vlog\test\user\PF_IOD_GENERIC_TX_C0_LANECTRL_ADDR_CMD_0_PF_LANECTRL.v'.
Reading file 'C:\Users\c79828\Documents\HLS_Work\fpga-hls-libraries\vision\demo_designs\PF_Video_kit\libero\vision_pipeline\component\Actel\DirectCore\COREBCLKSCLKALIGN\3.0.100\rtl\vlog\test\user\PF_IOD_GENERIC_TX_C0_PF_IOD_CLK_TRAINING_PF_IOD.v'.
Reading file 'C:\Users\c79828\Documents\HLS_Work\fpga-hls-libraries\vision\demo_designs\PF_Video_kit\libero\vision_pipeline\component\Actel\DirectCore\COREBCLKSCLKALIGN\3.0.100\rtl\vlog\test\user\PF_IOD_GENERIC_TX_C0_PF_IOD_TX_CLK_PF_IOD.v'.
Reading file 'C:\Users\c79828\Documents\HLS_Work\fpga-hls-libraries\vision\demo_designs\PF_Video_kit\libero\vision_pipeline\component\Actel\DirectCore\COREBCLKSCLKALIGN\3.0.100\rtl\vlog\test\user\PF_IOD_GENERIC_TX_C0_PF_IOD_TX_PF_IOD.v'.
Reading file 'C:\Users\c79828\Documents\HLS_Work\fpga-hls-libraries\vision\demo_designs\PF_Video_kit\libero\vision_pipeline\component\Actel\DirectCore\COREBCLKSCLKALIGN\3.0.100\rtl\vlog\test\user\PF_LANECTRL_PAUSE_SYNC.v'.
Reading file 'C:\Users\c79828\Documents\HLS_Work\fpga-hls-libraries\vision\demo_designs\PF_Video_kit\libero\vision_pipeline\component\Actel\DirectCore\COREBCLKSCLKALIGN\3.0.100\rtl\vlog\test\user\PF_LANECTRL_PAUSE_SYNC_2.v'.
Reading file 'C:\Users\c79828\Documents\HLS_Work\fpga-hls-libraries\vision\demo_designs\PF_Video_kit\libero\vision_pipeline\component\Actel\DirectCore\COREBCLKSCLKALIGN\3.0.100\rtl\vlog\test\user\PLL_BclkSclkAlign.v'.
Reading file 'C:\Users\c79828\Documents\HLS_Work\fpga-hls-libraries\vision\demo_designs\PF_Video_kit\libero\vision_pipeline\component\work\PF_IOD_GENERIC_RX_C0_TR\PF_IOD_GENERIC_RX_C0_TR_0\rtl\vlog\core\CoreBclkSclkAlign.v'.
Reading file 'C:\Users\c79828\Documents\HLS_Work\fpga-hls-libraries\vision\demo_designs\PF_Video_kit\libero\vision_pipeline\component\work\PF_IOD_GENERIC_RX_C0_TR\PF_IOD_GENERIC_RX_C0_TR_0\rtl\vlog\test\user\BclkSclk_PLL_TX2_1200mbps_SD_wrap.v'.
Reading file 'C:\Users\c79828\Documents\HLS_Work\fpga-hls-libraries\vision\demo_designs\PF_Video_kit\libero\vision_pipeline\component\work\PF_IOD_GENERIC_RX_C0_TR\PF_IOD_GENERIC_RX_C0_TR_0\rtl\vlog\test\user\BclkSclk_PLL_TX2_1200mbps_TB.v'.
Reading file 'C:\Users\c79828\Documents\HLS_Work\fpga-hls-libraries\vision\demo_designs\PF_Video_kit\libero\vision_pipeline\component\Actel\DirectCore\COREBCLKSCLKALIGN\3.0.100\rtl\vlog\test\user\CoreBclkSclkAlign.v'.
Reading file 'C:\Users\c79828\Documents\HLS_Work\fpga-hls-libraries\vision\demo_designs\PF_Video_kit\libero\vision_pipeline\component\Actel\DirectCore\COREBCLKSCLKALIGN\3.0.100\rtl\vlog\test\user\ICB_BclkSclkAlign.v'.
Reading file 'C:\Users\c79828\Documents\HLS_Work\fpga-hls-libraries\vision\demo_designs\PF_Video_kit\libero\vision_pipeline\component\Actel\DirectCore\COREBCLKSCLKALIGN\3.0.100\rtl\vlog\test\user\PF_CCC_C0.v'.
Reading file 'C:\Users\c79828\Documents\HLS_Work\fpga-hls-libraries\vision\demo_designs\PF_Video_kit\libero\vision_pipeline\component\Actel\DirectCore\COREBCLKSCLKALIGN\3.0.100\rtl\vlog\test\user\PF_CCC_C0_PF_CCC_C0_0_PF_CCC.v'.
Reading file 'C:\Users\c79828\Documents\HLS_Work\fpga-hls-libraries\vision\demo_designs\PF_Video_kit\libero\vision_pipeline\component\Actel\DirectCore\COREBCLKSCLKALIGN\3.0.100\rtl\vlog\test\user\PF_DRI_C0.v'.
Reading file 'C:\Users\c79828\Documents\HLS_Work\fpga-hls-libraries\vision\demo_designs\PF_Video_kit\libero\vision_pipeline\component\Actel\DirectCore\COREBCLKSCLKALIGN\3.0.100\rtl\vlog\test\user\PF_DRI_C0_PF_DRI_C0_0_PF_DRI.v'.
Reading file 'C:\Users\c79828\Documents\HLS_Work\fpga-hls-libraries\vision\demo_designs\PF_Video_kit\libero\vision_pipeline\component\Actel\DirectCore\COREBCLKSCLKALIGN\3.0.100\rtl\vlog\test\user\PF_IOD_GENERIC_RX_C1.v'.
Reading file 'C:\Users\c79828\Documents\HLS_Work\fpga-hls-libraries\vision\demo_designs\PF_Video_kit\libero\vision_pipeline\component\Actel\DirectCore\COREBCLKSCLKALIGN\3.0.100\rtl\vlog\test\user\PF_IOD_GENERIC_RX_C1_PF_CLK_DIV_FIFO_PF_CLK_DIV_DELAY.v'.
Reading file 'C:\Users\c79828\Documents\HLS_Work\fpga-hls-libraries\vision\demo_designs\PF_Video_kit\libero\vision_pipeline\component\Actel\DirectCore\COREBCLKSCLKALIGN\3.0.100\rtl\vlog\test\user\PF_IOD_GENERIC_RX_C1_PF_CLK_DIV_RXCLK_PF_CLK_DIV_DELAY.v'.
Reading file 'C:\Users\c79828\Documents\HLS_Work\fpga-hls-libraries\vision\demo_designs\PF_Video_kit\libero\vision_pipeline\component\Actel\DirectCore\COREBCLKSCLKALIGN\3.0.100\rtl\vlog\test\user\PF_IOD_GENERIC_RX_C1_PF_IOD_CLK_TRAINING_PF_IOD.v'.
Reading file 'C:\Users\c79828\Documents\HLS_Work\fpga-hls-libraries\vision\demo_designs\PF_Video_kit\libero\vision_pipeline\component\Actel\DirectCore\COREBCLKSCLKALIGN\3.0.100\rtl\vlog\test\user\PF_IOD_GENERIC_RX_C1_PF_IOD_RX_PF_IOD.v'.
Reading file 'C:\Users\c79828\Documents\HLS_Work\fpga-hls-libraries\vision\demo_designs\PF_Video_kit\libero\vision_pipeline\component\Actel\DirectCore\COREBCLKSCLKALIGN\3.0.100\rtl\vlog\test\user\PF_IOD_GENERIC_RX_C1_PF_LANECTRL_0_PF_LANECTRL.v'.
Reading file 'C:\Users\c79828\Documents\HLS_Work\fpga-hls-libraries\vision\demo_designs\PF_Video_kit\libero\vision_pipeline\component\Actel\DirectCore\COREBCLKSCLKALIGN\3.0.100\rtl\vlog\test\user\PF_IOD_GENERIC_TX_C0.v'.
Reading file 'C:\Users\c79828\Documents\HLS_Work\fpga-hls-libraries\vision\demo_designs\PF_Video_kit\libero\vision_pipeline\component\Actel\DirectCore\COREBCLKSCLKALIGN\3.0.100\rtl\vlog\test\user\PF_IOD_GENERIC_TX_C0_LANECTRL_ADDR_CMD_0_PF_LANECTRL.v'.
Reading file 'C:\Users\c79828\Documents\HLS_Work\fpga-hls-libraries\vision\demo_designs\PF_Video_kit\libero\vision_pipeline\component\Actel\DirectCore\COREBCLKSCLKALIGN\3.0.100\rtl\vlog\test\user\PF_IOD_GENERIC_TX_C0_PF_IOD_CLK_TRAINING_PF_IOD.v'.
Reading file 'C:\Users\c79828\Documents\HLS_Work\fpga-hls-libraries\vision\demo_designs\PF_Video_kit\libero\vision_pipeline\component\Actel\DirectCore\COREBCLKSCLKALIGN\3.0.100\rtl\vlog\test\user\PF_IOD_GENERIC_TX_C0_PF_IOD_TX_CLK_PF_IOD.v'.
Reading file 'C:\Users\c79828\Documents\HLS_Work\fpga-hls-libraries\vision\demo_designs\PF_Video_kit\libero\vision_pipeline\component\Actel\DirectCore\COREBCLKSCLKALIGN\3.0.100\rtl\vlog\test\user\PF_IOD_GENERIC_TX_C0_PF_IOD_TX_PF_IOD.v'.
Reading file 'C:\Users\c79828\Documents\HLS_Work\fpga-hls-libraries\vision\demo_designs\PF_Video_kit\libero\vision_pipeline\component\Actel\DirectCore\COREBCLKSCLKALIGN\3.0.100\rtl\vlog\test\user\PF_LANECTRL_PAUSE_SYNC.v'.
Reading file 'C:\Users\c79828\Documents\HLS_Work\fpga-hls-libraries\vision\demo_designs\PF_Video_kit\libero\vision_pipeline\component\Actel\DirectCore\COREBCLKSCLKALIGN\3.0.100\rtl\vlog\test\user\PF_LANECTRL_PAUSE_SYNC_2.v'.
Reading file 'C:\Users\c79828\Documents\HLS_Work\fpga-hls-libraries\vision\demo_designs\PF_Video_kit\libero\vision_pipeline\component\Actel\DirectCore\COREBCLKSCLKALIGN\3.0.100\rtl\vlog\test\user\PLL_BclkSclkAlign.v'.
Reading file 'C:\Users\c79828\Documents\HLS_Work\fpga-hls-libraries\vision\demo_designs\PF_Video_kit\libero\vision_pipeline\component\work\PF_IOD_GENERIC_RX_C0_TR\PF_IOD_GENERIC_RX_C0_TR_0\rtl\vlog\test\user\prbscheck_parallel_fab_x2.v'.
Reading file 'C:\Users\c79828\Documents\HLS_Work\fpga-hls-libraries\vision\demo_designs\PF_Video_kit\libero\vision_pipeline\component\work\PF_IOD_GENERIC_RX_C0_TR\PF_IOD_GENERIC_RX_C0_TR_0\rtl\vlog\test\user\prbsgen_parallel_fab_x2.v'.
Reading file 'C:\Users\c79828\Documents\HLS_Work\fpga-hls-libraries\vision\demo_designs\PF_Video_kit\libero\vision_pipeline\component\work\PF_IOD_GENERIC_RX_C0_TR\PF_IOD_GENERIC_RX_C0_TR_0\rtl\vlog\test\user\rev_bits_x2.v'.
Reading file 'C:\Users\c79828\Documents\HLS_Work\fpga-hls-libraries\vision\demo_designs\PF_Video_kit\libero\vision_pipeline\component\work\PF_SRAM_AHBL_AXI_C0\PF_SRAM_AHBL_AXI_C0.v'.
Reading file 'C:\Users\c79828\Documents\HLS_Work\fpga-hls-libraries\vision\demo_designs\PF_Video_kit\libero\vision_pipeline\component\work\PF_SRAM_AHBL_AXI_C0\COREAHBLSRAM_PF_0\rtl\vlog\core\CoreAHBLSRAM_AHBLSram.v'.
Reading file 'C:\Users\c79828\Documents\HLS_Work\fpga-hls-libraries\vision\demo_designs\PF_Video_kit\libero\vision_pipeline\component\work\PF_SRAM_AHBL_AXI_C0\COREAHBLSRAM_PF_0\rtl\vlog\core\CoreAHBLSRAM_AHBLSram_RT.v'.
Reading file 'C:\Users\c79828\Documents\HLS_Work\fpga-hls-libraries\vision\demo_designs\PF_Video_kit\libero\vision_pipeline\component\work\PF_SRAM_AHBL_AXI_C0\COREAHBLSRAM_PF_0\rtl\vlog\core\CoreAHBLSRAM_AHBLSram_ECC.v'.
Reading file 'C:\Users\c79828\Documents\HLS_Work\fpga-hls-libraries\vision\demo_designs\PF_Video_kit\libero\vision_pipeline\component\work\PF_SRAM_AHBL_AXI_C0\COREAHBLSRAM_PF_0\rtl\vlog\core\CoreAHBLSRAM_AHBLSram_ECC_RT.v'.
Reading file 'C:\Users\c79828\Documents\HLS_Work\fpga-hls-libraries\vision\demo_designs\PF_Video_kit\libero\vision_pipeline\component\work\PF_SRAM_AHBL_AXI_C0\COREAHBLSRAM_PF_0\rtl\vlog\core\CoreAHBLSRAM_PF.v'.
Reading file 'C:\Users\c79828\Documents\HLS_Work\fpga-hls-libraries\vision\demo_designs\PF_Video_kit\libero\vision_pipeline\component\work\PF_SRAM_AHBL_AXI_C0\PF_TPSRAM_AHB_AXI_0\PF_SRAM_AHBL_AXI_C0_PF_TPSRAM_AHB_AXI_0_PF_TPSRAM.v'.
Reading file 'C:\Users\c79828\Documents\HLS_Work\fpga-hls-libraries\vision\demo_designs\PF_Video_kit\libero\vision_pipeline\component\work\PF_TX_PLL_C0\PF_TX_PLL_C0.v'.
Reading file 'C:\Users\c79828\Documents\HLS_Work\fpga-hls-libraries\vision\demo_designs\PF_Video_kit\libero\vision_pipeline\component\work\PF_TX_PLL_C0\PF_TX_PLL_C0_0\PF_TX_PLL_C0_PF_TX_PLL_C0_0_PF_TX_PLL.v'.
Reading file 'C:\Users\c79828\Documents\HLS_Work\fpga-hls-libraries\vision\demo_designs\PF_Video_kit\libero\vision_pipeline\component\work\PF_XCVR_ERM_C0\PF_XCVR_ERM_C0.v'.
Reading file 'C:\Users\c79828\Documents\HLS_Work\fpga-hls-libraries\vision\demo_designs\PF_Video_kit\libero\vision_pipeline\component\work\PF_XCVR_ERM_C0\I_XCVR\PF_XCVR_ERM_C0_I_XCVR_PF_XCVR.v'.
Reading file 'C:\Users\c79828\Documents\HLS_Work\fpga-hls-libraries\vision\demo_designs\PF_Video_kit\libero\vision_pipeline\component\work\PF_XCVR_REF_CLK_C0\PF_XCVR_REF_CLK_C0.v'.
Reading file 'C:\Users\c79828\Documents\HLS_Work\fpga-hls-libraries\vision\demo_designs\PF_Video_kit\libero\vision_pipeline\component\work\PF_XCVR_REF_CLK_C0\PF_XCVR_REF_CLK_C0_0\PF_XCVR_REF_CLK_C0_PF_XCVR_REF_CLK_C0_0_PF_XCVR_REF_CLK.v'.
Reading file 'C:\Users\c79828\Documents\HLS_Work\fpga-hls-libraries\vision\demo_designs\PF_Video_kit\libero\vision_pipeline\hdl\axis_to_vga_converter.v'.
Reading file 'C:\Users\c79828\Documents\HLS_Work\fpga-hls-libraries\vision\demo_designs\PF_Video_kit\libero\vision_pipeline\hdl\camera_to_axis_converter.v'.
Reading file 'C:\Users\c79828\Documents\HLS_Work\fpga-hls-libraries\vision\demo_designs\PF_Video_kit\libero\vision_pipeline\hdl\FrameBufferControl.v'.
Reading file 'C:\Users\c79828\Documents\HLS_Work\fpga-hls-libraries\vision\demo_designs\PF_Video_kit\libero\vision_pipeline\hdl\VGA_Controller_SHLS.vhd'.
Reading file 'C:\Users\c79828\Documents\HLS_Work\fpga-hls-libraries\vision\demo_designs\PF_Video_kit\hls\hls_output\rtl\hls_DDR_Write_wrapper.v'.
Reading file 'C:\Users\c79828\Documents\HLS_Work\fpga-hls-libraries\vision\demo_designs\PF_Video_kit\hls\hls_output\rtl\hls_VideoPipelineTop.v'.
Reading file 'C:\Users\c79828\Documents\HLS_Work\fpga-hls-libraries\vision\demo_designs\PF_Video_kit\libero\vision_pipeline\component\work\CAM_IOD_TIP_TOP\CAM_IOD_TIP_TOP.v'.
Reading file 'C:\Users\c79828\Documents\HLS_Work\fpga-hls-libraries\vision\demo_designs\PF_Video_kit\libero\vision_pipeline\component\work\CCC\CCC.v'.
Reading file 'C:\Users\c79828\Documents\HLS_Work\fpga-hls-libraries\vision\demo_designs\PF_Video_kit\libero\vision_pipeline\component\work\HDMI_2p0\HDMI_2p0.v'.
Reading file 'C:\Users\c79828\Documents\HLS_Work\fpga-hls-libraries\vision\demo_designs\PF_Video_kit\libero\vision_pipeline\component\work\IMX334_IF_TOP\IMX334_IF_TOP.v'.
Reading file 'C:\Users\c79828\Documents\HLS_Work\fpga-hls-libraries\vision\demo_designs\PF_Video_kit\libero\vision_pipeline\component\work\PROC_SUBSYSTEM\PROC_SUBSYSTEM.v'.
Reading file 'C:\Users\c79828\Documents\HLS_Work\fpga-hls-libraries\vision\demo_designs\PF_Video_kit\libero\vision_pipeline\component\Actel\DirectCore\CoreAHBLite\5.6.105\rtl\vlog\core\coreahblite_addrdec.v'.
Reading file 'C:\Users\c79828\Documents\HLS_Work\fpga-hls-libraries\vision\demo_designs\PF_Video_kit\libero\vision_pipeline\component\Actel\DirectCore\CoreAHBLite\5.6.105\rtl\vlog\core\coreahblite_defaultslavesm.v'.
Reading file 'C:\Users\c79828\Documents\HLS_Work\fpga-hls-libraries\vision\demo_designs\PF_Video_kit\libero\vision_pipeline\component\Actel\DirectCore\CoreAHBLite\5.6.105\rtl\vlog\core\coreahblite_slavearbiter.v'.
Reading file 'C:\Users\c79828\Documents\HLS_Work\fpga-hls-libraries\vision\demo_designs\PF_Video_kit\libero\vision_pipeline\component\Actel\DirectCore\CoreAHBLite\5.6.105\rtl\vlog\core\coreahblite_masterstage.v'.
Reading file 'C:\Users\c79828\Documents\HLS_Work\fpga-hls-libraries\vision\demo_designs\PF_Video_kit\libero\vision_pipeline\component\Actel\DirectCore\CoreAHBLite\5.6.105\rtl\vlog\core\coreahblite_slavestage.v'.
Reading file 'C:\Users\c79828\Documents\HLS_Work\fpga-hls-libraries\vision\demo_designs\PF_Video_kit\libero\vision_pipeline\component\Actel\DirectCore\CoreAHBLite\5.6.105\rtl\vlog\core\coreahblite_matrix4x16.v'.
Reading file 'C:\Users\c79828\Documents\HLS_Work\fpga-hls-libraries\vision\demo_designs\PF_Video_kit\libero\vision_pipeline\component\Actel\DirectCore\CoreAHBLite\5.6.105\rtl\vlog\amba_bfm\bfm_main.v'.
Reading file 'C:\Users\c79828\Documents\HLS_Work\fpga-hls-libraries\vision\demo_designs\PF_Video_kit\libero\vision_pipeline\component\Actel\DirectCore\CoreAHBLite\5.6.105\rtl\vlog\amba_bfm\bfm_ahbl.v'.
Reading file 'C:\Users\c79828\Documents\HLS_Work\fpga-hls-libraries\vision\demo_designs\PF_Video_kit\libero\vision_pipeline\component\Actel\DirectCore\CoreAHBLite\5.6.105\rtl\vlog\amba_bfm\bfm_ahbslaveext.v'.
Reading file 'C:\Users\c79828\Documents\HLS_Work\fpga-hls-libraries\vision\demo_designs\PF_Video_kit\libero\vision_pipeline\component\Actel\DirectCore\CoreAHBLite\5.6.105\rtl\vlog\amba_bfm\bfm_ahbslave.v'.
Reading file 'C:\Users\c79828\Documents\HLS_Work\fpga-hls-libraries\vision\demo_designs\PF_Video_kit\libero\vision_pipeline\component\work\PROC_SUBSYSTEM\CoreAHBLite_0\rtl\vlog\core\coreahblite.v'.
Reading file 'C:\Users\c79828\Documents\HLS_Work\fpga-hls-libraries\vision\demo_designs\PF_Video_kit\libero\vision_pipeline\component\work\PROC_SUBSYSTEM\CoreAHBLite_0\coreparameters.v'.
Reading file 'C:\Users\c79828\Documents\HLS_Work\fpga-hls-libraries\vision\demo_designs\PF_Video_kit\libero\vision_pipeline\component\Actel\DirectCore\CoreAHBLite\5.6.105\rtl\vlog\amba_bfm\bfm_main.v'.
Reading file 'C:\Users\c79828\Documents\HLS_Work\fpga-hls-libraries\vision\demo_designs\PF_Video_kit\libero\vision_pipeline\component\Actel\DirectCore\CoreAHBLite\5.6.105\rtl\vlog\amba_bfm\bfm_ahbl.v'.
Reading file 'C:\Users\c79828\Documents\HLS_Work\fpga-hls-libraries\vision\demo_designs\PF_Video_kit\libero\vision_pipeline\component\Actel\DirectCore\CoreAHBLite\5.6.105\rtl\vlog\amba_bfm\bfm_ahbslaveext.v'.
Reading file 'C:\Users\c79828\Documents\HLS_Work\fpga-hls-libraries\vision\demo_designs\PF_Video_kit\libero\vision_pipeline\component\Actel\DirectCore\CoreAHBLite\5.6.105\rtl\vlog\amba_bfm\bfm_ahbslave.v'.
Reading file 'C:\Users\c79828\Documents\HLS_Work\fpga-hls-libraries\vision\demo_designs\PF_Video_kit\libero\vision_pipeline\component\work\PROC_SUBSYSTEM\CoreAHBLite_0\rtl\vlog\test\user\testbench.v'.
Reading file 'C:\Users\c79828\Documents\HLS_Work\fpga-hls-libraries\vision\demo_designs\PF_Video_kit\libero\vision_pipeline\component\Actel\DirectCore\COREAHBTOAPB3\3.2.101\rtl\vlog\core_obfuscated\coreahbtoapb3_ahbtoapbsm.v'.
Reading file 'C:\Users\c79828\Documents\HLS_Work\fpga-hls-libraries\vision\demo_designs\PF_Video_kit\libero\vision_pipeline\component\Actel\DirectCore\COREAHBTOAPB3\3.2.101\rtl\vlog\core_obfuscated\coreahbtoapb3_apbaddrdata.v'.
Reading file 'C:\Users\c79828\Documents\HLS_Work\fpga-hls-libraries\vision\demo_designs\PF_Video_kit\libero\vision_pipeline\component\Actel\DirectCore\COREAHBTOAPB3\3.2.101\rtl\vlog\core_obfuscated\coreahbtoapb3_penablescheduler.v'.
Reading file 'C:\Users\c79828\Documents\HLS_Work\fpga-hls-libraries\vision\demo_designs\PF_Video_kit\libero\vision_pipeline\component\Actel\DirectCore\COREAHBTOAPB3\3.2.101\rtl\vlog\core_obfuscated\coreahbtoapb3.v'.
Reading file 'C:\Users\c79828\Documents\HLS_Work\fpga-hls-libraries\vision\demo_designs\PF_Video_kit\libero\vision_pipeline\component\Actel\DirectCore\COREAHBTOAPB3\3.2.101\coreparameters.v'.
Reading file 'C:\Users\c79828\Documents\HLS_Work\fpga-hls-libraries\vision\demo_designs\PF_Video_kit\libero\vision_pipeline\component\Actel\DirectCore\COREAHBTOAPB3\3.2.101\rtl\vlog\amba_bfm\bfm_main.v'.
Reading file 'C:\Users\c79828\Documents\HLS_Work\fpga-hls-libraries\vision\demo_designs\PF_Video_kit\libero\vision_pipeline\component\Actel\DirectCore\COREAHBTOAPB3\3.2.101\rtl\vlog\amba_bfm\bfm_ahbl.v'.
Reading file 'C:\Users\c79828\Documents\HLS_Work\fpga-hls-libraries\vision\demo_designs\PF_Video_kit\libero\vision_pipeline\component\Actel\DirectCore\COREAHBTOAPB3\3.2.101\rtl\vlog\amba_bfm\bfm_apbslaveext.v'.
Reading file 'C:\Users\c79828\Documents\HLS_Work\fpga-hls-libraries\vision\demo_designs\PF_Video_kit\libero\vision_pipeline\component\Actel\DirectCore\COREAHBTOAPB3\3.2.101\rtl\vlog\amba_bfm\bfm_apbslave.v'.
Reading file 'C:\Users\c79828\Documents\HLS_Work\fpga-hls-libraries\vision\demo_designs\PF_Video_kit\libero\vision_pipeline\component\Actel\DirectCore\COREAHBTOAPB3\3.2.101\rtl\vlog\test\user\testbench.v'.
Reading file 'C:\Users\c79828\Documents\HLS_Work\fpga-hls-libraries\vision\demo_designs\PF_Video_kit\libero\vision_pipeline\component\Actel\DirectCore\CoreAPB3\4.2.100\rtl\vlog\core\coreapb3.v'.
Reading file 'C:\Users\c79828\Documents\HLS_Work\fpga-hls-libraries\vision\demo_designs\PF_Video_kit\libero\vision_pipeline\component\Actel\DirectCore\CoreAPB3\4.2.100\rtl\vlog\core\coreapb3_muxptob3.v'.
Reading file 'C:\Users\c79828\Documents\HLS_Work\fpga-hls-libraries\vision\demo_designs\PF_Video_kit\libero\vision_pipeline\component\Actel\DirectCore\CoreAPB3\4.2.100\rtl\vlog\core\coreapb3_iaddr_reg.v'.
Reading file 'C:\Users\c79828\Documents\HLS_Work\fpga-hls-libraries\vision\demo_designs\PF_Video_kit\libero\vision_pipeline\component\Actel\DirectCore\CoreAPB3\4.2.100\coreparameters.v'.
Reading file 'C:\Users\c79828\Documents\HLS_Work\fpga-hls-libraries\vision\demo_designs\PF_Video_kit\libero\vision_pipeline\component\Actel\DirectCore\CoreAPB3\4.2.100\rtl\vlog\amba_bfm\bfm_main.v'.
Reading file 'C:\Users\c79828\Documents\HLS_Work\fpga-hls-libraries\vision\demo_designs\PF_Video_kit\libero\vision_pipeline\component\Actel\DirectCore\CoreAPB3\4.2.100\rtl\vlog\amba_bfm\bfm_ahbtoapb.v'.
Reading file 'C:\Users\c79828\Documents\HLS_Work\fpga-hls-libraries\vision\demo_designs\PF_Video_kit\libero\vision_pipeline\component\Actel\DirectCore\CoreAPB3\4.2.100\rtl\vlog\amba_bfm\bfm_apb.v'.
Reading file 'C:\Users\c79828\Documents\HLS_Work\fpga-hls-libraries\vision\demo_designs\PF_Video_kit\libero\vision_pipeline\component\Actel\DirectCore\CoreAPB3\4.2.100\rtl\vlog\amba_bfm\bfm_apbslaveext.v'.
Reading file 'C:\Users\c79828\Documents\HLS_Work\fpga-hls-libraries\vision\demo_designs\PF_Video_kit\libero\vision_pipeline\component\Actel\DirectCore\CoreAPB3\4.2.100\rtl\vlog\amba_bfm\bfm_apbslave.v'.
Reading file 'C:\Users\c79828\Documents\HLS_Work\fpga-hls-libraries\vision\demo_designs\PF_Video_kit\libero\vision_pipeline\component\Actel\DirectCore\CoreAPB3\4.2.100\rtl\vlog\test\user\testbench.v'.
Reading file 'C:\Users\c79828\Documents\HLS_Work\fpga-hls-libraries\vision\demo_designs\PF_Video_kit\libero\vision_pipeline\component\work\PROC_SUBSYSTEM\CoreGPIO_OUT\rtl\vlog\core\coregpio.v'.
Reading file 'C:\Users\c79828\Documents\HLS_Work\fpga-hls-libraries\vision\demo_designs\PF_Video_kit\libero\vision_pipeline\component\work\PROC_SUBSYSTEM\CoreGPIO_OUT\rtl\vlog\amba_bfm\bfm_ahbl.v'.
Reading file 'C:\Users\c79828\Documents\HLS_Work\fpga-hls-libraries\vision\demo_designs\PF_Video_kit\libero\vision_pipeline\component\work\PROC_SUBSYSTEM\CoreGPIO_OUT\rtl\vlog\amba_bfm\bfm_ahblapb.v'.
Reading file 'C:\Users\c79828\Documents\HLS_Work\fpga-hls-libraries\vision\demo_designs\PF_Video_kit\libero\vision_pipeline\component\work\PROC_SUBSYSTEM\CoreGPIO_OUT\rtl\vlog\amba_bfm\bfm_ahbslave.v'.
Reading file 'C:\Users\c79828\Documents\HLS_Work\fpga-hls-libraries\vision\demo_designs\PF_Video_kit\libero\vision_pipeline\component\work\PROC_SUBSYSTEM\CoreGPIO_OUT\rtl\vlog\amba_bfm\bfm_ahbslaveext.v'.
Reading file 'C:\Users\c79828\Documents\HLS_Work\fpga-hls-libraries\vision\demo_designs\PF_Video_kit\libero\vision_pipeline\component\work\PROC_SUBSYSTEM\CoreGPIO_OUT\rtl\vlog\amba_bfm\bfm_ahbtoapb.v'.
Reading file 'C:\Users\c79828\Documents\HLS_Work\fpga-hls-libraries\vision\demo_designs\PF_Video_kit\libero\vision_pipeline\component\work\PROC_SUBSYSTEM\CoreGPIO_OUT\rtl\vlog\amba_bfm\bfm_apb.v'.
Reading file 'C:\Users\c79828\Documents\HLS_Work\fpga-hls-libraries\vision\demo_designs\PF_Video_kit\libero\vision_pipeline\component\work\PROC_SUBSYSTEM\CoreGPIO_OUT\rtl\vlog\amba_bfm\bfm_apbslave.v'.
Reading file 'C:\Users\c79828\Documents\HLS_Work\fpga-hls-libraries\vision\demo_designs\PF_Video_kit\libero\vision_pipeline\component\work\PROC_SUBSYSTEM\CoreGPIO_OUT\rtl\vlog\amba_bfm\bfm_apbslaveext.v'.
Reading file 'C:\Users\c79828\Documents\HLS_Work\fpga-hls-libraries\vision\demo_designs\PF_Video_kit\libero\vision_pipeline\component\work\PROC_SUBSYSTEM\CoreGPIO_OUT\rtl\vlog\amba_bfm\bfm_apbtoapb.v'.
Reading file 'C:\Users\c79828\Documents\HLS_Work\fpga-hls-libraries\vision\demo_designs\PF_Video_kit\libero\vision_pipeline\component\work\PROC_SUBSYSTEM\CoreGPIO_OUT\rtl\vlog\amba_bfm\bfm_main.v'.
Reading file 'C:\Users\c79828\Documents\HLS_Work\fpga-hls-libraries\vision\demo_designs\PF_Video_kit\libero\vision_pipeline\component\work\PROC_SUBSYSTEM\CoreGPIO_OUT\coreparameters.v'.
Reading file 'C:\Users\c79828\Documents\HLS_Work\fpga-hls-libraries\vision\demo_designs\PF_Video_kit\libero\vision_pipeline\component\work\PROC_SUBSYSTEM\CoreGPIO_OUT\rtl\vlog\test\user\testbench.v'.
Reading file 'C:\Users\c79828\Documents\HLS_Work\fpga-hls-libraries\vision\demo_designs\PF_Video_kit\libero\vision_pipeline\component\Actel\DirectCore\COREJTAGDEBUG\4.0.100\core\corejtagdebug.v'.
Reading file 'C:\Users\c79828\Documents\HLS_Work\fpga-hls-libraries\vision\demo_designs\PF_Video_kit\libero\vision_pipeline\component\Actel\DirectCore\COREJTAGDEBUG\4.0.100\core\corejtagdebug_ujtag_wrapper.v'.
Reading file 'C:\Users\c79828\Documents\HLS_Work\fpga-hls-libraries\vision\demo_designs\PF_Video_kit\libero\vision_pipeline\component\Actel\DirectCore\COREJTAGDEBUG\4.0.100\core\corejtagdebug_uj_jtag.v'.
Reading file 'C:\Users\c79828\Documents\HLS_Work\fpga-hls-libraries\vision\demo_designs\PF_Video_kit\libero\vision_pipeline\component\Actel\DirectCore\COREJTAGDEBUG\4.0.100\core\corejtagdebug_bufd.v'.
Reading file 'C:\Users\c79828\Documents\HLS_Work\fpga-hls-libraries\vision\demo_designs\PF_Video_kit\libero\vision_pipeline\component\Actel\DirectCore\COREJTAGDEBUG\4.0.100\rtl\vlog\test\corejtagdebug_host_emulator.v'.
Reading file 'C:\Users\c79828\Documents\HLS_Work\fpga-hls-libraries\vision\demo_designs\PF_Video_kit\libero\vision_pipeline\component\Actel\DirectCore\COREJTAGDEBUG\4.0.100\rtl\vlog\test\corejtagdebug_jtag_tap.v'.
Reading file 'C:\Users\c79828\Documents\HLS_Work\fpga-hls-libraries\vision\demo_designs\PF_Video_kit\libero\vision_pipeline\component\Actel\DirectCore\COREJTAGDEBUG\4.0.100\rtl\vlog\test\corejtagdebug_testbench.v'.
Reading file 'C:\Users\c79828\Documents\HLS_Work\fpga-hls-libraries\vision\demo_designs\PF_Video_kit\libero\vision_pipeline\component\work\Reset\Reset.v'.
Reading file 'C:\Users\c79828\Documents\HLS_Work\fpga-hls-libraries\vision\demo_designs\PF_Video_kit\libero\vision_pipeline\component\work\VIDEO_KIT_TOP\VIDEO_KIT_TOP.v'.
To automatically associate the derived constraint SDC file to the 'Synthesis', 'Place and Route' and 'Timing Verification' tools click 'Yes' else click 'No'. [YES]
Info: C:/Users/c79828/Documents/HLS_Work/fpga-hls-libraries/vision/demo_designs/PF_Video_kit/libero/vision_pipeline/constraint/VIDEO_KIT_TOP_derived_constraints.sdc was successfully generated.
Please open the synplify pro interactively to launch the identify instrumentation
INFO: The option "Abort flow if errors are found in SDC" is turned ON in Project Settings> Design flow page. The Synthesis tool will fail if errors are found in associated SDC files. Please uncheck the option to ignore the errors and continue running the tool

Info: Active implementation is 'synthesis'
Starting Synplify Pro ME...
Info: [127205813]:  CMPPF_149: Added 'ADLIB:ICB_CLKINT' instance type before pin 'CCC_0/PF_CCC_C0_0/PF_CCC_C0_0/clkint_4:A'.

Info: [127205813]:  CMPPF_149: Added 'ADLIB:ICB_CLKINT' instance type before pin 'PF_DDR4_C0_0/CCC_0/clkint_4:A'.

Info: [127205813]:  CMPPF_149: Added 'ADLIB:CRN_INT' instance type before pin 'PF_DDR4_C0_0/CCC_0/pll_inst_0:REF_CLK_0'.

Info: [127205813]:  CMPPF_149: Added 'ADLIB:ICB_CLKINT' instance type before pin 'IMX334_IF_TOP_0/PF_CCC_C2_0/PF_CCC_C2_0/clkint_0:A'.

Info: [127205813]:  CMPPF_149: Added 'ADLIB:CRN_INT' instance type before pin 'IMX334_IF_TOP_0/PF_CCC_C2_0/PF_CCC_C2_0/pll_inst_0:REF_CLK_0'.

Info: [127205813]:  CMPPF_149: Added 'ADLIB:ICB_CLKINT' instance type before pin 'PROC_SUBSYSTEM_0/COREJTAGDEBUG_0/iUDRCK_inferred_clock_RNIDHJO7:A'.

Info: [127205813]:  CMPPF_149: Added 'ADLIB:ICB_CLKINT' instance type before pin 'IMX334_IF_TOP_0/PF_IOD_GENERIC_RX_C0_0/PF_IOD_0/CLKINT_0:A'.

Info: [127205813]:  CMPPF_149: Added 'ADLIB:ICB_CLKINT' instance type before pin 'IMX334_IF_TOP_0/PF_IOD_GENERIC_RX_C0_1/PF_IOD_0/CLKINT_0:A'.

Info: [127205813]:  CMPPF_149: Added 'ADLIB:ICB_CLKINT' instance type before pin 'CCC_0/PF_CCC_C1_0/PF_CCC_C1_0/clkint_0:A'.

Info: [127205813]:  CMPPF_149: Added 'ADLIB:CRN_INT' instance type before pin 'CCC_0/PF_CCC_C1_0/PF_CCC_C1_0/pll_inst_0:REF_CLK_0'.



===============================================================================.



Info: Global design data: 

      Total globals:                       16 

      Globals that cannot be demoted:      8 

      Globals considered for demotion:     8 





Info: List of globals that cannot be demoted: 

    CLK    ASYN   DATA   Instance Name 

    ---    ----   ----   ------------- 

    34250  0      1      'PF_DDR4_C0_0/CCC_0/clkint_4' 

    5627   0      2      'CCC_0/PF_CCC_C0_0/PF_CCC_C0_0/clkint_4' 

    5137   0      0      'IMX334_IF_TOP_0/PF_IOD_GENERIC_RX_C0_1/PF_IOD_0/CLKINT_0' 

    4954   0      2      'IMX334_IF_TOP_0/PF_IOD_GENERIC_RX_C0_0/PF_IOD_0/CLKINT_0' 

    317    0      0      'IMX334_IF_TOP_0/PF_CCC_C2_0/PF_CCC_C2_0/clkint_0' 

    17     0      1      'PROC_SUBSYSTEM_0/COREJTAGDEBUG_0/iUDRCK_inferred_clock_RNIDHJO7' 

    0      0      1      'CCC_0/PF_CCC_C1_0/PF_CCC_C1_0/clkint_0' 

    1      0      0      'PF_DDR4_C0_0/DDRPHY_BLK_0/CLKINT_CMD' 



Info: List of globals considered for demotion: 

    CLK    ASYN   DATA   Instance Name 

    ---    ----   ----   ------------- 

    0      17523  0      'PF_DDR4_C0_0/DDRPHY_BLK_0/IOD_TRAINING_0/COREDDR_TIP_INT_U/reset_n_int_rep_RNI9T6V1[0]' 

    0      9119   0      'PF_DDR4_C0_0/MSC_i_0/MSC_i_1/MSC_i_2/MSC_i_3/s1_RNIL2902' 

    342    0      0      'PROC_SUBSYSTEM_0/COREJTAGDEBUG_0/genblk3.genblk1.TGT_TCK_GLB' 

    0      3195   0      'COREAXI4INTERCONNECT_C0_0/COREAXI4INTERCONNECT_C0_0/arst_aclk_sync/sysReset_RNIK4I5' 

    0      3142   0      'IMX334_IF_TOP_0/PF_IOD_GENERIC_RX_C0_0/AND2_0_RNIUIGC3' 

    0      3142   0      'IMX334_IF_TOP_0/PF_IOD_GENERIC_RX_C0_1/AND2_0_RNIVP5G7' 

    0      1878   0      'Reset_0/CORERESET_PF_C1_2/CORERESET_PF_C1_0/dff_15_rep_RNI70SR1[0]' 

    0      1358   0      'Reset_0/PF_INIT_MONITOR_C0_0/PF_INIT_MONITOR_C0_0/I_INIT_RNIQFSE4' 



Info: Demotion information: 

Info: [127205381]:  CMPPF_302: Added 0 row global instances.

Info: [127205382]:  CMPPF_303: Deleted 0 global instances.



===============================================================================.



Synthesis completed.
----- Evaluating Initial State -------

Info: Repair min-delay = ON



----- Iteration 1 of 5 -----

Info: Multi-Pass: Seed:   2



INFO: Reading User SDC file C:\Users\c79828\Documents\HLS_Work\fpga-hls-libraries\vision\demo_designs\PF_Video_kit\libero\vision_pipeline\constraint\VIDEO_KIT_TOP_derived_constraints.sdc.
INFO: Reading User SDC file C:\Users\c79828\Documents\HLS_Work\fpga-hls-libraries\vision\demo_designs\PF_Video_kit\libero\vision_pipeline\constraint\user.sdc.
INFO: The option "Abort flow if errors are found in SDC" is turned ON in Project Settings> Design flow page. The Place & Route tool will fail if errors are found in associated SDC files. Please uncheck the option to ignore the errors and continue running the tool.

No errors or warnings found.
INFO: The option "Abort flow if errors are found in PDC" is turned ON in Project Settings> Design flow page. The Place & Route tool will fail if errors are found in associated PDC files. Please uncheck the option to ignore the errors and continue running the tool
TBBmalloc: skip allocation functions replacement in ucrtbase.dll: unknown prologue for function _msize

***** Place and Route Configurations *****

Timing-driven            : ON

Power-driven             : OFF

I/O Register Combining   : ON

Global Pins Demotion     : ON

Driver Replication       : ON

High-effort              : OFF

Repair min-delay         : OFF

Incremental              : OFF

Inter-clock optimization : ON



INFO: Reading User PDC file C:\Users\c79828\Documents\HLS_Work\fpga-hls-libraries\vision\demo_designs\PF_Video_kit\libero\vision_pipeline\constraint\io\user_io.pdc. 0 error(s) and 0 warning(s)

INFO: Reading User PDC file C:\Users\c79828\Documents\HLS_Work\fpga-hls-libraries\vision\demo_designs\PF_Video_kit\libero\vision_pipeline\constraint\fp\user_fp.pdc. 0 error(s) and 0 warning(s)



 Running Timing based Global Demotion. 

        Moved all 3195 async pins from global to its source 'COREAXI4INTERCONNECT_C0_0/COREAXI4INTERCONNECT_C0_0/arst_aclk_sync/sysReset'.



 Timing based Global Demotion completed successfully. 



Running the I/O Bank and Globals Assigner.

Info:  I/O Bank and Globals Assigner identified 142 fixed I/O macros, 0 unfixed I/O macros

Info:  I/O Bank and Globals Assigner identified bank 'Bank4' as being fixed at VCCI:2.50V VCCR:n/a

Info:  I/O Bank and Globals Assigner detected (1) out of (7) I/O Bank(s) with locked I/O technologies.



I/O Bank and Globals Assigner completed successfully.

Total time spent in I/O Bank and Globals Assigner: 14 seconds

TBBmalloc: skip allocation functions replacement in ucrtbase.dll: unknown prologue for function _msize





Placer V5.0 - 2025.2.0 


Design: VIDEO_KIT_TOP                   Started: Tue Jun 23 16:29:36 2026





Initializing Normal-Effort Timing-Driven Placement ...


Logic optimization identified and removed 1754 redundant LUTs


Clustering ...


Placing ...


Improving placement ...


End of placement.





Placer Runtime Summary   :


Logic Optimization       : 136 seconds


Clustering (1 pass)      : 93 seconds


Placement                : 190 seconds


Improvement              : 404 seconds





Placer completed successfully.





Design: VIDEO_KIT_TOP                   


Finished: Tue Jun 23 16:46:23 2026


Total CPU Time:     00:20:48            Total Elapsed Time: 00:16:47


Total Memory Usage: 4961.7 Mbytes


                        o - o - o - o - o - o





TBBmalloc: skip allocation functions replacement in ucrtbase.dll: unknown prologue for function _msize

TBBmalloc: skip allocation functions replacement in ucrtbase.dll: unknown prologue for function _msize





Router 


Design: C:\Users\c79828\Documents\HLS_Work\fpga-hls-libraries\vision\demo_designs\PF_Video_kit\libero\vision_pipeline\designer\VIDEO_KIT_TOP\VIDEO_KIT_TOPStarted: Tue Jun 23 16:48:05 2026








Router completed successfully.





Design: C:\Users\c79828\Documents\HLS_Work\fpga-hls-libraries\vision\demo_designs\PF_Video_kit\libero\vision_pipeline\designer\VIDEO_KIT_TOP\VIDEO_KIT_TOP


Finished: Tue Jun 23 16:49:53 2026


Total CPU Time:     00:02:25            Total Elapsed Time: 00:01:48


Total Memory Usage: 5581.0 Mbytes


                        o - o - o - o - o - o





Resource Usage

+---------------------------+--------+--------+------------+

| Type                      | Used   | Total  | Percentage |

+---------------------------+--------+--------+------------+

| 4LUT                      | 93658  | 299544 | 31.27      |

| DFF                       | 72274  | 299544 | 24.13      |

| Logic Element             | 109402 | 299544 | 36.52      |

| I/Os using I/O Registers  | 0      | 512    | 0.00       |

| I/O Register Flip-Flops   | 0      | 1536   | 0.00       |

| -- Input  I/O Flip-Flops  | 0      | 512    | 0.00       |

| -- Output I/O Flip-Flops  | 0      | 512    | 0.00       |

| -- Enable I/O Flip-Flops  | 0      | 512    | 0.00       |

+---------------------------+--------+--------+------------+



I/O Placement

+--------+-------+------------+

| Type   | Count | Percentage |

+--------+-------+------------+

| Locked |  161  | 100.00%    |

| Placed |  0    | 0.00%      |

+--------+-------+------------+



TBBmalloc: skip allocation functions replacement in ucrtbase.dll: unknown prologue for function _msize

Completed writing pin report files.

Place and Route Elapsed Time: 26.98 minutes.
INFO: The option "Abort flow if errors are found in SDC" is turned ON in Project Settings> Design flow page. The Verify Timing tool will fail if errors are found in associated SDC files. Please uncheck the option to ignore the errors and continue running the tool.
No errors or warnings found.

Verify Timing Elapsed Time: 387.7134 seconds.
Info: Timing constraints have been met.


Info: Multi-Pass: Iteration 1, Seed Index 3,  Worst Slack = 0.706





Info: Multi-Pass: Have met stopping criterion (all timing constraints have been met), so ceasing iterations.



Cleaning tool 'Place and Route'...
Deleting 'C:\Users\c79828\Documents\HLS_Work\fpga-hls-libraries\vision\demo_designs\PF_Video_kit\libero\vision_pipeline\designer\VIDEO_KIT_TOP\VIDEO_KIT_TOP_layout_combinational_loops.xml'
Deleting 'C:\Users\c79828\Documents\HLS_Work\fpga-hls-libraries\vision\demo_designs\PF_Video_kit\libero\vision_pipeline\designer\VIDEO_KIT_TOP\VIDEO_KIT_TOP_place_and_route_constraint_coverage.xml'
Deleting 'C:\Users\c79828\Documents\HLS_Work\fpga-hls-libraries\vision\demo_designs\PF_Video_kit\libero\vision_pipeline\designer\VIDEO_KIT_TOP\VIDEO_KIT_TOP_pinrpt_name.rpt'
Deleting 'C:\Users\c79828\Documents\HLS_Work\fpga-hls-libraries\vision\demo_designs\PF_Video_kit\libero\vision_pipeline\designer\VIDEO_KIT_TOP\VIDEO_KIT_TOP_pinrpt_number.rpt'
Deleting 'C:\Users\c79828\Documents\HLS_Work\fpga-hls-libraries\vision\demo_designs\PF_Video_kit\libero\vision_pipeline\designer\VIDEO_KIT_TOP\VIDEO_KIT_TOP_pinrpt_boardlayout.csv'
Deleting 'C:\Users\c79828\Documents\HLS_Work\fpga-hls-libraries\vision\demo_designs\PF_Video_kit\libero\vision_pipeline\designer\VIDEO_KIT_TOP\VIDEO_KIT_TOP_pinrpt_boardlayout.xml'
Deleting 'C:\Users\c79828\Documents\HLS_Work\fpga-hls-libraries\vision\demo_designs\PF_Video_kit\libero\vision_pipeline\designer\VIDEO_KIT_TOP\VIDEO_KIT_TOP_bankrpt.rpt'
Deleting 'C:\Users\c79828\Documents\HLS_Work\fpga-hls-libraries\vision\demo_designs\PF_Video_kit\libero\vision_pipeline\designer\VIDEO_KIT_TOP\VIDEO_KIT_TOP_delayinstance.rpt'
Deleting 'C:\Users\c79828\Documents\HLS_Work\fpga-hls-libraries\vision\demo_designs\PF_Video_kit\libero\vision_pipeline\designer\VIDEO_KIT_TOP\VIDEO_KIT_TOP_layout_ioff.xml'
INFO: Reading User SDC file C:\Users\c79828\Documents\HLS_Work\fpga-hls-libraries\vision\demo_designs\PF_Video_kit\libero\vision_pipeline\constraint\VIDEO_KIT_TOP_derived_constraints.sdc.
INFO: Reading User SDC file C:\Users\c79828\Documents\HLS_Work\fpga-hls-libraries\vision\demo_designs\PF_Video_kit\libero\vision_pipeline\constraint\user.sdc.
INFO: The option "Abort flow if errors are found in SDC" is turned ON in Project Settings> Design flow page. The Place & Route tool will fail if errors are found in associated SDC files. Please uncheck the option to ignore the errors and continue running the tool.

No errors or warnings found.
INFO: The option "Abort flow if errors are found in PDC" is turned ON in Project Settings> Design flow page. The Place & Route tool will fail if errors are found in associated PDC files. Please uncheck the option to ignore the errors and continue running the tool
TBBmalloc: skip allocation functions replacement in ucrtbase.dll: unknown prologue for function _msize

***** Place and Route Configurations *****

Timing-driven            : ON

Power-driven             : OFF

I/O Register Combining   : ON

Global Pins Demotion     : ON

Driver Replication       : ON

High-effort              : OFF

Repair min-delay         : ON

Incremental              : ON

Inter-clock optimization : ON



INFO: Skipping Placer...

TBBmalloc: skip allocation functions replacement in ucrtbase.dll: unknown prologue for function _msize

Info: Iteration 1:

  Worst minimum delay slack: 

  Total violating paths eligible for improvement: 0

  Total violating paths improved: 0

Resource Usage

+---------------------------+--------+--------+------------+

| Type                      | Used   | Total  | Percentage |

+---------------------------+--------+--------+------------+

| 4LUT                      | 93658  | 299544 | 31.27      |

| DFF                       | 72274  | 299544 | 24.13      |

| Logic Element             | 109402 | 299544 | 36.52      |

| I/Os using I/O Registers  | 0      | 512    | 0.00       |

| I/O Register Flip-Flops   | 0      | 1536   | 0.00       |

| -- Input  I/O Flip-Flops  | 0      | 512    | 0.00       |

| -- Output I/O Flip-Flops  | 0      | 512    | 0.00       |

| -- Enable I/O Flip-Flops  | 0      | 512    | 0.00       |

+---------------------------+--------+--------+------------+



I/O Placement

+--------+-------+------------+

| Type   | Count | Percentage |

+--------+-------+------------+

| Locked |  161  | 100.00%    |

| Placed |  0    | 0.00%      |

+--------+-------+------------+



TBBmalloc: skip allocation functions replacement in ucrtbase.dll: unknown prologue for function _msize

Completed writing pin report files.

Place and Route Elapsed Time: 8.37 minutes.
Cleaning tool 'Verify Timing'...
Deleting 'C:\Users\c79828\Documents\HLS_Work\fpga-hls-libraries\vision\demo_designs\PF_Video_kit\libero\vision_pipeline\designer\VIDEO_KIT_TOP\timing_analysis_jitter_report.txt'
Cleaning tool 'Verify Timing'...


#------------------------------------------------------------------------------------------------------------------------------------------

# RUN NUMBER: 1   DATE: 16:23:57 23-Jun-2026

# INVOKED AS: C:/Microchip/Libero_SoC_2025.2/Libero_SoC/Designer/bin/libero.exe extended_run_lib.tcl -skip_open_project -root {C:\Users\c79828\Documents\HLS_Work\fpga-hls-libraries\vision\demo_designs\PF_Video_kit\libero\vision_pipeline\designer\VIDEO_KIT_TOP} -n 5 -starting_seed_index 3 -compare_criteria violations -analysis max -slack_criteria worst -stop_on_success

#------------------------------------------------------------------------------------------------------------------------------------------

# Seed Index  Seed      Maximum Delay        Worst Slack  Report Analyzed                                Saved Design

# ==========  ========  ===============  ===============  =============================================  ===================================

           3         2    N/A                        0.706  VIDEO_KIT_TOP_timing_violations_max_r1_s3.rpt  VIDEO_KIT_TOP_r1_s3



Info: Multi-Pass: The best result VIDEO_KIT_TOP_r1_s3 has been saved into the project:

    C:/Users/c79828/Documents/HLS_Work/fpga-hls-libraries/vision/demo_designs/PF_Video_kit/libero/vision_pipeline/vision_pipeline.prjx



The Execute Script command succeeded.
INFO: The option "Abort flow if errors are found in SDC" is turned ON in Project Settings> Design flow page. The Verify Timing tool will fail if errors are found in associated SDC files. Please uncheck the option to ignore the errors and continue running the tool.
No errors or warnings found.

Verify Timing Elapsed Time: 561.0271 seconds.
Info: Timing constraints have been met.
TBBmalloc: skip allocation functions replacement in ucrtbase.dll: unknown prologue for function _msize

Generating FPGA array data. 

INFO: Writing PCBIT information for Lock Bits in file: C:\Users\c79828\Documents\HLS_Work\fpga-hls-libraries\vision\demo_designs\PF_Video_kit\libero\vision_pipeline\designer\VIDEO_KIT_TOP\VIDEO_KIT_TOP_init_config_lock_bits.txt ...

INFO: PCBIT information used for generating Design_Initialization_Data_Report file.

Info: Generated map file C:\Users\c79828\Documents\HLS_Work\fpga-hls-libraries\vision\demo_designs\PF_Video_kit\libero\vision_pipeline\designer\VIDEO_KIT_TOP\VIDEO_KIT_TOP.map

FPGA array data completed successfully. 

Info:  Bitstream not generated for uPROM. The configuration file:  is either absent, unreadable, or empty. Use the Design and Memory Initialization tool in the design flow to configure uPROM if needed.
Info:  Found sNVM configuration file: C:\Users\c79828\Documents\HLS_Work\fpga-hls-libraries\vision\demo_designs\PF_Video_kit\libero\vision_pipeline\designer\VIDEO_KIT_TOP\SNVM.cfg
TBBmalloc: skip allocation functions replacement in ucrtbase.dll: unknown prologue for function _msize

Info: Generated dca file C:\Users\c79828\Documents\HLS_Work\fpga-hls-libraries\vision\demo_designs\PF_Video_kit\libero\vision_pipeline\designer\VIDEO_KIT_TOP\VIDEO_KIT_TOP.dca

Generating Bitstream File to program Fabric and sNVM...
Software Version: 2025.2.0.14

Opened 'C:\Users\c79828\Documents\HLS_Work\fpga-hls-libraries\vision\demo_designs\PF_Video_kit\libero\vision_pipeline\designer\VIDEO_KIT_TOP\VIDEO_KIT_TOP_fp\VIDEO_KIT_TOP.pro'

PDB file 'C:\Users\c79828\Documents\HLS_Work\fpga-hls-libraries\vision\demo_designs\PF_Video_kit\libero\vision_pipeline\designer\VIDEO_KIT_TOP\VIDEO_KIT_TOP.pdb' has been loaded successfully.

DESIGN : VIDEO_KIT_TOP;  CHECKSUM : 078E;  PDB_VERSION : 1.9

Load Programming Data(s) Finished : Tue Jun 23 17:21:03 2026 (Elapsed time 00:00:01)

Info:  Programming Interface selected is JTAG.

Info:  Design version: 0

File/Folder 'C:\Users\c79828\Documents\HLS_Work\fpga-hls-libraries\vision\demo_designs\PF_Video_kit\libero\vision_pipeline\designer\VIDEO_KIT_TOP\VIDEO_KIT_TOP.ppd' will be overwritten.

Successfully exported PPD file for currently secured device: 'C:\Users\c79828\Documents\HLS_Work\fpga-hls-libraries\vision\demo_designs\PF_Video_kit\libero\vision_pipeline\designer\VIDEO_KIT_TOP\VIDEO_KIT_TOP.ppd'; file programs Fabric and sNVM.

Fabric component bitstream digest: 164bc49ec53cb12f4c28414c3532b337ab802847522eb3d65bae6c6c8270a229

sNVM component bitstream digest: e11daed445d78e5394e3a0cf124f5fca7f7b2309a2103059c21f16531637fc8d

Entire bitstream digest: f7f6037c5acaa29101ee75ef403d56d5ff7555157181c60962fb800278cc45f3

Finished: Tue Jun 23 17:22:39 2026 (Elapsed time 00:01:36)



creating folder: C:\Users\c79828\Documents\HLS_Work\fpga-hls-libraries\vision\demo_designs\PF_Video_kit\libero\vision_pipeline\designer\VIDEO_KIT_TOP\VIDEO_KIT_TOP_fp\projectData

Project saved.

Project closed.

Info:  Exported log file: C:\Users\c79828\Documents\HLS_Work\fpga-hls-libraries\vision\demo_designs\PF_Video_kit\libero\vision_pipeline\designer\VIDEO_KIT_TOP\VIDEO_KIT_TOP_fp\VIDEO_KIT_TOP_generateBitstream.log
Generating Bitstream File Finished: Tue Jun 23 17:23:05 2026 (Elapsed time 00:02:19)

Warning:  Back Level protection is disabled in the Configure Security tool. Back Level version will not be programmed. To enable Back Level protection go to the Configure Security tool, Update policy
Info: Cleaning tool 'Generate Design Initialization Data' for design 'VIDEO_KIT_TOP'.
Info:  Cleaning tool 'Generate Design Initialization Data' has completed successfully.
Info:  All Initialization clients have been removed.
Cleaning tool 'Generate Design Initialization Data'...
Info:  Memory files have been generated successfully
Info:  'Generate design initialization data' has completed successfully.
Info:  Stage 1 initialization client has been added to sNVM.
Info:  Stage 2_3 initialization client has been added to sNVM.
Exporting FlashPro Express Job...

Info:  Bitstream not generated for uPROM. The configuration file:  is either absent, unreadable, or empty. Use the Design and Memory Initialization tool in the design flow to configure uPROM if needed.
Info:  Found sNVM configuration file: C:\Users\c79828\Documents\HLS_Work\fpga-hls-libraries\vision\demo_designs\PF_Video_kit\libero\vision_pipeline\designer\VIDEO_KIT_TOP\SNVM.cfg
TBBmalloc: skip allocation functions replacement in ucrtbase.dll: unknown prologue for function _msize

Info: Generated dca file C:\Users\c79828\Documents\HLS_Work\fpga-hls-libraries\vision\demo_designs\PF_Video_kit\libero\vision_pipeline\designer\VIDEO_KIT_TOP\VIDEO_KIT_TOP.dca

Exporting Bitstream File(s)...
Software Version: 2025.2.0.14

Opened 'C:\Users\c79828\Documents\HLS_Work\fpga-hls-libraries\vision\demo_designs\PF_Video_kit\libero\vision_pipeline\designer\VIDEO_KIT_TOP\VIDEO_KIT_TOP_fp\VIDEO_KIT_TOP.pro'

PDB file 'C:\Users\c79828\Documents\HLS_Work\fpga-hls-libraries\vision\demo_designs\PF_Video_kit\libero\vision_pipeline\designer\VIDEO_KIT_TOP\VIDEO_KIT_TOP.pdb' has been loaded successfully.

DESIGN : VIDEO_KIT_TOP;  CHECKSUM : 078E;  PDB_VERSION : 1.9

Load Programming Data(s) Finished : Tue Jun 23 17:24:38 2026 (Elapsed time 00:00:00)

Info:  Programming Interface selected is JTAG.

Info:  Design version: 0

Successfully generated bitstream file and it has been added to the job container; file programs Fabric and sNVM.

Fabric component bitstream digest: 164bc49ec53cb12f4c28414c3532b337ab802847522eb3d65bae6c6c8270a229

sNVM component bitstream digest: bf3b496c91c1648cd3f8b798e331b2203585abf87d5299f3e07627ada463a9cc

Entire bitstream digest: aad8b42e8f614697eb73a12e819a1dc15d1c864df91902016ee508f83b9dee30

Finished: Tue Jun 23 17:26:27 2026 (Elapsed time 00:01:48)



Project saved.

Project closed.

Info:  Exported log file: C:\Users\c79828\Documents\HLS_Work\fpga-hls-libraries\vision\demo_designs\PF_Video_kit\libero\vision_pipeline\designer\VIDEO_KIT_TOP\VIDEO_KIT_TOP_fp\VIDEO_KIT_TOP_exportJob.log
Exporting Bitstream File(s) Finished: Tue Jun 23 17:26:58 2026 (Elapsed time 00:02:32)


The Execute Script command succeeded.
The vision_pipeline project was closed.
