:100000006F1050256F00C0080000000000000000C5
:10001000F9A0000000000000000000000000000047
:1000200011A200000000000000000000000000001D
:100030002DAA0000000000000000000000000000E9
:1000400000000000B5A200007DA20000000000003A
:1000500000000000000000000000000099A900005E
:1000600041A60000E1AA000029AC0000B1AC0000EC
:1000700079AC0000C5A400000DA600006DA600002C
:10008000F5A600001300000013000000130000009C
:10009000197106C00AC20EC412C616C81ACA1ECCEE
:1000A00022CE26D02AD22ED432D636D83ADA3EDC28
:1000B00042DEC6C0CAC2CEC4D2C6D6C8DACADECCF8
:1000C000E2CEE6D0EAD2EED4F2D6F6D8FADAFEDC08
:1000D00073252034F3251034EF00707131A91971A4
:1000E00006C00AC20EC412C616C81ACA1ECC22CE38
:1000F00026D02AD22ED432D636D83ADA3EDC42DEA8
:10010000C6C0CAC2CEC4D2C6D6C8DACADECCE2CE17
:10011000E6D0EAD2EED4F2D6F6D8FADAFEDCEF0078
:100120001069D9AE197106C00AC20EC412C616C82B
:100130001ACA1ECC22CE26D02AD22ED432D636D8F7
:100140003ADA3EDC42DEC6C0CAC2CEC4D2C6D6C887
:10015000DACADECCE2CEE6D0EAD2EED4F2D6F6D8D7
:10016000FADAFEDCEF00F05C41AE197106C00AC29B
:100170000EC412C616C81ACA1ECC22CE26D02AD247
:100180002ED432D636D83ADA3EDC42DEC6C0CAC2F7
:10019000CEC4D2C6D6C8DACADECCE2CEE6D0EAD227
:1001A000EED4F2D6F6D8FADAFEDCEF00506AA9A651
:1001B000197106C00AC20EC412C616C81ACA1ECCCD
:1001C00022CE26D02AD22ED432D636D83ADA3EDC07
:1001D00042DEC6C0CAC2CEC4D2C6D6C8DACADECCD7
:1001E000E2CEE6D0EAD2EED4F2D6F6D8FADAFEDCE7
:1001F000EF00306611A6197106C00AC20EC412C6FD
:1002000016C81ACA1ECC22CE26D02AD22ED432D656
:1002100036D83ADA3EDC42DEC6C0CAC2CEC4D2C646
:10022000D6C8DACADECCE2CEE6D0EAD2EED4F2D636
:10023000F6D8FADAFEDCEF00B0617DAC197106C0C9
:100240000AC20EC412C616C81ACA1ECC22CE26D0A6
:100250002AD22ED432D636D83ADA3EDC42DEC6C0B6
:10026000CAC2CEC4D2C6D6C8DACADECCE2CEE6D086
:10027000EAD2EED4F2D6F6D8FADAFEDCEF10005568
:10028000A5AC197106C00AC20EC412C616C81ACA95
:100290001ECC22CE26D02AD22ED432D636D83ADA66
:1002A0003EDC42DEC6C0CAC2CEC4D2C6D6C8DACA96
:1002B000DECCE2CEE6D0EAD2EED4F2D6F6D8FADA46
:1002C000FEDCEF0050590DAC197106C00AC20EC415
:1002D00012C616C81ACA1ECC22CE26D02AD22ED4B6
:1002E00032D636D83ADA3EDC42DEC6C0CAC2CEC406
:1002F000D2C6D6C8DACADECCE2CEE6D0EAD2EED496
:10030000F2D6F6D8FADAFEDCEF001055F5A2197134
:1003100006C00AC20EC412C616C81ACA1ECC22CE05
:1003200026D02AD22ED432D636D83ADA3EDC42DE75
:10033000C6C0CAC2CEC4D2C6D6C8DACADECCE2CEE5
:10034000E6D0EAD2EED4F2D6F6D8FADAFEDCEF0046
:10035000D0505DA2197106C00AC20EC412C616C8DA
:100360001ACA1ECC22CE26D02AD22ED432D636D8C5
:100370003ADA3EDC42DEC6C0CAC2CEC4D2C6D6C855
:10038000DACADECCE2CEE6D0EAD2EED4F2D6F6D8A5
:10039000FADAFEDCEF00904C85A2197106C00AC2A1
:1003A0000EC412C616C81ACA1ECC22CE26D02AD215
:1003B0002ED432D636D83ADA3EDC42DEC6C0CAC2C5
:1003C000CEC4D2C6D6C8DACADECCE2CEE6D0EAD2F5
:1003D000EED4F2D6F6D8FADAFEDCEF00504829AABD
:1003E000197106C00AC20EC412C616C81ACA1ECC9B
:1003F00022CE26D02AD22ED432D636D83ADA3EDCD5
:1004000042DEC6C0CAC2CEC4D2C6D6C8DACADECCA4
:10041000E2CEE6D0EAD2EED4F2D6F6D8FADAFEDCB4
:10042000EF005043D1A8197106C00AC20EC412C60B
:1004300016C81ACA1ECC22CE26D02AD22ED432D624
:1004400036D83ADA3EDC42DEC6C0CAC2CEC4D2C614
:10045000D6C8DACADECCE2CEE6D0EAD2EED4F2D604
:10046000F6D8FADAFEDCEF00D03F79A0197106C0A9
:100470000AC20EC412C616C81ACA1ECC22CE26D074
:100480002AD22ED432D636D83ADA3EDC42DEC6C084
:10049000CAC2CEC4D2C6D6C8DACADECCE2CEE6D054
:1004A000EAD2EED4F2D6F6D8FADAFEDCEF00903BD0
:1004B000A1A0197106C00AC20EC412C616C81ACA73
:1004C0001ECC22CE26D02AD22ED432D636D83ADA34
:1004D0003EDC42DEC6C0CAC2CEC4D2C6D6C8DACA64
:1004E000DECCE2CEE6D0EAD2EED4F2D6F6D8FADA14
:1004F000FEDCEF00503709A082401241A241324297
:10050000C2425243E243724482541255A2553256BB
:10051000C2565257E257725886481649A649364A7B
:10052000C64A564BE64B764C865C165DA65D365E3B
:10053000C65E565FE65F0961730020300000000070
:100540006F1020358280411122C42A8426C24AC0FD
:1005500006C60CC0AE8450C11389050826858145A6
:100560009104EF10804BE39B24FF5C4005476381BF
:10057000E702B9C309476392E70808402244B24042
:1005800092440249FD551305050841016F100042D0
:100590000840C1649385F4FF13050508EF1040443B
:1005A00008402244B24002499385F4FF9244130567
:1005B000450841016F10C04208409305F00F130534
:1005C0000508EF10804508409305F00F1305450816
:1005D000EF10A04408409305F00F13058508EF10B5
:1005E000C04308402244B240924402499305F00FB0
:1005F0001305C50841016F1040420290B2402244E9
:10060000924402494101828001114AC852C456C233
:1006100006CE22CC26CA4EC6FD47AA8A2E89328A29
:1006200063F3B700029003A44A008544630794046F
:1006300059C489476311F40403A50A00B394240143
:100640001305050AEF10C03633E4A40063160A0050
:1006500093C4F4FF33F4A40003A50A00A285130594
:10066000050AEF10A03403A50A001305050AEF10D0
:10067000203463078508029061A083A70A0093597C
:1006800049008A099387070A9374F900BE993314C5
:1006900094004E854204EF1000354184631F0A0028
:1006A0001344F4FF698C420441804E85A285EF100B
:1006B00020334E85EF1020336DBF498CEDB783A7F3
:1006C0000A00935939008A099387070A1379790038
:1006D000BE99B39424014E85E204EF106034E184A6
:1006E00063190A0293C4F4FFE98C93F4F40F4E8566
:1006F000A685EF1080324E85EF108032E31D95F60F
:10070000F2406244D2444249B249224A924A0561C7
:100710008280C98CD9BF8347050699C708418546A1
:10072000114689456F1020308280011106CE22CCFF
:1007300026CA2A844AC84EC652C4B684AE893289B3
:10074000EF00007B2A8A13064006814513058400CA
:10075000EF105013060923203401232224014E8573
:100760008146130600049945EF10E02B08408546AA
:10077000130600049945EF10002B084093D624007F
:10078000858A130600089D45EF10E029084093D69E
:100790001400858A09468545EF10E028084093F645
:1007A000140005468145EF10002808404C403105F3
:1007B000EF10A02608404C407105EF10002662445F
:1007C000F240D2444249B2495285224A05616F0043
:1007D0004073797122D426D22A842EC632C436C2FE
:1007E0003AC006D6EF00C0708347C400AA8402470F
:1007F00092462246B24581E785472306F4008547A5
:100800005CD8230AE400784886052305F4060CC466
:100810002322040210CC54CC232004026314F704D6
:10082000A304E4060347840685476318F7000840DD
:10083000814621468D45EF10001F08401105EF103D
:10084000201EA30FA1008347F101228593F7F70F24
:10085000A30FF100EF00D0782254B25026859254B5
:10086000456145A508408546130600029545EF10F1
:10087000801B4DBF011106CE22CC2EC62A848D2DA1
:10088000B2450CDCBD2D85474858E30FF5FEF2401C
:10089000624405618280411106C622C426C22A84B0
:1008A000812DAA840840854611468945EF10A0177E
:1008B000854726852300F406A92522852244B240D7
:1008C000924441016F00D071011122CC2A84084169
:1008D00006CE26CA1105EF10A014A307A100834776
:1008E000F1001307000793F7F70F6389E736636C8E
:1008F000F70E130780036385E728636DF7066147EA
:100900006389E724636FF70221476386E71E414747
:100910006383E71E08408146130600029545EF10E9
:1009200080105858230604002322040485476314CA
:10093000F70089475CD8784885476312F7208947D4
:10094000B9A6130780026386E72013070003084057
:100950006386E70013070002E39EE7FA85464146F7
:100960009145EF10400C89475CD82306040022858E
:100970005D33F1A21307000508406389E728636926
:10098000F700130700046388E72413078004E9B71E
:10099000130700066384E72C13078006638DE72A9C
:1009A00013078005E398E7F61C5804542105BE940C
:1009B000EF1000072380A40083474401858B2304A4
:1009C000F406639607260840854641469145EF1098
:1009D000800522858933854723060400232A0402E3
:1009E000639F0714F1AA1307800A6386E70663660C
:1009F000F704130780086381E7246365F702130790
:100A00008007638AE72413070008E395E7F03C4476
:100A10006381072A38487C44636DF7268146114676
:100A200089459DA2130780096388E7201307000A00
:100A30006384E72813070009C9BF1307000C638309
:100A4000E70A6365F7081307000B6386E7001307DF
:100A5000800BE391E7EC8347F1001307800A6319E9
:100A6000F7020840954785442306F4002328040034
:100A700064C8130600029545EF00107D11C90840B7
:100A80008146130600029545EF00F079A304940611
:100A9000084078403C4021059305F00F6379F7004A
:100AA0005C5C9306170074C0BA9783C50700EF001B
:100AB000D07678403C406364F70808408146114690
:100AC0008945EF0050762322040495A81307800D72
:100AD0006384E7241307000E6383E7061307800C83
:100AE000E39AE7E22322040408408546114689453B
:100AF000EF00707309A40840814613060002954573
:100B0000EF00707208400C442105EF00107108409E
:100B10005450054681452105EF00F0705C509DE77B
:100B2000232004028347940699C3A3040406834741
:100B3000A4060347C4006304F7002306F40008403A
:100B4000814621468D45EF00106E9DA823280402A2
:100B5000D1BF18505C4C637EF7001C4C9306170005
:100B6000084014D0BA9783C507002105EF00F06A4A
:100B7000F9B70347C4008D47631CF70085475CD075
:100B800085461306000295450840EF00D06945BF31
:100B90008347440123060400858B2304F40681EF78
:100BA0000840854641469145EF00F0672285A5360D
:100BB000232A040269B72285EF003046232A040263
:100BC00008401105EF00D065F2406244A307A10080
:100BD000D2440561828058548547854663E5E70025
:100BE0006316F70081461146894545B7854611468B
:100BF0008945EF0050630840854641469145EF0026
:100C00009062232A04022306040015BF1C580454D2
:100C100021051387170018D8BE94EF007060238059
:100C2000A4005C541858FD17E36BF7F0C5BB228590
:100C3000EF00B03E81474DB30840854611468945D7
:100C4000EF00705E8347940623060400232A040401
:100C5000E38707EE35B78547A304F40608409147BC
:100C60002306F400232804042328040013060002AA
:100C70009545EF00705D19C90840814613060002D2
:100C80009545EF00505A8547A304F40685477CC874
:100C90007DB508402105EF00B0583C4838449386A4
:100CA00017003E9734C82300A7001C48A207AA9744
:100CB0001CC838487C448DBF0347C4009147631A61
:100CC000F70430483C4C6314F6001C487CC07C4C54
:100CD000E38C07E02C44420641822285829701E59D
:100CE0002285153C09A80840814611468945EF0038
:100CF00090532300040683479406232A0404E384C4
:100D000007F008408546130600029545EF00B051F4
:100D1000DDBD23220404E9B778482306040023221A
:100D200004048547E315F7C489477CC889B1797104
:100D300022D44AD04ECE06D626D22E84B289368907
:100D400011E10290A54763F32701029011E302909D
:100D50009304840000C181460946854526853AC62C
:100D6000EF0050458146054681452685EF009044B9
:100D7000854513050401EF007043CA851305C400BF
:100D8000EF00D04232472285BA85EF0030428146DB
:100D90006383090085462254B2500259F2492685E0
:100DA00092541146894545616F00D04011E102908F
:100DB000084185460546814521056F00B03F11E198
:100DC0000290084181460546814521056F00903E0D
:100DD00011E10290084111056F00903D11E1029070
:100DE00091E1029008416F00703C11E102909D4733
:100DF00063F3D700029089676363F60002905DC1D8
:100E00009D4763E1D70A8967637EF608011152C4E2
:100E1000138A850022CC4EC62A84AE8952859375EA
:100E2000F60F06CE26CA4AC8B2843689EF00F03ED5
:100E300093D5544093F5857FB3E525011385C9000B
:100E4000EF00B03D528523203401EF00703D93192F
:100E50000501084093D909013105EF00703C9377F3
:100E6000750061991375F50F160533E5A9006383C5
:100E7000A40002906303F900029008404105EF00CE
:100E8000303A098919E923020400F2406244D2444D
:100E90004249B249224A0561828008401105EF00AB
:100EA0003038E1BF82800DE902909DED0290828092
:100EB00088404105EF00D03605897DD9834504007F
:100EC00088400504EF00703583470400F5F3B24015
:100ED0002244924441018280F1D9411122C426C2A8
:100EE00006C6AA842E84CDB78280F3670430828040
:100EF0007325003093070008F3B70730F377043009
:100F00008280731005308280411102C402C6B7C7C7
:100F1000000283A6C7FF36C483A687FF36C603A692
:100F2000C7FFA246E317D6FE83A5C7FF324541019E
:100F30008280411106C693070008F3B74730E937AE
:100F40009387011C83A8070003A347009387811B95
:100F5000984313085500DC433335A80001469386B7
:100F6000811BAA9563E7B7026394F50063630703E7
:100F700019C298C2DCC2B74600027D56D0C298C2E0
:100F8000DCC2E92093070008F3A74730B2404101D3
:100F90008280330617013335E6009A97AA971385A6
:100FA000011B32871041050610C1054665BF41117E
:100FB00006C6492819671C53B240F59B1CD3410152
:100FC0008280F32740F1FD4763F4A700029021A03F
:100FD000BD47E3FDA7FE41151375F50FB7A70080C8
:100FE0000A05938707323E95032305000283635D5C
:100FF0000502B707008013C707FF698F01CB93C7AE
:1010000007FEE98F81E71375F50F65BF06050581BA
:10101000AD476313F50025A88D476313F50041BF65
:101020009D476310F50231B7F3274034F32730347E
:10103000F3275030F3270034F3270030F327103420
:10104000029082804111294506C63928828082801B
:101050008280828082808280828082808280828080
:10106000D5B782808280828001A0B7C60080938736
:10107000014F938606012A8763E3D7000290B7B732
:10108000008003A507B21386014F2A97938707B202
:10109000636EC70037C60080130606016368E6006A
:1010A00098C39C4363F3F600029082807D55D5BFC0
:1010B00041119317850021815D8D06C622C41387D7
:1010C000011F26C22310A7002301B7001385014387
:1010D00001478D461386011FC145EFF08FEF138541
:1010E00001438145EFF00FF923A4A11C1384811C57
:1010F00019CDB7A500802A8693850536138501236F
:10110000EF10C002938501231385C11C693B084081
:10111000B2402244924441018280411122C413858D
:10112000411D0146894506C626C2EFF0EFCD814636
:10113000138501434146B7450070EFF00FDF13857B
:10114000411D01468145EFF02FCC014685451385B1
:10115000411DEFF06FCB13054006EF00A060054680
:1011600081451385411DEFF02FCA13054006EF009E
:10117000605F054685451385411DEFF0EFC81305F7
:101180004006EF00205E1385411D05468945EFF0BE
:10119000AFC72244B24013850143924441016FF02E
:1011A0008FEF411185450D6506C622C426C20D6428
:1011B0000137914513058401E53D9305A00C130506
:1011C0000403FD35A14513051403DD3581451305E1
:1011D0002403F93D9305C00413054403D13D914513
:1011E00013055403F135930500031305C402C935F3
:1011F00081451305D4026D3D81451305E4024D3D43
:10120000BD451305F4026D359305000B1305440726
:101210004535814513055407613D9305100B1305B2
:10122000E408793581451305F4085935930500071D
:1012300013056407B53DA14513057407953D930556
:10124000000713050409AD35A145130514098D35B3
:101250009305000713058430A13DA1451305943083
:10126000813D81451305640CA13581451305740C3E
:10127000813581451305E40C253D81451305F40CAA
:10128000053D930500021305840D1D35C945130561
:10129000940D393D81451305C404193D814513055D
:1012A000E404393581451305F404193581451305E6
:1012B0000405FD3B81451305640BDD3B81451305AA
:1012C000740BFD33A14513056411DD33814513050E
:1012D0007411F93B930500021305041AD13BBD4577
:1012E0001305141AF133930520041305C400C93300
:1012F0009305E0021305D400653B9305000B13052D
:10130000C4147D3381451305D4145D338945130519
:10131000A415793B9305F00813058416513B9305FA
:10132000E0071305A416693385451305E41949330D
:10133000814513059419AD3B81451305D4198D3BA7
:101340008D451305D41DAD338145130504308D3310
:101350009305F00F1305C441A13B85451305D44106
:101360009164B9338D45138514A099339305F00723
:10137000138584A1353B8145138594A1153B9305C5
:1013800070031385A4A12D3381451385B4A10D33BA
:10139000930570031385C4A1213B81451385D4A116
:1013A000013B9305700F1385E4A119338145138523
:1013B000F4A1FD399305F003138504A2D5398145C5
:1013C000138514A2F5319305F006138504A2CD31DF
:1013D0008145138514A2E9399305F003138504A20E
:1013E000C1398145138514A2E1319305F0051385B8
:1013F00004A27D398145138514A25D399305F0025D
:10140000138504A275318145138514A25531894590
:1014100013058407713981451305940751398145B6
:101420001305A407713181451305B407513189456E
:1014300013050408B539814513051408953981450C
:1014400013052408B53181451305340895318945C4
:1014500013058408B1398145130544099139814543
:1014600013055409B131814513056409913189454A
:101470001305B409353981451305C409153981456A
:101480001305D409353181451305E409153181452A
:101490001305440A313981451305540A113993055E
:1014A000100213058428293189451305A428093120
:1014B000954513054441ED3EE14513056441CD3E9C
:1014C000B9451305C45AED36854513058464CD36F8
:1014D00091451305A464E93E91451305C464C93ED2
:1014E000854513058467E936930510031305C46722
:1014F000C136930510031305E4675D3E8945130566
:1015000084707D368545130544715D368945130524
:101510005471793E894513056471593E8945130517
:10152000747179369305D0031305C4715136930550
:10153000F0031305D471AD3E81451305C4728D3E91
:1015400081451305D472AD36930560041305E4722A
:10155000853681451305F472A13E93059008130565
:101560000473B9368145130514739936A1451305E3
:1015700024733D3E8545130534731D3E9305E00FEE
:101580001305447335369545130554731536814557
:101590001305D475313E81451305E475113E93055D
:1015A00010061305F4752936994513050476093696
:1015B000ED4513058476ED3CED4513059476CD3C61
:1015C000E9451305A476ED34E5451305B476CD342D
:1015D000E1451305C476E93CD1451305D476C93CF1
:1015E000BD451305E476E934814513056477C934B4
:1015F0008145130574776D3C93056004130584776A
:10160000453C8145130594776534A1451305A477BE
:10161000453485451305B477613C930550041305A3
:10162000C477793485451305D4775934930530024E
:101630001305E477B53C89451305F477953C93058C
:10164000900D13050478AD348D45130514788D3451
:101650009305500F13052478A13C99451305347860
:10166000813C9305500A130544789934BD45130510
:1016700084783D3C9305900D1305A478153C8D4569
:101680001305B47835349305B00E1305C478EFF024
:101690003FA295451305D478EFF09FA193057008FC
:1016A0001305E478EFF0DFA099451305F478EFF027
:1016B0003FA09305500F13050479EFF07F9F93052A
:1016C000300413052479EFF0BF9E9305A00713059E
:1016D0004479EFF0FF9D9305100A13056479EFF04C
:1016E0003F9D930570031305047BEFF07F9CB94584
:1016F000138544E0EFF0DF9B930500031305840E90
:10170000EFF01F9B81451305940EEFF07F9AB945CA
:10171000138544E0EFF0DF99814513052400EFF0D5
:101720003F99316413050435352881450D65EFF087
:101730003F98130504352244B240924441011DA054
:10174000411122C40D649375F50F1305840E06C66E
:10175000EFF01F961305940E2244B24081454101DB
:101760006FF01F95411106C622C4EF00406FB7A766
:10177000008083A547380921412DAA851385C11D05
:10178000EFF0CFE51385C11DEFF04FE21385C11DCA
:10179000EFF00FE465FD1385C11D2244B240410105
:1017A0006FF0EFE12380A50082802382A500828074
:1017B0002384A50082802386A50082802398A5002B
:1017C00082802E86938506046F00A07D41111385CB
:1017D000014306C6EFF04F8FB240014541018280C0
:1017E000938701436397A700B7070001F3A747302A
:1017F0008280411122C4B7A5008093858538138566
:10180000012306C6EF007017938501232244B240DE
:101810001385C11C41016FF00FE993870143639762
:10182000A700B7070001F3B747308280411122C4F7
:10183000B7A50080938585381385012306C6EF0080
:10184000D013938501232244B2401385C11C41016A
:101850006FF06FE51307100485476377A700933790
:10186000B504FD17C207C18703D70500BA97C207A1
:10187000C18311476368F70095472390F50003D5AE
:1018800005007DBD13075009E379F7FE9307600952
:10189000EDB7397126DA85461385C11C6946B765EF
:1018A000007006DE22DC4AD84ED652D4EFF0EFD3D9
:1018B00037A60080B7A50080130646399385053A00
:1018C00013850123EF009006938501231385C11C26
:1018D000EFF06FDDB7070001F3A74730654781469A
:1018E0000546B73500701385C11DEFF04FC4EFF00A
:1018F000CFDF0946B75500701385411DEFE0BFC427
:10190000B7A500809385053B13850123EF00F00602
:10191000938501231385C11CEFF0EFD8EFF0EFFFA3
:10192000EFF03F88B70500601305E003BD3DB70544
:1019300000601305A002AD3DB7050060130540032C
:101940009D3DB70500603145953DB70500600545F3
:10195000913D930700056169231DF1001309096A90
:10196000372AFD00B7A900804A85EFF0BFDFB70630
:101970000060680891450146A93572469305A101AA
:1019800033564603328532C6F1358356A1013246BD
:101990009385093D054713850123EF002079938541
:1019A00001231385C11CEFF00FD07DBF0CC18280D5
:1019B00008418280368E331EBE00337ECE00032364
:1019C0000500B28393C3F3FF337373003363C30122
:1019D0002320650082800841718D3355B5008280D7
:1019E0002310B5008280031505008280368E331ED9
:1019F000BE00337ECE0003130500B28393C3F3FF12
:101A0000337373003363C3012310650082800315B1
:101A10000500718D3355B50082802300B5008280AA
:101A2000030505008280368E331EBE00337ECE0055
:101A300003030500B28393C3F3FF3373730033636F
:101A4000C30123006500828003050500718D3355B5
:101A5000B5008280735000307350403097E0FFFF34
:101A60009380405AB7C200029382C2FF23A00200B3
:101A7000F322103093F2120063940202F3225030EA
:101A800093F232000543639D6200F322503093F2DB
:101A9000C2FF17E3FFFF130323576398620439A0C3
:101AA00097E2FFFF938242567390523017970000DF
:101AB00013074707979700009387C70617980000FA
:101AC000130848076308F7006386070197000000C2
:101AD000E780600897A100009381C184012817B1B5
:101AE0000000130121D36FE0BFA502908682938787
:101AF000011F1388014F6383070135289387011B5A
:101B00001388011F638C07013D209387014F17A89D
:101B100000001308285063830701312813870181CF
:101B2000938701811388011B6305F7006383070115
:101B30000D2096808280636FF802B368F80093F8F6
:101B400038006349100323A007009107E3CD07FF86
:101B500082806361F802B368F80093F83800634B41
:101B600010018328070023A0170191071107E3CA7A
:101B700007FF11A001A08280797122D4135475014E
:101B80004ECE52CC9319950006D626D24AD056CACC
:101B90005AC81374F40F93D99900135AF50169C404
:101BA0009307F00F6308F40E93973900370700048A
:101BB000B3E9E700130414F88144014B13D775010E
:101BC000939A95001377F70F93DA9A0013D9F501DA
:101BD00045CF9307F00F630CF7028E0A130717F82F
:101BE000B7070004B3EAFA003A94014633452A01E4
:101BF000BD47AA869305140063E09710178700007D
:101C00001307477F8A04BA949C40BA9782871304CB
:101C1000F40F63960A0C93E424000946C1BF014502
:101C20001307F00FB7074000B2502254A6075E0713
:101C3000A5837E05D98F92540259F249624AD24A4D
:101C4000424B5D8D45618280CA86D689328B894739
:101C5000630FFB088D47E304FBFC85473685631063
:101C6000FB1A01478147C9B7639D090413D7750162
:101C7000939A95001377F70F91440144054B93DA3B
:101C80009A0013D9F50131F7639D0A0093E414001B
:101C90000546A9BF63920902A1441304F00F094B42
:101CA00031BF568561249307B5FF098CB39AFA00BA
:101CB0001304A4F801461DBFB1441304F00F0D4BEB
:101CC000F5BD4E852EC69D249307B5FF1304A0F8DD
:101CD000B399F900098C8144014BB245C5B593E431
:101CE00034000D4621B78947D286E315FBF63685C9
:101CF0001307F00F81470DBF41639306F3FF13D61F
:101D0000090193D80A01B3F7D900B3FADA0033888E
:101D10005703B389F80213570801B30A5603D6993B
:101D20004E9733061603637357011A96C167FD1762
:101D3000B376F7003378F800C206C296939966002E
:101D400093570701B3393001E982B2979A07B3E696
:101D5000D900B3E9D7009397490063D9070013D797
:101D6000190093F71900B369F7002E841307F407DD
:101D70006350E00493F7790099C793F7F90091460F
:101D80006383D70091099397490063D90700B70788
:101D900000F8FD17B3F9F900130704089307E00FE3
:101DA00063CBE70493976900A5831377F70FADBD65
:101DB0008547B386E74011C76D4601478147E34534
:101DC000D6E61307E4093397E9003337E000B3D7C9
:101DD000D900D98F13F7770019C713F7F700914689
:101DE0006303D700910713975700634C07009A07C6
:101DF000A583014715BD1307F00F814735B52E8424
:101E0000B5B7054781470DB51357750137068000F3
:101E10009307F6FF1377F70F9305E007B3F6A700D4
:101E20009357F501014563F4E50099C382808280F0
:101E30009307E0097D55E3EBE7FE93055009B3E70F
:101E4000C60063D7E5001307A7F63395E700828045
:101E5000130560093307E54033D5E700828041115F
:101E600006C622C415CD2A84D1209307E009338702
:101E7000A7409307600963C0E704A1469377F70F73
:101E800063D5A60061153314A4002604258026041A
:101E900013559400B2402244DE075D8D41018280DB
:101EA0000144260413559400B24022448147DE07C2
:101EB0005D8D410182809307900963DDE700930700
:101EC000B5019546B317F400898EB337F00033544B
:101ED000D4005D8C954763D6A7009307B5FF3314F4
:101EE000F400B70600FCFD16937774003376D40037
:101EF00085C39377F4009145638CB700110693175F
:101F0000560063D707009307F009758E3387A74003
:101F1000131466002580260413559400B240224411
:101F20009377F70FDE075D8D41018280C167637E85
:101F3000F5029307F00F1307000263ECA7009787E1
:101F400000009387274FAA9703C507003305A740D2
:101F500082802181978700009387C74DAA9703C588
:101F6000070061473305A7408280B7070001636E11
:101F7000F5006181978700009387C74BAA9703C537
:101F8000070021473305A7408280418197870000E1
:101F90009387474AAA9703C5070041473305A740DF
:101FA0008280B3C7A5008D8BB308C500A1E78D471C
:101FB00063F2C704937735002A87A9EB13F6C8FFAD
:101FC000930706FE6367F7066373C702AE86BA8798
:101FD00003A806009107910623AE07FFE3EAC7FEB8
:101FE0009307F6FF998FF19B91073E97BE95636625
:101FF000170182802A87E37E15FF83C70500050746
:102000008505A30FF7FEE36A17FF828083C60500EC
:10201000050793773700A30FD7FE8505C5D383C681
:102020000500050793773700A30FD7FE8505F9FF55
:1020300071B7944183A2450083AF850003AFC5000B
:1020400083AE050103AE450103A3850103A8C501C5
:102050009385450214C383A6C5FF2322570023247A
:10206000F7012326E7012328D701232AC701232CC0
:102070006700232E070113074702232ED7FEE36ACA
:10208000F7FA99B73D432A876373C3029377F70042
:10209000BDEFADE5937606FF3D8ABA960CC34CC3FF
:1020A0000CC74CC74107E36BD7FE11E28280B30631
:1020B000C3408A069702000096966780A600230711
:1020C000B700A306B7002306B700A305B700230592
:1020D000B700A304B7002304B700A303B70023038A
:1020E000B700A302B7002302B700A301B700230182
:1020F000B700A300B7002300B700828093F5F50F67
:1021000093968500D58D93960501D58D61B79396ED
:1021100027009702000096968682E78086FA9680CE
:10212000C1171D8F3E96E374C3F8A5B7AA8E179505
:1021300000001305659F35710841130E81083ECBE1
:1021400037030080C1771343F3FF32C536C7938747
:1021500087202E86F2862C0086DE3ECA3AC942CD02
:1021600046CF76C476CC1ACE1AC872C26120A24776
:1021700023800700F6500D618280B367B5008D8B18
:10218000B9EF9841B7867F7F9386F6F7B377D7008C
:10219000B697D98FD58F7D56639CC7042A867D5804
:1021A00011069105232EE6FE9841B377D700B69726
:1021B000D98FD58FE38607FF83C7050003C71500B6
:1021C00083C625002300F60099C7A300E60001C7D7
:1021D0002301D60091E28280A30106008280AA87B3
:1021E00003C7050085078505A38FE7FE75FB828081
:1021F0002A86D9B741712326111E2324811E232448
:10220000811D2E842EC4328C36C82322911E232099
:10221000211F232E311D232C411D232A511D23282C
:10222000611D2326711D2322911D2320A11D232E14
:10223000B11B2AD2EF4040011C413E853ED8EF4001
:10224000E07B8357C4002AD482D982DB82DD82DF1F
:1022500093F7070889C71C4899E36F102002E28CA6
:1022600003C70C007C02BED382D782D502CC02D633
:1022700002DC02DE82C082C202C2C14B3E8D125A13
:102280006309072A93065002E301D770668421A0F0
:102290006388D70A4A848347140013091400EDFBAE
:1022A000B304994163870428BE562E5723209D010D
:1022B000A696050723229D00B6D7BAD59D46210DC7
:1022C00063C4E608924703471400A6973EC2630220
:1022D00007267D5393041900034E1900A303010C34
:1022E00001440149A549130BA0021A8C8504F28A06
:1022F0001307A00593870AFE6367F7169786000009
:10230000938646238A07B6979C43B6978287528561
:10231000EF3090735C413E85BEC2EF40206EAAC094
:10232000AA8A5285EF3050721C453EDEE3900A6E59
:1023300003CE040065BF1369090203CE04007DB714
:10234000B3049941D9D48DB7A245D0115285EF403D
:10235000C07A0DE1130DC110B5B7A245D011528559
:10236000EF40A079630D0560B24789C7B2451255A9
:10237000EF10904CA24783D7C70093F7070499C387
:102380006F10101E8320C11E0324811E124583245A
:10239000411E0329011E8329C11D032A811D832A91
:1023A000411D032B011D832BC11C032C811C832C7D
:1023B000411C032D011C832DC11B7D6182809787E9
:1023C00000009387E72E3ED6937709026283E1C32C
:1023D000C2479D07E19B03AC070083AD470013870D
:1023E00087003AC89377190089C7B367BC01E392A5
:1023F00007609379F9BF8947A303010C7D57630EEA
:10240000E3663367BC0113F9F9F7E31E0732631F74
:10241000037E6395074813FB1900930C011BE3111E
:102420000B5ADA8963536B009A890347710C02C611
:1024300002D002CE02CA63090748850971A101448E
:1024400093860AFD85049317240083CAF4FFA2979C
:1024500086073384F60093860AFDE3F5D9FE938759
:102460000AFEE37DF7E863860A0C23065115A303F1
:10247000010C8549054B930CC11491A1978700006D
:10248000938747243ED6937709026283B1F342478C
:1024900093770901032C070011073AC8E39E0752FE
:1024A00093770904E3860752420C135C0C01814DBB
:1024B00015BF03CE0400136949000DBD93770902CF
:1024C0006283639E076CC2461377090193874600B7
:1024D00003AC0600631C07361377090419E36F1079
:1024E000601D420C135C0C01814D3EC8D9A5C2464B
:1024F0009377090213874600E393074E9377090108
:1025000099C36F10C00D9377090499C36F10C0264B
:1025100013790920631409006F10600CC2473AC890
:1025200012479C43A68C2380E70003C70C00E31BE3
:1025300007D4BE57E38007E422441255D011A28588
:10254000EF40A05B8357C4000DBD03CE040093078A
:10255000C006E30EFE501369090149BB03CE040017
:1025600093078006E30EFE4E1369090441B3424708
:10257000E17793C707832314F10C930747003EC804
:10258000978700009387C71262833ED6032C07000B
:10259000814D936929008947930A8007B1BD13775C
:1025A00089006283E3110748C247081962C69D0784
:1025B000E19B8C43D043A1073EC8EF70101A4A57E5
:1025C0003243BAD95A57BADB6A57BADD7A57BADFFB
:1025D00088191AC6EF307043AAC7094732436314FB
:1025E000E5006F00907A05476314E5006F10400F17
:1025F000130710066394EA006F10C06C13071004F1
:102600006394EA006F10C03F93F7FAFD7D57BEC494
:102610006314E3006F10601D130770046394E700F8
:102620006F1020737E5BCACA136709104E5FDE5DB0
:10263000EE5E63540B006F10406182CE3A8902C691
:102640002647930760046314F7006F10A0289307D0
:1026500050046314F7006F10C067130C010B9C0942
:10266000F8019A861308C10D0946E28552851ACEF3
:102670007AD97ACC76DD76CA6EDB5ADFEF20B0539A
:10268000A64713077004AA8CD24E624F724363842C
:10269000E7006F10700AD64713F7170019C36F10C1
:1026A000A06A7E47B30797413ECCBE47130770042C
:1026B0003ECAA6476394E7006F10C015A6471307EC
:1026C00060046394E7006F10E031D2479305100473
:1026D00093F6FA0F1387F7FFA647BAC7014663962A
:1026E000B700BD0693F6F60F0546230AD10C9306F4
:1026F000B00263570700D24705479306D0021D8FEB
:10270000A30AD10CA54663C4E6006F102075130818
:10271000310E428629451303300619A02E863687CE
:10272000B367A7029305F6FF93870703A30FF6FE8F
:10273000B346A702E344E3FE138706031377F70FBC
:102740009306E6FFA38FE5FE63E406016F10007FAA
:102750009305610D19A003C7060085058506A38FA3
:10276000E5FEE39A06FF1307510E9307610D118FE3
:102770003E97D409B307D7403EDCE247E25605470F
:10278000338BD7006344F7006F104075A2573E9B10
:10279000D6479349FBFF93D9F94113F9F7BF136962
:1027A0000910B3793B0102D002CE02CAF64799E381
:1027B0006F10800B1307D002A303E10C01438509BE
:1027C00021A2937709026283936909016398073E06
:1027D000C24791074247814D3EC8032C07008547F9
:1027E00021B9C247A303010C628383AC0700138C99
:1027F0004700E3850C2A7D57E30BE35E1A8681458B
:1028000066851AC8EF40E0012AC6424319E16F10FD
:10281000E016B247338B97410347710C9349FBFF96
:1028200093D9F94162C802C602D002CE02CAB37976
:102830003B010143E31307C041A893770902628378
:1028400013690901639D0734C24791074247814DCF
:102850003EC8032C0700B1AE1369890003CE040003
:1028600071B493770902628393690901639507360E
:10287000C247910742473EC8032C0700935DFC41C5
:102880006E87634C071CFD576303F336B367BC01C7
:1028900013F9F9F7639C0734E31C03740143014BFC
:1028A000930C011BBDBE4247A303010C85491C4389
:1028B00011073AC82306F114054B930CC11402C644
:1028C000014302D002CE02CA937F290063830F0026
:1028D0008909937D49083E5763960D0033083441BA
:1028E000634500678346710C8DC2AE561306710CAA
:1028F0002320CD000507054685062322CD00BAD743
:10290000B6D51D46210D6347D60863810F02AE562A
:10291000B0012320CD000907094685062322CD00FA
:10292000BAD7B6D51D46210D6348D66C930600086C
:10293000638DDD3E330C63416341804B9376091018
:1029400063990630AE575A9723209D0185072322AD
:102950006D01BAD7BED59D46210D63CBF65C1379C8
:102960004900630609003309344163442005635379
:1029700034014E849247A2973EC2E310079EB247AD
:1029800082D589C7B2455285EF10006B130DC11077
:10299000A68C61BEA245D01152859AC47EDAEF4062
:1029A000C015E313059C3E57130DC1102643D25F9B
:1029B000A9BFAE57178C0000130CCCD263D12B05E6
:1029C0001D4BA24A21A0411963DB2B034107850758
:1029D00023208D0123227D01BAD7BED5210DE354DA
:1029E000FBFED011D6855285EF402011E31E0596DF
:1029F00041193E57AE57130DC110E3C92BFD4A973D
:102A0000850723208D0123222D01BAD7BED59D46EF
:102A1000E3DFF6F4A245D0115285EF40000EE31536
:102A200005943E57A9B79377090262836394071A06
:102A3000C24713770901910719C36F10804F1377AD
:102A40000904E302074842473EC8CA89031C07003D
:102A5000935DFC416E87E35807E2330C8041B33746
:102A60008001B30DB041B38DFD409307D002A303A5
:102A7000F10C7D578547E316E39805476389E71610
:102A80000947638CE718141B11A0E6869397DD01B4
:102A900013777C00135C3C001307070333EC8701BA
:102AA00093DD3D00A38FE6FEB367BC01938CF6FF78
:102AB000E9FF13F619006308061813060003630400
:102AC000C718F9161C1BA38FCCFE338BD7404E8939
:102AD000B68C81BA9307B002A303F10C03CE0400B5
:102AE0006FF0DF80C24703CE0400804391073EC8E9
:102AF000635E04FE33048040136949006FF00FFFEA
:102B00001369090803CE04006FF04FFE83CA040066
:102B10009387140063946A016F10004093860AFD46
:102B2000BE84014C63E8D9FC850493172C0083CA4A
:102B3000F4FFE2978607338CD70093860AFDE3F50E
:102B4000D9FE6FF02FFB1369190003CE04006FF05C
:102B5000EFF98347710C03CE0400639907F89307DC
:102B60000002A303F10C6FF06FF893770902628300
:102B7000A9E7C246137709019387460003AC060014
:102B800019C36F10003D13770904E3090730420CA5
:102B90003EC8135C0C01814DCA898547B1B8C24754
:102BA0009D07E19B03AC070083AD470013878700B7
:102BB0003AC89379F9BF814781B0CA89C2479D0756
:102BC000E19B1387870003AC070083AD47003AC839
:102BD00085471DB0CA89C2479D07E19BD8439386AC
:102BE000870036C803AC0700BA8D61B9CA89E39380
:102BF0000D0EA547E3E0870F130C0C03A307811B01
:102C00004E89054B930CF11A6FF0BF810547E381A4
:102C1000E73E0947CA89E398E7E6B256930C011BE1
:102C20009377FC00B69783C707001397CD01135C19
:102C30004C00FD1C336C870193DD4D002380FC00AC
:102C4000B367BC01F1FF1C1B338B97414E896FF0BA
:102C50004FFD9306500663DD5621CE560C11081920
:102C600036D9DE563ADA02D136DBEE5602D302D539
:102C700036DDFE5602D736DFEF50A0195257631AE1
:102C80000538AE5797860000938686A50507232052
:102C9000DD00850785462322DD00BAD7BED51D4756
:102CA000210DE34DF700BE47624763C7E700937706
:102CB000190099E33E5765B1C257A2563E572320EB
:102CC000FD00AE5736972322DD008507BAD7BED563
:102CD0009D46210D63CBF656E247138BF7FFE35079
:102CE00060C9AE57E3DC6B071D4CA24A21A0411B13
:102CF000E3D66B0741078507978600009386869F7A
:102D00002320DD0023227D01BAD7BED5210DE3505B
:102D1000FCFED011D6855285EF30305E631605E497
:102D20003E57AE57130DC110D9B7330C3441E3539E
:102D300080C1AE5663D38B0726DAEA87E284668DBC
:102D40004E8CDA8CA2899D4D22441A8B21A0C1148D
:102D500063DD9B02410785061786000013068699EE
:102D600090C323A27701BAD7B6D5A107E3D1DDFE80
:102D7000D011A2855285EF305058631705DEC1147B
:102D80003E57AE567C02E3C79BFC4E84E289268CFC
:102D9000D2545A83668BEA8C3E8D6297850697875C
:102DA0000000938727952320FD0023228D01BAD7A9
:102DB000B6D51D46210DE35FD6B6A245D01152858A
:102DC0001ADAEF309053631105DA52533E57130D60
:102DD000C110330C6341E35380B7AE5663DF8B05FC
:102DE00026DA9D4DE2845A8C4E8BA289224421A082
:102DF000C11463DF9B024107850697870000938714
:102E0000678F2320FD0023227D01BAD7B6D5210D7F
:102E1000E3D0DDFED011A2855285EF30104E631550
:102E200005D4C1143E57AE56130DC110E3C59BFC2B
:102E30004E84DA89628B268CD254629785069787F6
:102E400000009387278B2320FD0023228D01BAD712
:102E5000B6D51D46210DE353D6AEA245D0115285FD
:102E6000EF30B049631205D03E57130DC110F9B4CD
:102E70002E56E247854623209D010507130B1600B9
:102E8000130C8D0063DDF62885462322DD00BAD7BA
:102E9000DAD59D4663CE662FA257C256050B3E97E4
:102EA0002320DC002322FC00BAD7DAD59D46210C72
:102EB00063CC662FCE56E24713081B0036D9DE5688
:102EC0000C11081936DBEE563AD0C28A36DDFE56B2
:102ED00042CE02D136DF9386F7FF36CA02D302D53F
:102EE00002D7EF401073130D8C00D2467248025780
:102EF0006306052493871C0036972320FC002322B9
:102F0000DC00BAD7D6D59D4763C8574F93070C014D
:102F1000930A2B006A8C3E8DE256DC092320FC00CC
:102F200036972322DC00BAD7D6D59D47E3D957A3DD
:102F3000A245D0115285EF30503C631705C23E5771
:102F4000130DC11029BCCA890DBEAE56177C0000F6
:102F5000130C4C7963D70B07A6C4CAC6EA876289EB
:102F6000668D4E8CDA8CA2899D427EDAA2441A8B41
:102F7000428421A0411463DB8B024107850623A014
:102F8000270123A27701BAD7B6D5A107E3D4D2FE91
:102F9000D011A6855285EF305036631705BC411419
:102FA0003E57AE567C029D42E3C98BFC2288D25F1D
:102FB0004E84A644E2894A8C36495A83668BEA8C51
:102FC0003E8D4297850623208D0123220D01BAD71D
:102FD000B6D51D46210DE357D690A245D011528596
:102FE0009AC47EDAEF307031631005B83E57130D86
:102FF000C1102643D25FFDB0A245D01152851ADA26
:10300000EF30B02F631205B63E57130DC110525367
:1030100031BA3E46635EC040E247D2463E8B63C251
:10302000F622635F6001AE565A9723209D01850604
:1030300023226D01BAD7B6D51D46210D6345D67042
:103040009346FBFFD247FD86337BDB00338B674122
:1030500063426027D24793760940B38AFC00639F9E
:1030600006283E4BE2476346FB0093761900638ACD
:10307000066EC256A2571D462320DD00AE563E976F
:103080002322FD008506BAD7B6D5210DE34AD60C1A
:10309000E246B387DC00338B6641B38757415A8CD5
:1030A00063D367013E8C635F8001AE576297232034
:1030B0005D01850723228D01BAD7BED59D46210D1E
:1030C000E3CCF60C9347FCFFFD87337CFC00330B0D
:1030D0008B41E3566089AE5763D26B491D4CA24ABF
:1030E00021A0411B63DC6B474107850797760000F1
:1030F000938646602320DD0023227D01BAD7BED50A
:10310000210DE350FCFED011D6855285EF30F01E24
:10311000631C05A43E57AE57130DC110D9B7937564
:103120001900E39305D62322DD00BAD7DAD59D47EF
:1031300063C4672D930A2600410DF9BBE35ED0DC22
:10314000E3D6DB5A9D4A368DA24C428B29A0411D05
:1031500063DEAB51050B41079777000093878759D2
:103160002320FC0023227C01BAD7DAD5210CE3D03E
:103170006AFFD011E6855285EF3030186316059E40
:103180003E572E5B130CC110D9B766896FF06F9450
:10319000A245D0115285EF3050166317059C3E575B
:1031A0002E5B130CC110CDB9A245D0115285EF3062
:1031B000D014631B059A3E572E5B130CC110DDB96A
:1031C00093070003A307F11A930CF11A6FF06FA590
:1031D00093770920639F075C814D6FF0AFA0124683
:1031E0009C423AC89356F64190C3D4C3A68C6FF064
:1031F000CFB393070003136929002304F10CA30440
:10320000510D9379F9BF89476FF00F9FF25703CEA5
:103210000400638D078C83C707006389078C1369DB
:1032200009406FF0AF8CC247984391073EC80C43EA
:10323000504314475847AED9B2DBB6DDBADF6FF062
:103240002FB9368BE34160DFE5BBA245D011528533
:10325000EF30B00A631A05903E57130DC110ADBC94
:1032600003CE14001369092085046FF02F8803CE64
:1032700014001369090285046FF04F8712559305F6
:103280000004EF20107DA24788C388CBE30C054AD9
:103290002247930700045CCB6FE07FFC99471A8BB1
:1032A00063EF674ADA8962C8977C0000938CCC424E
:1032B0006FF0EFE0AE5663D76B459D4A224C21A0DC
:1032C000411B63D16B4541078506977700009387C3
:1032D00067422320FD0023227D01BAD7B6D5210DF8
:1032E000E3D0DAFED011E2855285EF301001631D84
:1032F00005863E57AE56130DC110D9B7E247724C42
:1033000026CA4ADAA2C482544ECE66D0B38DFC00DF
:103310001D4B06497254EA86A249964C63050C0679
:10332000ADE47D147D1CAE574A9723A09601850716
:1033300023A22601BAD7BED5A1066340FB0E0346E1
:103340000400B3855D41328D63D3C5002E8D63507B
:10335000A0032E566A9723A05601050623A2A601B4
:10336000BAD7B2D56346CB2003460400A1069345E5
:10337000FDFFFD85B377BD00330DF6406349A00125
:10338000B29AE31F0CF863880446FD1469BF2E56F9
:1033900063C6AB0181A0411D63DEAB034107050697
:1033A00097770000938707359CC223A27601BAD78E
:1033B000B2D5A106E351CBFED011CE855285EF30B8
:1033C000C07319C16FE05FFA411D3E572E5674025B
:1033D000E3C6ABFD6A9705069777000093878731B0
:1033E0009CC223A2A601BAD7B2D56347CB480346F5
:1033F0000400A106B29A71B7A245D0115285EF30F0
:10340000C06F19C16FE05FF62E563E57130D411184
:10341000930A1600130CC11001B6D011CE85528547
:10342000EF30A06D19C16FE03FF43E57740201BF49
:10343000AE56977500009385A52A2320BD00050789
:10344000854585062322BD00BAD7B6D59D45210DF9
:1034500063C9D5046313061AE24793761900DD8E1B
:10346000638F06CEC256A2571D462320DD00AE56FE
:103470003E972322FD008506BAD7B6D593088D0066
:103480006345D634E247850623A098013E9723A2E0
:10349000F800BAD7B6D59D47138D880063D1D7CC35
:1034A00041BCA245D0115285EF30206519C16FE0B3
:1034B000BFEB3E463E57130DC11069BFA245D01168
:1034C0005285EF30806319C16FE01FEA130DC11000
:1034D0006FF06FFD930C011B814713F9094026C65D
:1034E0004ECA130BF00FE6891ACED28CF2546E8AB4
:1034F000EA8D228D3E8419A8294681466285D285AF
:10350000EF30105463080A382A8C2E8A29468146E7
:103510006285D285EF40400C13050503A38FA9FEF9
:103520000504FD19E30A09FC83C60400E316D4FC74
:10353000E30464FD63140A36A54763E18737668AAE
:10354000CE8CD2491C1B22CC26DE6A847243B24444
:103550006E8D338B97414E896FE0BFEC97760000FC
:10356000938646195A9785072320DD006FF02FBEFA
:10357000D011CE855285EF30405819C16FE0DFDEA3
:10358000034604003E577402DDB3CE570C110819F0
:103590003ED9DE5702D102D33EDBEE5702D502D729
:1035A0003EDDFE573EDFEF40F022634E053003471D
:1035B000710C93067004977C0000938C6C0E63CFA3
:1035C000561702C602D002CE02CA1379F9F78D4906
:1035D0000D4B014319C36FE05FE66FF0EFAEC247DA
:1035E000A68C9C433AC8124798C36FE01FF46685C7
:1035F000EF30C0402A8B6FF02FA2C256A2579D45D4
:103600002320DD00AE563E972322FD008506BAD763
:10361000B6D593088D0063CAD51AE35506E6C155A1
:10362000330BC0406354B66E1D4CA24A21A0411B0F
:1036300063DE6B6D41078506977700009387870BE4
:1036400023A0F80023A27801BAD7B6D5A108E35089
:10365000DCFED011D6855285EF30204A19C16FE0CB
:10366000BFD03E57AE569308C110D1B7EA86930A31
:103670001B0093078C003697177600001306860709
:103680002322DC002320CC00BAD7D6D59D46E3C543
:1036900056D7850A138D87003E8CBDB81377092055
:1036A000630307103EC8137CFC0F814DCA89854710
:1036B0006FE09FD4137709207DC3137CFC0F814DED
:1036C0003EC86FF00FCF1377092061C34247CA8904
:1036D0003EC8030C0700935DFC416E876FF06F9A44
:1036E000FE5763CD070C0347710C93067004977C5B
:1036F0000000938C6CFBE3D656ED977C0000938C16
:10370000ECFAC1B55A97850697770000938787FE34
:103710002320FD0023226D01BAD7B6D51D46210D09
:10372000E35AD692A245D0115285EF30003D19C11F
:103730006FE09FC33E57130DC11029BA977C00005C
:10374000938C4CF6BDBDA245D0115285EF30E03AC6
:1037500019C16FE07FC13E57130DC110D5B0194B91
:1037600091B6E246B387DC00338B6641338C574118
:10377000E35A8B955A8CB9B2C2473AC812479C4358
:10378000A68C2390E7006FE05FDA4247CA893EC803
:10379000032C0700935DFC416E876FF08F8E814D87
:1037A0003EC86FF00FC13EC8814DCA8985476FE0A2
:1037B000BFC4137CFC0F814D6FE0DFC29307D002C2
:1037C000A303F10C1307D0020DB7A245D011528507
:1037D000EF30A03219C16FE03FB93E463E57AE56BA
:1037E0009308C110E35006CA1DBD19436FE09FE363
:1037F000CA896FF06FC0825CE24722DE368DB386E5
:10380000FC00D24452592644F249E3FC5685B68A5C
:103810006FF03F85D247755763C4E7006358F300E4
:10382000F91A93F7FAFDBEC46FE03FEA6247D24748
:1038300063C5E71856473E8B058B01C72257338B6C
:10384000E700D64713F7074001C7D247634EF05051
:103850009349FBFF93D9F941B3793B01930A700671
:1038600002D002CE6FE09FF40347710C014319C3ED
:103870006FE0BFBC6FF04F85D011CE855285EF3021
:10388000C02719C16FE05FAE034604003E577402C3
:10389000B29AC5BCA547E3E987C755B186479645A7
:1038A0000144B389F9403E864E85EF30801B03C842
:1038B000140029468146333800016285D285C294BE
:1038C000EF30101891B19307D002A303F10C130746
:1038D000D002C5B1130C010B9A86F8011308C10D73
:1038E0009C090D46E28552851ACE7AD97ACC76DDCE
:1038F00076CA6EDB5ADFEF10102C834605001307E3
:103900000003AA8CD24E624F7243638FE6581C119B
:10391000BECC3E47B3096700E699E64562851ACA00
:103920007AD96EDB76DD5ADF02D102D302D502D717
:10393000EF40204E4E87524319E16FE0BFD67E47DD
:1039400013060003636437016FE0DFD593071700A8
:10395000BECF2300C7007E47E36A37FF6FE09FD4E6
:10396000A245D0115285EF30401919C16FE0DF9F99
:103970003E4B3E57130DC1106FF08FF10347710C92
:1039800062C802D002CE02CA9A891A8B014319C3B7
:103990006FE0BFAA6FE05FF3A245D0115285EF3010
:1039A000C01519C16FE05F9C3E4BE2473E57130DB7
:1039B000C110338B67416FF0EFF0E2472257930A53
:1039C0007006338BE700D2476356F04CD64713F7A7
:1039D0000740631D07389349FBFF93D9F941B37939
:1039E0003B01BDBDD64713F71700D24733676700C9
:1039F0006351F05063190748524B930A6006F9B7B8
:103A0000930700032304F10C93078005A304F10C32
:103A10009367290013073006BECA02C6930CC1146F
:103A2000634F67227E5B93F7FAFDBEC482CE1369B3
:103A300029104E5FDE5DEE5E634B0B201307100610
:103A40006381EA38130710046384EA006FE05FBF04
:103A5000130C010B62851ADA7AD976DD5ADF6EDB38
:103A6000EF60E069F001EF20906E2E86AA856285F6
:103A7000EF60A04E4A571C099309010A3AC95A57E8
:103A80001001BE853ACB6A574E853E8B3ACD7A57A8
:103A9000B2C6CECC3ACF3707FC3F3AC702C102C309
:103AA00002C5EF40E0640A579A562A58BA5ECE859E
:103AB00062853AD93AD036DB36CE42DD42CC76DF6B
:103AC00076CA02D102D302D502D7EF408034D24E5B
:103AD0006248F2460257525319E10546B2C797773A
:103AE0000000938727BE3EDA930DF3FF66CAA6D087
:103AF000D6D2A2D6EADAD2DCE6DECAD4EE8C9AD8E6
:103B00003A8DB68D428AF68ADA84664435A0A2855B
:103B1000628532D07ACE7ECC7EDB7ADD32DF4AD946
:103B200002D102D302D502D7EF40A02EFD1CE24FF6
:103B3000724F025641C55ACAB70703402686A2856E
:103B400062853ECF6AD16ED352D556D702C902CB19
:103B500002CDEF40E0596285EF600021AA85AA8975
:103B600062857A5BCA5A5A5A6A59EF60C02D4A5721
:103B70003646A6853AC15A5722855ACF3AC36A5764
:103B800056C952CB3AC57A574ACD3AC7EF50202092
:103B9000D2570A599A5F33873701D2470347070044
:103BA0002A5F3A56138B1700A30FEBFEE6C8FD57AA
:103BB0004A8DFE8D7A8AB28AE39BFCF44653E64531
:103BC000CA82B70DFE3F62851ACC865416D996D0AC
:103BD0007EDBFEC67ADD7AD032DF32CE02D102D36E
:103BE00002D56ED7EF40602D965A3654565D665A10
:103BF000F65C265962436340A0088652B64F025FC6
:103C00007246E645628516D97EDB7ADD32DF02D167
:103C100002D302D56ED7EF40C01F624309E593F986
:103C20001900639A0904C647930600031387170017
:103C30005A9763C70700050BA30FDBFEE31D67FF61
:103C4000B3079B413ECC6FE05FA602C63A893707B7
:103C500000809307D002334B6701BECEC5B39305F6
:103C6000130052851AC6EF20C05EAA8C324363054A
:103C7000052E2AC645BBD2475A87BECFD2578346A8
:103C8000FBFF03C6F700631ED60093050003A30FD6
:103C9000B7FE7E479307F7FFBECF8346F7FFE308E3
:103CA000D6FE13861600930590031376F60F6385F0
:103CB000B600A30FC7FE69B7D25703C6A700A30F6C
:103CC000C7FEBDBF930700032304F10C93078007D1
:103CD00035BB93091300130C010B1308C10D9C098C
:103CE000F801CE860946E28552851ACE7AD97ACC79
:103CF00076DD76CA6EDB5ADFEF10E06BD24E624F94
:103D00007243AA8C1C11E699BECC01B95A9785065C
:103D1000977700009387079E23A0F80023A26801ED
:103D2000BAD7B6D51D46A108635ED6F4A245D01118
:103D30005285EF20905C19C16FE00FE33E57AE56FD
:103D40009308C1106FF00FF41C11B3896C00BECC46
:103D5000E9B6630403006FE0FF8C05436FE09F8CBE
:103D6000FD573EC26FE00FE2930A7006F255D2474C
:103D700002D003C7050002CE1306F00F6302C7028C
:103D80006350F70283C61500998F99C6724785055F
:103D900005073ACE3687DDB78256850636D0F9BF9D
:103DA0003ECA0257F2472EDE3E9786473307F70298
:103DB0003A9B9349FBFF93D9F941B3793B016FE0FB
:103DC000FF9E130C010B62851ADA7AD976DD5ADF71
:103DD0006EDBEF60C032F001EF2070372E86AA85CF
:103DE0006285EF6080174A571C099309010A3AC996
:103DF0005A571001BE853ACB6A574E853E8B3ACD55
:103E00007A57B2C6CECC3ACF3707FC3F3AC702C189
:103E100002C302C5EF40C02D0A579A562A58BA5E0F
:103E2000CE8562853AD93AD036DB36CE42DD42CCF9
:103E300076DF76CA02D102D302D502D7EF30707D89
:103E4000D24E6248F2460257525319E10546B2C7B4
:103E5000977700009387C7853EDA79B19306610DA5
:103E600019E693060003230BD10C9306710D1C1B5E
:103E70003386F640130707039307D60D2380E60029
:103E80003EDC6FE09F8F2257930A6006338BE7007A
:103E90001A9B2DBE330BFB40050B9349FBFF93D9B7
:103EA000F941B3793B016DBA0C1162851ACE7AD90A
:103EB0007ACC76DD76CAAECC6EDB5ADF02D102D385
:103EC00002D502D7EF30F074D24E624F7243E30254
:103ED00005A4054733076740BAC72DBCD64713F77B
:103EE000170019E36FE0DF8A6FE05F8AEA876FF0FF
:103EF0008FF811E78549930A6006054B95B2A257E2
:103F0000930A6006138B17001A9B9349FBFF93D902
:103F1000F941B3793B01A9B24247032C07001107CD
:103F200063530C007D5C03CE14003AC8BE846FE07E
:103F3000EFBBCA896FE01F949A89E9B389473EDCD9
:103F40006FE0BF831257B1471CC3FD573EC26FE0FD
:103F50006FC3CA896FE01F88A24683D7C60013E7E4
:103F60000704BA872396E6006FE02FC1011122CC27
:103F700026CA4AC84EC62E8406CE938981C32A8992
:103F8000EF20B01483A6890005679307F7FEC442AB
:103F900033848740F198269431807D143204634B3A
:103FA000E40081454A85EF20502283A78900A69727
:103FB000630DF5004A85EF20D011F2406244D244EF
:103FC0004249B249014505618280B30580404A8576
:103FD000EF20B01FFD57630AF5029387C1499C4348
:103FE00003A78900818C93E41400338487404A85B9
:103FF00044C323AE8148EF20D00DF2406244D24446
:104000004249B24905450561828081454A85EF20D4
:10401000D01B03A78900BD46B307E540E3DCF6F8F3
:1040200097760000938686B0944293E717005CC3AE
:10403000158D23AEA148BDBFE9CD411122C426C2D2
:104040002E84AA8406C6EF2050088325C4FF1307D8
:1040500084FF138581C393F7E5FF3306F7005442CD
:1040600003288500F19A6301C81254C28589330878
:10407000D600BDE9032384FF83254800938801C44B
:1040800033076740032887009A9785896301180FD3
:104090000323C70023266800232403016383051438
:1040A00093E6170054C31CC29306F01F63EDF60697
:1040B0008D83938617008E064C413695104193D61A
:1040C00027408547B397D700CD8F930685FF54C708
:1040D00010C723AEF1C218C158C62244B24026858B
:1040E000924441016F20E07E8325480085899DE14F
:1040F000B697938801C4144613E81700B305F70078
:104100006389160F5046D0C614C6232207019CC1EE
:1041100061BF828093E61700232ED4FE1CC2930653
:10412000F01FE3F7F6F893D697001146636CD608B4
:1041300093D6670093859603138686038E05AA950A
:104140009441E1156383D50CD042719A63F5C700A1
:104150009446E39BD5FECC464CC714C7224498C571
:10416000B24026859244D8C641016F208076639480
:10417000050E0C465046B69793E61700D0C50CC600
:1041800054C33E971CC391BF8589B69789E983259F
:1041900084FF0D8F54471047AE9754C690C697764C
:1041A00000009386E69813E61700944250C323A0BC
:1041B000E1C4E3E4D7F29387811E8C432685EFF0B8
:1041C000FFDA21BF51466370D602130640056367CC
:1041D000D60493D6C7009385F6061386E6068E05A9
:1041E000B9BFB69709BF9385C6051386B6058E0578
:1041F000B9B723A6E1C423A4E1C4232617012324CD
:104200001701232207019CC1C9BD48418547098682
:104210003396C700498E23AEC1C23DBF1306401579
:10422000636AD60093D6F7009385860713867607D0
:104230008E0531B713064055636AD60093D6270121
:104240009385D6071386C6078E05D5BD9305803F97
:104250001306E007EDB593E6170054C31CC2B5BDC5
:104260009306450081476905617809A88607239070
:10427000E600C2078906C1836307D50203D706009B
:104280001376170019C293E71700058313F627006A
:10429000B365070161DE86072390B600C207890671
:1042A000C183E31DD5FC8280930685010147090582
:1042B00009A806072390F6004207F9164183630B0D
:1042C000D50283D7060013960701418686076354FB
:1042D000060013671700C207C1831376270093E512
:1042E000170061DA06072390B6004207F9164183EA
:1042F000E319D5FC82800111416E231D0100231EAC
:104300000100E1057C08130881007D1E03D705002C
:10431000F917F91515E3239F07FEE39907FF110627
:104320009306E10103D7070009068907231FE6FE6C
:10433000E39AD7FE056182803307A70283D827005E
:1043400003D30700B376C701C696418393D806010D
:104350001A974697935807012391D7002390E700B7
:10436000239F17FFE39407FB5DBF13072501090592
:104370008357E5FF89E7E31CA7FE014582800545D9
:104380008280411122C40354250126C206C69347E8
:10439000F4FF13971701AA8401E7EFF01FFD09E569
:1043A000E1773D8C23998400B2402244924441013C
:1043B0008280411122C40354250106C69347F4FFAD
:1043C0001397170109E7EFF05FFA814719E1935757
:1043D000F400B24022443E8541018280835725018A
:1043E000411122C4BD8326C206C64AC0B307F040AD
:1043F0002390F50083572501A166FD16F58F2391C3
:10440000F500AA84130405016387D702938765002A
:104410002392050079157914035724008907239FF7
:10442000E7FEE31AA4FE239C0500B2402244924416
:10443000024941018280035725012E897D8F631433
:10444000F702EFF09FF205C113076900231209007C
:104450009387C4FF7914835624000907231FD7FECE
:10446000E39A87FED9B7930749009305A901890705
:10447000239F07FEE39DF5FEB24022449244024989
:1044800041018280835725015D71A2C493C7F7FF64
:10449000A6C286C613971701AA842E8401E7EFF0FF
:1044A000DFEC39ED8357240193C7F7FF139717010A
:1044B00021C72C002685EFF07FF24C102285EFF00B
:1044C000FFF18355810003554102630DB502930747
:1044D000A10013076102101083D607008907ADE61B
:1044E000835607000907ADE2E398C7FE0145B640D1
:1044F00026449644616182802285EFF01FE755D9FA
:104500007955F5B71307A1009307610289070907D9
:10451000133515000356E7FF83D6E7FF3305A040A8
:1045200009897D156C18631CD600E381B7FC8907E7
:1045300009070356E7FF83D6E7FFE308D6FEE3E863
:10454000C6FA3305A04065B70545D5D17D5545B7B9
:10455000411106C6EFF07FE1B2401335150041016D
:104560008280411122C44AC006C626C22E892A84EE
:1045700063CD0506BD472E86110593068401BD4512
:1045800063D12703AA87890703D70700239FE7FE84
:10459000E39BD7FE231C04004116E3C5C5FE137937
:1045A000F9009D4763D427039307840193052400F2
:1045B000014783D60700F91713968600518F239180
:1045C000E70013D78600E396B7FE61196308090078
:1045D0007D192285EFF05FCDE31C09FEB240224435
:1045E00092440249014541018280C557B304B0405D
:1045F00063DBF508930585010149930645003D46B7
:1046000003578401AE873369E900F91703D7070020
:104610002391E700E39BD7FE23120400C114E3417A
:1046200096FE9D4763DE970242091359094183476D
:1046300084019305A40101473369F9004209135924
:10464000090183D70600890613D68700518FA20778
:10465000239FE6FE139707014183E394B6FEE1141E
:1046600099C883578401FD142285858B33E927017E
:10467000EFF01FBFFDF4B2402244333520019244D5
:10468000024941018280E55763C4F5000149D1BF69
:1046900001499306440061BF83574500411126C27A
:1046A00006C622C44AC0AA84CDE30357650001446C
:1046B00093170701C18763C307089306A501130673
:1046C000000A1DE39387640019A003D70700890738
:1046D000239EE7FEE39BF6FE239C04004104630F48
:1046E000C40403D7640079DF937707F08DEB13855B
:1046F0008401938524000147AA8783D60700F91710
:1047000013968600518F2391E70013D78600E39616
:10471000F5FE03D764002104937707F0E9DF13095E
:10472000000A01A80504EFF03FB86349890003D7E8
:104730006400420741872685E35607FE2285B24082
:104740002244924402494101828013F707F0014458
:1047500005E71309F0F601A87D14EFF07FB0E30F31
:1047600024FD83D744002685E5FB2285B240224400
:104770009244024941018280930645009305A501B8
:10478000014719A083D7060013D68700518FA207CF
:104790002390E6001397070189064183E394B6FE50
:1047A00083D74400615475B7011122CC26CA4AC888
:1047B0004EC652C456C23689BE8406CE2A84AE89FD
:1047C000328ABA8AEFF05FED930700093309A940F6
:1047D00063D0A706A167F91763DE2719638C0A1651
:1047E000C8409C40638FA70A1387A40193874403A2
:1047F0000907231F07FEE31DF7FE93078003630FDE
:10480000F52663D6A70493070004630CF5229307EB
:1048100010076315F524B7870040FD172947DCC84A
:10482000E17798C4239CF400D8C4A9472167A9A0C4
:1048300063580916930700F76357F9149307240088
:1048400069048907239F07FEE39D87FEDDA8E147F2
:104850006309F51C930750036312F5200567B7073A
:10486000000499469387F77F13070780DCC894C438
:10487000239CE400D4C49947A1078607A6972395F3
:10488000E70088C0634F200193070009630CF51609
:10489000835784012285858BB3E9F900EFF05F9C93
:1048A000C8408C4483D744011308F00813961500C0
:1048B000229603570600B376F7006346A8022D48F8
:1048C0006343B8023287930584018357270099C355
:1048D00093E61600231107000907E398E5FE035746
:1048E000060083D7440193C7F7FFF98F2310F60022
:1048F00083D7640133F7D70005CB6389D70C1386C0
:10490000240313078401F10481468357060083556D
:10491000070079177916AE97B6972311F700C18370
:1049200093F61700E31396FE635F200B8357440052
:10493000BDEFA167231C0400F91763CF27012311E2
:104940002401F2406244D2444249B249224A924A86
:1049500005618280231C0400E17793C7F7FF2311D0
:10496000F400930744006104239007008907E31DC6
:10497000F4FEC1BF9307240069048907239F07FE43
:10498000E39D87FE7DBFCA852285EFF09FBD11C1E3
:10499000854963830A08C8409C40E397A7E4EDB5C6
:1049A000E3890AF8C8409C40E310F5E4E1BD2285A4
:1049B000EFF01F8BA1670509231C0400F917E3CD55
:1049C00027F9E35E09F623110400A5BF6395090AE0
:1049D000DC4403D784018607A29783D70700F98FA9
:1049E00099FFE34520F5930700096305F50022854B
:1049F000EFF09F8B83574400DDFB231C0400E3444E
:104A000009FC35BF904483D744010606229603571C
:104A10000600B3F6E700C1BD231C04002311040007
:104A20000DB7B70780009387F70F1147DCC89307CE
:104A3000001098C4239CF400D8C4914713070010B9
:104A400025BD9D479CC4B7070180FD17DCC885477D
:104A5000239CF4009947DCC4054739BDB1479CC489
:104A6000B7070180FD17DCC88547239CF400AD47DC
:104A7000DCC4054711B5E3040AE87DB5B70780003B
:104A80009387F70F1947DCC89307001098C4239C3D
:104A9000F400D8C4994713070010F9BB79714ECEC2
:104AA0008359250026D2AE8406D622D44AD052CCD1
:104AB000328956CA5AC85EC662C466C26AC02A8AA9
:104AC000EFF09FBD03D42400B389A9402685EFF001
:104AD000BFBC930A4903098C1307E904D6878907E9
:104AE000239F07FEE39DE7FE634B3407930B4A00C9
:104AF000138B4400FD19930CAA01138C24005A87D0
:104B0000DE878907090703D6E7FF8356E7FF631DA2
:104B1000D606E39897FF93068A011387840101461E
:104B20008357070083D506007917918F8D8F231146
:104B3000F700C183F91613F61700E313ECFE054DD9
:104B40005685EFF06FF68357C9047D142685336DC3
:104B5000FD002316A905EFF02FF5E31234FBA28622
:104B60002254B250F249624AD24A424BB24B224CD2
:104B7000924C024DCA87268502599254014701463C
:104B8000814545616FF05FC2014DE3EBC6FA61B745
:104B9000035705008357250019C32167D98F23992F
:104BA000F50003572500A167FD17630FF700930772
:104BB0006500C1056105890703D7E7FFF915239152
:104BC000E500E39AA7FE828093076500690503D795
:104BD000070089071DE3E39CA7FE13872501AE8725
:104BE0008907239F07FEE31DF7FE83D72501216771
:104BF0007D17D98F2399F500828013870501AE8731
:104C00008907239F07FEE31DF7FEB7C7FF7F9CC9F7
:104C100082807571D6DA835A2501A167FD1722C5F6
:104C200026C34AC1CEDEDAD806C7D2DCDED6E2D44D
:104C3000E6D233FB5701AA842E893284B6896316E3
:104C4000FB08EFF08FF2631C0518035A2901B377B4
:104C50004B016391671B4A85EFF02FF149E12685EF
:104C6000EFF01F8F631C0518A167FD1733FA47018A
:104C7000420A135A0A01631DFA204A85EFF05F8D3C
:104C80006310052683D72401B377FA00638447199C
:104C900026856C00EFF08FF44A852C10EFF00FF4AE
:104CA0008354E1000359A102B5E01C085410638944
:104CB000D720890703D7E7FF7DDB6800EFF0DF9D92
:104CC000B304A0400357A10299A003DA250133F7EA
:104CD0004701E31FF7FA2E85EFF02FE951D51307AF
:104CE000490109098357E9FF0904231FF4FEE31A68
:104CF000E9FEBA402A449A440A49F659665AD65AF5
:104D0000465BB65B265C965C496182804A874A8B2B
:104D10007C10940011EF638DF61A890703D7E7FF23
:104D20007DDB2810EFF05F970357A102330BA940FA
:104D300083578102938A8903239BE902239AF9020C
:104D40001387E904D687239007008907E31DF7FE40
:104D5000938BC904014A13094102930C0101130CFE
:104D60006104035509007919631D050E03D7C904B1
:104D7000DE87336AEA00F91703D707002391E700BB
:104D8000E39B57FF239C0902E31D99FD1387490309
:104D90003C10930621040356070089070907239F47
:104DA000C7FEE39AF6FEF176DA948906D2852810DA
:104DB000CE8713070004A6960146EFF0FF9E035727
:104DC00081028357C100A2852810998FB337F00064
:104DD000B307F0402314F102EFF09FDB19BF1387F4
:104DE0004401890483D7E4FF0904231FF4FEE39AF6
:104DF000E4FE01B72685EFF0AFF549CD97650000D9
:104E00009385C5B64A85EFF0EFE7630A050E035AAE
:104E1000290199BD2685EFF0AFF311E54A85EFF042
:104E20002FF3E30705E62685EFF0AFD8AA844A857D
:104E3000EFF02FD83385A4403335A0003E05231969
:104E4000A40013072401A2878907239F07FEE39D7F
:104E5000E7FE8357240121677D17D98F2319F400BA
:104E600049BDD0002C10EFF00FC95E868145F808CF
:104E7000035506008357070079167917AA97AE974E
:104E80002311F600C18393F51700E31387FFF9BDE3
:104E900083DA2401A167FD17B3FA5701C20A93DA36
:104EA0000A01E397FADE2685EFF08FEA2DFD83579E
:104EB000290193C7F7FF13971701E31B07DCB9BF5D
:104EC000930744010904231F04FEE39D87FE15B5E3
:104ED000930744010904231F04FEE31DF4FE11BDE2
:104EE00097650000938585A82685EFF0AFD901C9A5
:104EF00083D72401B377FA00E38747FB4DBF13073D
:104F00000401A2878907239F07FEE39DE7FEB7C739
:104F1000FF7F1CC8F9BB83572501717122D593C748
:104F2000F7FF26D34AD15AC906D74ECF52CD56CB1A
:104F30005EC762C566C36AC1EEDE13971701AA8415
:104F40002E893284368B09E7EFF02FC2631F0528C4
:104F50008357290193C7F7FF139717012DC797654B
:104F600000009385A5A02685EFF0CFD155CD83D93C
:104F7000240103572901A167FD17B3F9370133FA5B
:104F8000E7006391F9062685EFF08FDC71C16316A7
:104F90003A014A85EFF0CFDB45E19307440109046C
:104FA000231F04FEE31DF4FEBA502A549A540A59F2
:104FB000FA496A4ADA4A4A4BBA4B2A4C9A4C0A4D89
:104FC000F65D4D6182804A85EFF02FBA49D913070B
:104FD000490109098357E9FF0904231FF4FEE31A75
:104FE000E9FED9B76308FA0626856C08EFF00FBF13
:104FF0002C184A85EFF08FBE835BA1038354E10137
:10500000639C0B087C18930B0105638EFB268907B4
:1050100083D6E7FFFDDA2818EFF00FE8B307A040CA
:105020003EC60356E1019DA897650000938505944F
:105030004A85EFF02FC505FD13070401A2878907F4
:10504000239F07FEE39DE7FEB7C7FF7F1CC8A9BFEC
:10505000E31C3AF94A85EFF0AFCF59D52685EFF03A
:105060004FB5AA844A85EFF0CFB4B387A440B337D5
:10507000F000BE072319F40013072401A287890753
:10508000239F07FEE39DE7FE8357240121677D17D9
:10509000D98F2319F40009BF5EC6268626C41C10CA
:1050A000541809EE6389F61E890703D7E7FF7DDBF5
:1050B0006808EFF06FDEB387A4403EC46257130D5B
:1050C0008B03EA87232AEB029304EB048907239FCF
:1050D00007FEE39DF4FE2818EFF08F98035C210291
:1050E000C169930B0105131A0C01330A8A41930A13
:1050F000A103FD19930CE106130961050355C103D2
:105100008357E103CE8D42053E956368AA0033556F
:105110008503931D050193DD0D01D0086C086E8594
:10512000EFF06F9D7018BC088907090603D5E7FFEB
:105130008355E6FF6316B50CE39897FF0145EC1025
:105140005E868357060003D805007916898FB387DA
:1051500007412311F600C183F91513F51700E31277
:1051600056FF2310BD017C18890703D60700239F33
:10517000C7FEE39B77FF23180104090DE390A4F910
:1051800081457C1893062105890703D7E7FFD98D50
:10519000E39CD7FEB335B00013074B033C1803560E
:1051A000070089070907239FC7FEE39AF6FEB24767
:1051B00022479166FD16B38BE7402818DA8713075C
:1051C0000004DE960146EFF02FDE0357810383577C
:1051D000C101A2852818998FB337F000B307F040BA
:1051E000231CF102EFF0DF9AC1B313874401890455
:1051F00083D7E4FF0904231FF4FEE39AE4FE6DB3B2
:10520000E3FEA5F29387FDFF9398070193D8080169
:1052100001454C18F0108357060003D80500791695
:10522000898FB38707412311F600C183F91513F560
:105230001700E31226FF7018BC088907090603D57A
:10524000E7FF8355E6FF6316B500E39897FFC68D29
:10525000F5B5E3FEA5FEF91DC20D93DD0D01014577
:105260004C18F0108357060003D805007916898F73
:10527000B38707412311F600C183F91513F5170011
:10528000E31226FF65BD930744010904231F04FEB2
:10529000E39D87FE11BB0357C1018357810363035D
:1052A000F70021662319C40013072401A287890788
:1052B000239F07FEE31DF7FE8357240121677D1717
:1052C000D98F2319F400CDB1797122D406D62E845A
:1052D0005C001307E1018907239F07FEE39DE7FEBA
:1052E0000356E50093170601C18763CA0704A16747
:1052F000FD17231201007D8E630BF6049307E50072
:105300002313C1001307A100F91783D6070009076B
:10531000231FD7FEE31AF5FE19EA23140100A28524
:105320004800EFF0FF86B2502254456182808547E5
:10533000FD5548002314F100EFF0AFA2CDB7FD57A3
:105340002312F100A167FD177D8EE319F6FAAA87F3
:105350009306E50003D70700890731E3E39CF6FED7
:1053600013074401A2878907239F07FEE39DE7FEF9
:1053700013072401A2878907239F07FEE39DE7FE09
:105380008357240121677D17D98F2319F4008317D0
:10539000E500E3DA07F82285EFE0BFFE69B71307FF
:1053A0000401A2878907239F07FEE39DE7FEB7C795
:1053B000FF7F1CC88DBF83AE050003AE450003A36D
:1053C0008500CC454171832805042EDEFD55232040
:1053D000B116930500092324811E2328611D23266D
:1053E000111E2322911E2320211F232E311D232C29
:1053F000411D232A511D2326711D2324811D232293
:10540000911D2320A11D232EB11B76D872DA1ADC40
:105410002322B11632C436C83ACA42D02A8B3E84FF
:10542000638F080078418547C685B397E70023A2BC
:10543000E80023A4F800EF10605023200B04130AA7
:105440000106D2850818EFF03FE85285EFE07FF6BD
:1054500022473335A00008C08D47630CF774D1474D
:105460003EC6E3180728835721070327411693C731
:10547000F7FF3ACE1397170111E75285EFE0FFEEE1
:10548000E3130512930700092322F116F818D287B7
:10549000D018890783D6E7FF0907231FD7FEE39AB1
:1054A000C7FE0356E10802CC93170601C18763D9F2
:1054B00007004606C1674582FD172317C1083ECC89
:1054C00081463C09175700001307C738930DC10ADE
:1054D00019A0835607008907239FD7FE0907E39A7F
:1054E000B7FF630C0610A167FD17E307F6228317C9
:1054F000C108E3DE0728EC181755000013058535B1
:10550000EFE05FF8630505106343056C8357E1081E
:10551000E39D072E8317C10881449309011663C1D7
:1055200007021754000013042443F018CE86B285F6
:105530002285EFF00FEE8317C108FD14E3D707FEB5
:105540008009930B810E2287FC181009890783D6E6
:10555000E7FF0907231FD7FEE39AC7FE81463C09F0
:10556000175700001307072F19A083560700890754
:10557000239FD7FE0907E39AB7FF7D79975A00006A
:10558000938A8A2E975C0000938C8C1C175D000018
:10559000130D4D2C975D0000938D0D3C19A0D10C7F
:1055A000D10AA2856A85EFE0FFEDA285635BA002C8
:1055B0006685EFE03FEDCE862286A285634C05002E
:1055C0005685EFF00FE53009CE86B2855685EFF0AF
:1055D0004FE4CA949357F9013E9913591940E39047
:1055E000BAFD3009CE86975500009385A5263285F1
:1055F000EFF07F92130941121DA0FC189306E108F9
:1056000003D707008907E31807EEE39BF6FE814402
:1056100013094112930901168009930B810EA2858B
:105620002809EFE0BFDB3809A287890783D6E7FFA7
:105630000907231FD7FEE39A77FFA285E8182318EE
:10564000010AEFE0BFD9FC1809040357E4FF8907FA
:10565000239FE7FEE31A74FF28094E86EC18231AED
:105660000108EFF0AFC30355C11A63160514975A2A
:105670000000938AAA2F130D41091304E107930C2C
:10568000610BD685E818EFE0FFDF630605120147DE
:10569000EA8609A806072390F6004207F916418317
:1056A000638B860283D7060013960701418686071F
:1056B0006354060013671700C207C18313762700DF
:1056C00093E5170061DA06072390B6004207F91642
:1056D0004183E39986FC5819FC18890783D6E7FFB4
:1056E0000907231FD7FEE39AA7FF2316010C0147E2
:1056F000F40109A806072390F6004207F916418332
:10570000638B960383D706001396070141868607AD
:105710006354060013671700C207C183137627007E
:1057200093E5170061DA06072390B6004207F916E1
:105730004183E39996FD0147F40109A806072390E8
:10574000F6004207F9164183638B960383D7060060
:1057500013960701418686076354060013671700F6
:10576000C207C1831376270093E5170061DA0607A5
:105770002390B6004207F9164183E39996FD01464E
:10578000EA86F80183D5060083570700F9167917D2
:10579000AE97B2972391F600C18313F61700E31377
:1057A00097FF28094E86EC18EFF04FAF0355C11A4A
:1057B000FD14E30805ECE24722473244B337F0001A
:1057C000B307F040B58B938707022302F1128D4790
:1057D0006302F702A9476302F578130505039307EF
:1057E000E002A302A1122303F1126347045A930CAF
:1057F00071122DA026949307A002E3DD87FCA94730
:10580000630BF572130505039307E002A302A112CF
:105810002303F1121304A002930C7112014C930A9A
:10582000410B930D4109930BE107130D610B0147E8
:10583000EE8609A806072390F6004207F916418371
:10584000638B760383D7060013960701418686078C
:105850006354060013671700C207C183137627003D
:1058600093E5170061DA06072390B6004207F916A0
:105870004183E39976FD5687FC18890783D6E7FFB5
:105880000907231FD7FEE39AB7FF2316010C014730
:10589000F40109A806072390F6004207F916418390
:1058A000638BA60383D706001396070141868607FC
:1058B0006354060013671700C207C18313762700DD
:1058C00093E5170061DA06072390B6004207F91640
:1058D0004183E399A6FD0147F40109A80607239037
:1058E000F6004207F9164183638BA60383D70600AF
:1058F0001396070141868607635406001367170055
:10590000C207C1831376270093E5170061DA060703
:105910002390B6004207F9164183E399A6FD01469C
:10592000EE86F80183D5060083570700F91679172C
:10593000AE97B2972391F600C18313F61700E313D5
:10594000A7FF4E86EC182809EFF04F958357C11A30
:1059500033878C01050C938607032300D700E35897
:1059600084ED93091400E699A29C1147635AF70647
:105970001547638BE76283C7E9FF1387E9FF93F756
:10598000F707634004609306E0026380D7049386C0
:1059900017002300D7009306800393050003130626
:1059A000E0021305800363C7F6001DA82300D7009B
:1059B0006378F5022300B7007D178347070093F74C
:1059C000F70793861700E393C7FE8347F7FF930615
:1059D000800363F8F662930710038504A30FF7FEB4
:1059E000268697550000938525D46685EFC00FF471
:1059F0008357210772472328911693C7F7FF232265
:105A0000E1161397170119EB5285EFE07FB4631A83
:105A1000051A5285EFE07F956315051AD246834734
:105A200041121387140098C2638A076A1307E002C1
:105A30006387E704CA879306E00219A06302D704CC
:105A4000850703C707007DFB930650046365F900D3
:105A500001A863872701FD1703C70700E31BD7FED3
:105A600023800700CA87930600021306D00203C7EB
:105A700007006304D7006312C7028507CDBFCA873A
:105A800003C717008507A38FE7FE5DDF03C7170075
:105A90008507A38FE7FE6DF745BF4A8421A003C7A2
:105AA000070036842300E40093061400850765FB95
:105AB000A24689470347F4FF6383F60EB247BE86CA
:105AC00063D39700A686930700036314F702B30716
:105AD000244163D0F6021306000319A063DBE6003D
:105AE0007D148347F4FF2300040033072441E38738
:105AF000C7FE22478D476301F708C24723220B04E4
:105B000013869700DD4763FAC70805479147860764
:105B100093864701BA850507E37BD6FE2322BB04A3
:105B20005A85EF00905B2320AB04CA85AA84EFC09E
:105B3000CFE4825789C733042441269480C383204D
:105B4000C11E0324811E26850329011E8324411EB4
:105B50008329C11D032A811D832A411D032B011D99
:105B6000832BC11C032C811C832C411C032D011C85
:105B7000832DC11B7D618280B247BE9463CF043602
:105B8000D24742479C43BA973EC8C24723220B04E0
:105B900013863700DD47E3EAC7F6814551B793071F
:105BA0000003E31CF7F4B30724418546E3C5F6F28E
:105BB000A9B7C24B5EC69307A002E3D6778B3EC659
:105BC0005DB0524789679387F7701CC361BD930A24
:105BD000410B5687FC181009890783D6E7FF090790
:105BE000231FD7FEE39AC7FE91679387E708231325
:105BF000F10CA167FD173ED2F1778907414D814431
:105C0000175C0000130C4CD01309411293090116C4
:105C10008009930BA10A3ED4930CE105CE8630098E
:105C2000D6856285EFF02FAFF8003C09890783D64F
:105C3000E7FF0907231FD7FEE39AB7FF92570355E3
:105C4000E1053376F500A257B305F600635EB02A8E
:105C5000130600090D8E2287FC00890783D6E7FF13
:105C60000907231FD7FEE39A47FF6359C004BD47C6
:105C7000228763D4C7024116935646001387160045
:105C800006072297A2878907239F07FEE39DE7FE69
:105C9000130600080D8E9206158E97570000938705
:105CA000E7A806063E968356060083570700F58F41
:105CB0002310F70042054185634405103C09228703
:105CC00003D607008356070089070907631FD6001C
:105CD000E398FBFE56873C09890783D6E7FF09074F
:105CE000231FD7FEE39AB7FFEA94510C97570000A1
:105CF0009387C7C7135D1D00E312FCF28357610C45
:105D00000357E108B001BA977177130727F7BA97DD
:105D10002313F10CF818D687890783D6E7FF090704
:105D2000231FD7FEE39AC7FE81463C0917570000A0
:105D3000130747B219A0835607008907239FD7FE90
:105D40000907E39AB7FF056D975C0000938CCCB10F
:105D5000975D0000938D4DC031A0135D1D00638ED3
:105D6000BC21D10CD6856E85EFE0CFF1D685634698
:105D7000A0206685EFE00FF1E341A0FECE865686B7
:105D8000D6856685EFF02F993009CE86B285668577
:105D9000EFE03FE8EA94D1B78357C11A930C611240
:105DA00093097112D9B613094112975500009385D2
:105DB00065954A858964EFC06FB79384F4700DB917
:105DC000FC00228719A0E38BFCEE03D60700835664
:105DD000070089070907E308D6FE8357210E1257EB
:105DE000F98F639CE7002285EFE02FD8E31805ECDC
:105DF0002285EFE0EFF5E31305ECEC1117550000F9
:105E0000130545A5EFE08FDD2C022285EFE00FDDC5
:105E10000356C10E0355A1100358E10E1346F6FFB9
:105E2000420641822316C10EB305A840AA86635ECE
:105E3000B004CA8638021C1209078355E7FF890699
:105E4000239FB6FEE31AF7FE231E01123802F41157
:105E500019A003D606000907231FC7FE8906E31A07
:105E6000F7FE23100112F811CA87701A890783D62A
:105E7000E7FF0907231FD7FEE39AC7FE8356A11049
:105E8000B3050541231201103685638D052436D6EE
:105E90009307F0F663CAF504E811EFE08FECB25611
:105EA000AA851C12130841100356C10E0357811016
:105EB000630CE62601473A8603D70700035508001E
:105EC000F917118F098F2391E7004183137617008B
:105ED0001307A1107918E391E7FE0546CE87130753
:105EE00000042802EFE05F8CA2852802EFE05FCA81
:105EF000F1B3C247938BF7FF75B9D2472302011262
:105F00004A8423A0070051B1A287D8118907239F93
:105F100007FEE39DE7FE79BBE24713094112F9C78B
:105F2000974500009385857E4A858964EFC00FA060
:105F30009384F47075BC93071003A302F1129307C6
:105F4000E0022303F1128504130490029307000377
:105F5000A303F112930C8112D1B093071003A30293
:105F6000F1129307E0022303F1128504634A8016BD
:105F7000930C7112E31604A655B0930B810E6FF0CB
:105F80000FEA93071003238FF9FE850491BC1309D0
:105F90004112974500009385E5784A858964EFC0F2
:105FA000EF989384F470A9B42C09E818EFE05FBE71
:105FB000975500009385859B2809EFE0AFCCE31C43
:105FC000059AE34F04A083C7E9FF138727FD133722
:105FD00017001347F7FF669703470700058BE30198
:105FE00007A01387E9FF93F7F70771BA97450000F9
:105FF000938585724A858964EFC04F939384F470CA
:10600000C5BA8507A30FF7FEE1BA8009A285E81893
:10601000916AEFE0AFBC8144930B810E1309C10C70
:106020009309210DF91A930C50FD8357810E9D8B16
:10603000D1EF5819A287890783D6E7FF0907231FE5
:10604000D7FEE39A77FF48192316010CEFE04FA122
:106050004819EFE0EFA00146CA865E8783D50600A7
:1060600083570700F9167917AE97B2972391F60078
:10607000C18313F61700E31337FF8357610B0357F0
:10608000810B8D07231BF10A01CF4819EFE04F9DCB
:106090008357610B0357810B8507231BF10A75F7A3
:1060A0008357C10C85E78357610B63E1FA022287AE
:1060B0005C19890783D6E7FF0907231FD7FEE39AF8
:1060C00027FF2314010EFD14E39194F7EC182285A9
:1060D000EFE01FAC930901166FF0EFC6CA8749B213
:1060E0007D14ADB578029C198907090703D8E7FF2D
:1060F0000356E7FF6314C80213066110E396C7FE58
:106100000357C10E835781106304F704A287D81187
:106110008907239F07FEE39DE7FE4DB663690609E5
:106120001C121308411049B3014642879308E10E3F
:1061300003D8070003550700F917791742952A96E7
:106140002391C7004182058AE31417FF014679B302
:106150003687A9E68317E11063C20704141219A851
:106160002390F60006074207F9169307A110418312
:10617000E38CF6D683D7060013960701418686077F
:106180006354060013671700C207C1831376270004
:1061900093E5170071D62390B600E9B770021C1280
:1061A00025E36381C706035706000906D5BF4A8663
:1061B00038021C1209070355E7FF0906231FA6FE34
:1061C000E31AF7FE231E01123002F81113084110E2
:1061D00009070355E7FF0906231FA6FEE31A07FF79
:1061E00023100112E8114A87701A09078358E7FF44
:1061F0000905231F15FFE31AC7FE231201106DB115
:10620000138516002315A110C5B118455C45104132
:10621000544139710A854C083AC43EC606DE32C084
:1062200036C2EFF06F8A83576102014593C7F7FFCB
:106230001397170119E74808EFE02F93133515005E
:106240000505F250216182801385011382808280CE
:106250008280797126D24AD006D622D44ECE52CC34
:1062600056CA5AC85EC662C466C29384B500D9478E
:106270002A8963E19704C14763E1B718B925C1448E
:10628000E1470946938981C3CE97C043138787FFAF
:10629000630DE4185C4054441044F19BA297D8432A
:1062A00054C690C6136717004A85D8C31D25130529
:1062B000840081AAE19863C2041463E0B414312518
:1062C0009307701F63FA973493D794006388071479
:1062D0001147636EF72E93D76400138697031385D7
:1062E000870393163600938981C3CE96C042E11688
:1062F000638586025C40BD45F19B3387974063CD43
:10630000E500635207284044638986005C40F19BA6
:1063100033879740E3D7E5FE2A8603A40901138853
:1063200001C4630E04114C403D47F199B387954079
:106330006343F73023A601C523A401C563D3072E09
:106340009307F01F63E4B7248D81938715008E07B0
:1063500003A54900CE979443898505473317B700B5
:10636000498F938587FF4CC414C423AEE1C280C318
:10637000C0C6935726408546B396F600636AD70C8D
:10638000B3F7E60081EF8606719AB3F7E6001106CF
:1063900091E78606B3F7E6001106E5DF3D45931861
:1063A0003600CE98C6853283C0456398850081A4A7
:1063B000635607244044638C85225C40F19B3387FD
:1063C0009740E357E5FE5444104493E514004CC055
:1063D00054C690C6A29423A691C423A491C49366E4
:1063E000170023A6040123A40401D4C0A2974A8560
:1063F00098C3C5211305840029A0B1472320F900C3
:106400000145B250225492540259F249624AD24A8A
:10641000424BB24B224C924C456182809306002045
:10642000130600041305F0037DBDC0470906E3937E
:1064300087E603A40901138801C4E31604EF03A748
:106440004900935726408546B396F600E37AD7F283
:1064500003A48900832A440093FBCAFF63E79B00DF
:10646000B3879B403D476342F7109387811E174CCB
:106470000000130CAC6B83AA070003270C00FD5728
:10648000330A7401A69A630FF7248567BD07BE9A85
:10649000FD77B3FAFA00D6854A85052BFD572A8B7E
:1064A000630BF51C6367451D938CC14983A70C00E2
:1064B000D69723AEF1483E876308AA2A83260C00AC
:1064C000FD57638FF62AB3074B41BA9723AEF148C5
:1064D000137C7B0063050C22330B8B418567210BFA
:1064E000138AF7FFDA9AA10733F74A01B387874186
:1064F000998F33FA4701D2854A85C129FD57630533
:10650000F52C33056541B30A450183A70C0023A090
:1065100061C593EA1A00D29723AEF14823225B01AA
:10652000630534273D4663747627544013874BFF39
:10653000619B858AD98E54C09545B306E400CCC2D0
:106540008CC66369E628832A4B005A841387011E90
:1065500018436374F70023A0F11E1387411E1843EC
:10656000637FF71023A2F11E19AA13E7140058C085
:10657000A29423A091C493E717004A85DCC0912E12
:1065800013058400BDBD5444104409BB93D7950046
:1065900011476378F70C51476366F7189386C70570
:1065A0001387B7058E06CE969C42E116638EF612CF
:1065B000D843719B63F5E5009C47E39BF6FED44707
:1065C00003A7490054C41CC480C6C0C75DB351476B
:1065D0006374F70C130740056362F71693D7C40082
:1065E0001386F7061385E70693163600EDB9050303
:1065F00093773300A105E39907DA5DA8A297D84302
:106600005444104413671700D8C354C64A8590C633
:10661000C92413058400F5B313D63400938784008E
:1066200095B1A295DC414A8593E71700DCC155245A
:1066300013058400F9B313E7140058C0A29423A6ED
:1066400091C423A491C413E7170023A6040123A433
:106650000401D8C0A2954A859CC1A52C13058400CD
:106660004DB393D7650093869703138787038E06F0
:106670001DBF6302340F03A48900832A440093FAE8
:10668000CAFFB3879A4063E59A003D47E34FF7ECB2
:106690004A8581240145B5B31386C7051385B7051F
:1066A0009316360089B183A788007D166398171763
:1066B00093773600E118E5FB03A7490093C7F6FF7F
:1066C000F98F23AEF1C28606E3E4D7D8E38206D879
:1066D00033F7F60011E7860633F7F600110365DF9E
:1066E0001A8675B9C10A45BB03A5490093552740D1
:1066F00005473317B700498F23AEE1C2E1B585677F
:106700001387F7FF330A5B01337AEA00B387474107
:1067100033FAE700D2854A854D2CFD57E313F5DEA9
:10672000014AE5B3130740056367F70693D7C50031
:106730009386F7061387E7068E06B5B5130740154F
:106740006367F70693D7F4001386870713857707E7
:106750009316360049BE938CC14983A70C0033873A
:10676000FA0023AEE14899BB93164A01E39806D498
:1067700003A48900DE9A93EA1A0023225401F9B394
:106780009747000023A4673BA1B35A84C1B3854750
:106790002322FB00F5BD130740156369F70493D767
:1067A000F50093868707138777078E06EDBB1307DF
:1067B00040556369F70493D724011386D7071385DF
:1067C000C7079316360005B6611CE29AB38A6A4180
:1067D000014A25BB930584004A85EFD0FF8503A4B9
:1067E000890083A70C00832A44008DB3130740550A
:1067F0006361F70293D725019386D7071387C707ED
:106800008E0655B39306803F1306F0071305E00785
:10681000D9BC9306803F1307E00771B383A74900F3
:106820005DB59377350013F8F50FD1CF9307F6FFD9
:1068300039C20347050063010705FD5601A8FD178E
:10684000638BD70203470500630807030505137729
:10685000350075F70D476362F70291CF03470500D6
:10686000630C0701AA9729A00347050063060701E7
:106870000505E39BA7FE014582804167939885004B
:106880007D17B3F8E80093F5F50FB3E5B8009398DA
:106890000501B3E8B80037868080B705FFFE938511
:1068A000F5EF130606080D43184133C7E800B30699
:1068B000B7001347F7FF758F718F4DF3F11711056F
:1068C000E364F3FE59BFB28771B71385414D6FF092
:1068D0001F981385414D6FF0BF977C45411122C42D
:1068E00026C206C64AC02A84AE8495C313972400E4
:1068F000BA97884315C5184198C323280500232655
:106900000500B240224492440249410182801306AC
:1069100010029145392668C4AA8769F90145D5B79F
:10692000054933199900130659000A068545228541
:10693000CD2C6DD544C123242501C1B781C9D841CF
:106940007C450A07BA97984398C18CC3828041114D
:1069500022C43704008026C206C61344F4FFB28462
:10696000232006003377B4003706F07FAE87AA866F
:106970006356C704B368A700638208046D8E2E882F
:10698000814819EE974700009387C7FFD44390438F
:10699000EF00707DAA862E883377B4009308A0FCA0
:1069A0005187B7071080FD17130727C03378F80009
:1069B0004697B707E03FB367F80098C0B24022445B
:1069C00092443685BE8541018280411122C42A84C9
:1069D0002E8523A4014E06C6EFA02FE9FD576306BE
:1069E000F500B2402244410182809387814E9C434E
:1069F000EDDB1CC0B2402244410182809377350018
:106A00002A87A1E3B7867F7F9386F6F7FD551107A6
:106A10000326C7FFB377D600B697D18FD58FE3880B
:106A2000B7FE8346C7FFB307A7400346D7FF03451A
:106A3000E7FF8DC60DC23335A0003E9579158280E3
:106A4000F1D283470700050793763700F5FB098FDE
:106A50001305F7FF82801385D7FF82801385C7FF58
:106A60008280B3E7A5008D8BB9EB8D472A8763EA57
:106A7000C70429C603C805009306F6FF8505230051
:106A8000070193071700630108023A96BA9639A0E6
:106A900003C7F5FF8507A38FE7FE01CB8505338884
:106AA000F640E397C7FE8280368833870701630587
:106AB00008048507A38F07FEE39DE7FE82802A87EF
:106AC0004DBF3703FFFEB78880801303F3EF938831
:106AD00008080D4E9441B387660013C8F6FFB3F75C
:106AE0000701B3F71701D9F711077116232ED7FE47
:106AF0009105E361CEFEB5BF82801C46797156CA0E
:106B000006D622D426D24AD04ECE52CC5AC85EC621
:106B100062C4B28A6388070E2A8B2E8483290600FA
:106B20008841844561A88357C40013F707482DC7DF
:106B300054480C481307190093941600A69693D452
:106B4000F601330AB540B69485845297268663F4DD
:106B5000E400BA843A8693F70740B5CFB2855A85E8
:106B6000EFF02FEF2A8C41C10C485286EFB06FC373
:106B70008357C40093F7F7B793E707082316F40089
:106B800033054C01338A444144C82324440123285B
:106B9000840108C0CA844A8A5286DE85A12218442C
:106BA000084083A78A00B3049740529504C408C0E4
:106BB0003389274123A42A016306090403A9490054
:106BC00083AB0900268AA109E30A09FEE37D99F453
:106BD000CA844A8AD1B75A85F12A2A8C55F10C48C1
:106BE0005A85EFD06FC5B1472320FB008357C400FF
:106BF0007D5593E707042316F40023A40A0023A27B
:106C00000A0021A023A20A000145B2502254925446
:106C10000259F249624AD24A424BB24B224C456178
:106C20008280B385C502411122C406C6EFF06FE22F
:106C30002A841DC10326C5FF13074002719A7116ED
:106C40006367C704CD46AA8763EDC60023A007008B
:106C500023A2070023A407002285B2402244410159
:106C600082802320050023220500ED4763F9C70237
:106C7000232405002326050093070501E318E6FCFD
:106C80002328050093078501232A0500C1B7814504
:106C9000EFB04FBF2285B24022444101828093076A
:106CA00085006DB799C91DC695CA834706009CC16A
:106CB000034506003335A000828041116C0009CEE7
:106CC00085C2834706009CC1034506003335A000FA
:106CD00041018280014582800145DDBF7955828076
:106CE0007955FDB763F2A502B387C500637EF50051
:106CF0003307C50045CAFD1783C607007D1723006B
:106D0000D700E39AF5FE8280BD4763E1C702AA87F8
:106D10009306F6FF49CE8506BE96850503C7F5FFA7
:106D20008507A38FE7FEE39AD7FE8280B3E7A5002D
:106D30008D8BB5EB930806FF93F808FFC108330865
:106D400015012E87AA871443C107410723A8D7FE40
:106D5000832647FF23AAD7FE832687FF23ACD7FECF
:106D60008326C7FF23AED7FEE31FF8FC1377C600C8
:106D7000C6951378F6000DCF2E87BE880D4E1107ED
:106D80000323C7FF9108B306E84023AE68FEAE9622
:106D9000E367DEFE1307C8FF719B11070D8ABA97E0
:106DA000BA95BDB782809306F6FFAA87ADB78280F9
:106DB0004286B9BF79714ECE06D622D426D24AD0A9
:106DC00052CC56CA5AC85EC662C4B2896382051ADA
:106DD0002E8BAA8AEFF07FAF1384B900D94763FFE7
:106DE000870A61982287634F040A636D340B8327F7
:106DF000CBFF13098BFF93F4C7FF330A990063D8C5
:106E0000E412938681C3904683264A006303461B9F
:106E100013F6E6FF52965042058A63100614F19A63
:106E20003386D400635BE626858B8DE3032C8BFFD2
:106E3000330C894183274C00F19BBE96B38B96009F
:106E400063D3EB08B38BF40063DAEB26CE8556856B
:106E5000EFF02FC0AA891DCD8327CBFF130785FF35
:106E6000F99BCA976385E7241386C4FF9307400202
:106E700063E5C72A4D4783260B00636EC71CAA87AC
:106E80005A8794C35443D4C3184798C7DA855685A4
:106E9000EFD08F9A5685EFF0DFA309A84144414710
:106EA000E37734F5B14723A0FA008149B250225468
:106EB0004E8592540259F249624AD24A424BB24B31
:106EC000224C456182808327CA0003278A001386EB
:106ED000C4FF930640025CC798C703278C00832732
:106EE000CC0093098C00330A7C015CC798C763EA25
:106EF000C622CD4603270B00CE8763F0C6022324AB
:106F0000EC0003274B00ED472326EC0003278B0002
:106F100063EDC72693070C01210B98C303274B0091
:106F2000DE846289D8C303278B004E8B98C7032663
:106F30004900B38784403D47058A6369F704458E5D
:106F40002322C90083274A0093E717002322FA006F
:106F50005685EFF01F98DA8991BF858BE39807EE8D
:106F6000032C8BFF330C894183274C00F19BD9BD47
:106F70002254B25092540259F249624AD24A424BC8
:106F8000B24B224CB28545616FF0AFAC418E2322EB
:106F9000C900B305890093E71700DCC183274A00C5
:106FA000A105568593E717002322FA00EFD0CF887A
:106FB00045B7F19A3386D40093050401635BB60AA2
:106FC000858BE39507E8032C8BFF330C89418327DE
:106FD0004C00F19BBE96338A9600E345BAE68327C0
:106FE000CC0003278C001386C4FF930640025CC7C5
:106FF00098C793098C0063EAC61ACD4503270B0096
:10700000CE8763F0C5022324EC0003274B00ED4735
:107010002326EC0063EAC71C03278B0093070C01AF
:10702000210B98C303274B00D8C303278B0098C7B5
:1070300033078C00B3078A4023A0E1C493E717000D
:107040005CC383274C005685858B5D8C23228C0086
:10705000EFF03F88A1BD14C183264B006D4754C19A
:107060006369C70C13078B009307850083268B0089
:1070700009BD2299B307864023A021C593E71700D5
:107080002322F9008327CBFF5685DA89858B5D8C17
:10709000232E8BFEEFF0FF8311BD8327CA00032749
:1070A0008A00B284330AC9005CC798C749B58327F0
:1070B000C5FFF19BBE94330A990095BD0327CC0010
:1070C00083268C001386C4FF93054002D8C614C7DC
:1070D00093098C00330A7C0163E5C5044D45832682
:1070E0000B004E876370C5022324DC0003274B008E
:1070F000ED472326EC0063EAC70683268B001307BF
:107100000C01210B14C383264B00DE84628954C317
:1071100083278B004E8B1CC719BDDA85EFF09FBC0F
:10712000B5B3DA854E85EFF0FFBB4E8BDE84628906
:10713000FDBB03278B0018C50327CB0058C5630987
:10714000F60013070B019307050183260B0115BBFE
:1071500083260B0113078B019307850114C983262E
:107160004B0154C983268B0129BB83278B0023281D
:10717000FC008327CB00232AFC00630DB602832684
:107180000B0113078C01410BB5BF2328EC0003272B
:10719000CB0093074002232AEC0003270B0163096D
:1071A000F60293078C01410B8DBBDA854E85EFF01B
:1071B0007FB3BDBD83270B0113070C02610B232C8A
:1071C000FC008327CBFF232EFC0083260B001DBF72
:1071D000232CEC0003274B0193070C02610B232E99
:1071E000EC0003270B0015BB83278B002328FC0032
:1071F0008327CB00232AFC0003270B016306D6005C
:1072000093078C01410B31BD232CEC0003274B016C
:1072100093070C02610B232EEC0003270B0011B522
:1072200091CD9307F00F63E6C7002380C5000545A5
:1072300082809307A0081CC17D5582800145828011
:10724000B687B2882A832E88639D061463F9C50A1F
:107250004167636EE61AB70700016363F63493561D
:107260008601E147173700001307C71C369703470D
:107270000700BA97130700021D8F19CB3398E5005A
:10728000B357F500B318E60033E807013313E50000
:1072900013D608013355C80293960801C18293574B
:1072A00003013377C802B385A60242073368F700AB
:1072B000637AB80046989307F5FF63641801636723
:1072C000B8303E853308B8403357C80242031353E1
:1072D00003013378C802B386E602420833686800C7
:1072E000637BD80046989307F7FF63651801791709
:1072F0006363D8003E874205598D8145828001E64F
:107300000547B358C702416763EAE80EB7070001B3
:1073100063ECF82893D68801E1471737000013077C
:107320006711369783460700BE9693070002958F34
:10733000E5EB939E08013387154113DF080193DEC7
:107340000E018545935703013355E7033377E70370
:10735000B306D5034207D98F63FAD700C697130740
:10736000F5FF63E4170163E6D7263A85958F33D797
:10737000E703420313530301B3F7E703B30ED70345
:10738000C207B3E7670063FBD701C6979306F7FF11
:1073900063E51701791763E3D70136874205598DF5
:1073A000828063E2D504C16763E2F604B707000197
:1073B00063E4F61E13D78601614897370000938770
:1073C0006707BA9703C70700130E00024297330EF0
:1073D000EE40631A0E0C63EDB61C3335C500134541
:1073E0001500814582808145014582809307F00F19
:1073F00063F3D71C13D786002148C1B71307F00FDA
:10740000C686E37C17F193D68800A14739B71307E6
:10741000F00FB286E378C7E493568600A14799B58A
:10742000B398F80033D6D50013DF0801335EE603C6
:107430003397F500B356D500558F939E080193DE20
:107440000E013313F50093550701B376E603B387B6
:10745000CE03C206CD8E63FBF600C6961306FEFF72
:1074600063E4161763F2F616791EC6969D8E33D620
:10747000E60393170701C183B3F6E6033385CE0213
:10748000139706015D8F637BA70046979307F6FF6E
:10749000636817136376A7127916469793150E0142
:1074A000098FD18D45B5B357E600B396C601DD8E81
:1074B00033D3E50013DF0601B357E303939E0601C0
:1074C00093DE0E013398C5013357E5003368070199
:1074D000935808013316C6013373E303B385FE02E4
:1074E0004203B368130163FBB800B6981387F7FF34
:1074F00063EAD80C63F8B80CF917B698B388B840AB
:1075000033D7E803420813580801B3F8E80333837C
:10751000EE02C208B3E5080163FB6500B6951308E7
:10752000F7FF63EDD50863FB65087917B695C207C9
:10753000416FD98F1307FFFFB3F6E70093D8070118
:10754000718F4182B38EE602B3856540B386C60271
:1075500013D80E013387E802BA96C2963386C80262
:1075600063F3E6007A9693D80601469663E2C50275
:107570006385C5003E858145828041677D17F98E10
:10758000C206B3FEEE003315C501F696E374D5FED0
:107590001385F7FF8145828013D70601414831BD2D
:1075A00093560601C1477DB993D60801C147B5B3CB
:1075B0008145054582803687014801B5428785BFF0
:1075C0003E86E9BDBA871DBF328E4DB57915469806
:1075D000D5B97915C69759BBB68732882A832E87C5
:1075E0002E8E6393061463F1C50A41676378E61A29
:1075F0001307F00FB2866375C70093568600A14744
:1076000017370000130707E336970347070093086F
:107610000002BA97B388F840638C0800B39515014F
:10762000B357F5003318160133EEB70033131501C5
:1076300013560801B357CE02131508014181935622
:107640000301337ECE02B307F502420E3367DE003C
:107650006378F7004297636507016373F700429709
:107660001D8FB356C70293170301C1833377C70237
:107670003305D5024207D98F63ECA7083385A740AD
:10768000335515018145828001E605473358C7020D
:107690004167636CE80EB70700016365F82A9356EB
:1076A0008801E147173700001307C7D8369703470B
:1076B000070093080002BA97B388F840639A081E3F
:1076C000131E0801B385054113560801135E0E0110
:1076D00013570301B3D6C502B3F5C502B386C6037B
:1076E000C2054D8F6377D700429763640701636AD1
:1076F000D726158F3355C70242031353030133773F
:10770000C7023305C5034207B367670063F8A700E4
:10771000C29763E5070163F3A700C2973385A740CB
:1077200033551501814582802A88E3EED5F4C1677F
:1077300063E5F604B707000163E2F62013D3860180
:10774000E148973700009387E7CE9A9703CE07006A
:1077500013030002469E3303C3416319030463E429
:10776000B6006369C5003308C540958D3337050100
:107770003387E5404285BA8582809307F00F63FB2B
:10778000D71C13D38600A1486DBF1307F00FC28624
:10779000E37A07F193568800A14729B7B70700019C
:1077A0006366F61A93568601E14799BDB357C60141
:1077B000B3966600DD8EB3D8C50113D70601B3DEDC
:1077C000E802139F0601B357C501135F0F01B3957C
:1077D0006500DD8D13D8050133166600331565008D
:1077E000B3F8E802B307DF03C20833E80801637B9C
:1077F000F80036989388FEFF6363D8166371F81615
:10780000F91E36983308F840B357E802C205C18123
:107810003378E802330FFF02131708014D8F637BA3
:10782000E70136979385F7FF6369D7126377E7130C
:10783000F9173697C20EC162B3EEFE001388F2FF4D
:10784000B3F80E019355060193DE0E01337806015D
:10785000B38F08033307E74133880E0393D70F0133
:10786000B388B802C298C697B38EBE0263F307010D
:10787000969E41687D1893D50701B3F70701C207AB
:10788000B3FF0F01F695FE976362B70A630EB70860
:10789000B307F5403335F500B305B740898D339E06
:1078A000C50133D567003365AE00B3D5650082806E
:1078B0003318180133D7F50013560801B356C70221
:1078C000131E0801B357F500135E0E01B3951501A1
:1078D000DD8D93DE0501331315013377C702B3073E
:1078E000DE0293160701B3E6D60163F8F600C296EE
:1078F00063E5060163F3F600C2969D8E33D7C60298
:1079000093970501C183B3F6C6023307EE02939540
:107910000601DD8D63F8E500C29563E5050163F3BB
:10792000E500C295998D6DB3E374F5F63386C740D3
:10793000B3B7C700B6979D8DB28799BF13D3060121
:10794000C14801B593560801C147A9BB935606012A
:10795000C1477DB136838148EDB3AE87E1BDC68EA8
:1079600055B5429779B3397193D7450122DC4AD88E
:1079700052D41394C50006DE26DA4ED656D25AD01B
:107980005ECE93F7F77F2A89318013DAF501FDCBBC
:107990001307F07F6383E718131534001354D901DC
:1079A000498C37058000498C93143900138B17C01C
:1079B0008149814B93D746011399C60093F7F77F0E
:1079C0001359C90093DAF601638A07101307F07F91
:1079D0006384E704131539001359D6013369A900EC
:1079E000938717C0370580003369A90093153600C7
:1079F0003E9B0148B3465A01BD47368513061B001E
:107A000063E5371797370000938787098A09BE997E
:107A100003A709003E970287B365C900130BFB7FDC
:107A20006396051293E9290001490948E1B78146A7
:107A30009307F07F3704080081443204D207318075
:107A4000FE065D8C558CA285F25062542685425903
:107A5000D254B259225A925A025BF24B216182806F
:107A600056854A84AE84C28B8947638AFB0E8D4754
:107A7000E38FFBFA8547AA86639BFB388147014465
:107A8000814465BFB364A400CDCC36C632C4630A5A
:107A9000042A2285EFA08FC92246B246AA87930501
:107AA00055FF7547938487FF0D8F33149400335728
:107AB000E900598CB3149900130BD0C0330BFB4071
:107AC00093D746011399C60093F7F77F8149814BFD
:107AD0001359C90093DAF601E39A07EEB365C900BA
:107AE000B1C5630F09224A8532C4EFA02FC42246D4
:107AF000AA87930655FF7547938587FF158F33191E
:107B0000B9003357E60033692701B315B600B30750
:107B1000FB40138BD7C00148F1BDB364A40081ECD6
:107B20000144A149130BF07F894B69B593E9190012
:107B300001490548C1B5AA84B149130BF07F8D4BAB
:107B400095BD01449149014B854BADB593E9390091
:107B5000B2850D4845B589475285E39AFBF0AA8660
:107B60009307F07F01448144C9BD416E1307FEFFB6
:107B700093D7040113D80501F98CF98D3387950249
:107B80003383B70213550701B30898029A984695B4
:107B9000338F070363736500729FC16E9388FEFF86
:107BA00093520901337919013373150133771701A2
:107BB0004203B30899023A934181B38F270313DE3E
:107BC0000801B3849202FE94F2943387570263F360
:107BD000F4017697C169138EF9FFB377C401B3FE40
:107BE000C401935F0401C180B3F8C801B383F502F7
:107BF000338EE400C20EC69E76953307F80293D802
:107C00000301B385BF022E97BA983308F80363F3D4
:107C1000B8004E9841671304F7FFB3F5880093D876
:107C20000801C298B3F38300C2053308F9029E9598
:107C300033892F0313540801B387F202CA97A2971E
:107C4000B38FF20363F32701BA9FC162FD1233F7CA
:107C500057003378580042077A954297B33ED501D2
:107C600072972E953304D701B335B500330814014C
:107C7000330FB8003337C7013334D401598CC18373
:107C8000B3381801B335BF003E94B3E5B800931480
:107C900095002E947E94B3E4640013179400B334DB
:107CA000900013547F015D8193179F00C98C598CFC
:107CB000DD8C9317740063DB070093D7140085886D
:107CC0001317F401DD8CD98C0580328B1307FB3F31
:107CD0006359E00893F7740081CF93F7F4001146DD
:107CE0006388C70093874400B3B497002694BE848A
:107CF0009317740063D80700B70700FFFD177D8C4A
:107D000013070B409307E07F63CEE70E93D7340051
:107D10009314D4012604DD8C31809377F77F31BB37
:107D2000328532C4EFA08FA09306550171479307A7
:107D300005022246E351D7DC611581453319A600BF
:107D4000F9B3EFA0AF9E9305550171479307050264
:107D50002246B246E357B7D4611581443314A900D3
:107D6000A1BB0546198E29E79307EB413397F40031
:107D7000B317F400B3D4C400DD8C3337E000D98CE2
:107D800093F774003356C40081CF93F7F400114782
:107D90006388E70093874400B3B497002696BE84B7
:107DA0009317860063D8070485470144814471B165
:107DB00093078003E3C4C7CCFD47E3D7C7FA8557D1
:107DC0003387E740930700023357E4006307F60068
:107DD0009307EB43B317F400DD8CB3349000D98CD8
:107DE00013F67400014419CA93F7F40011470146D1
:107DF000E392E7FA13149600318076068D80D18CD9
:107E0000814725B99307F07F014481443DB1328B0E
:107E100075BD5845D445A167FD171356070113D802
:107E20000601931E0701939306017D8E03AF0500A3
:107E300083AF450083A285004111832805000323F9
:107E40004500032E850093DE0E017D8393D303014D
:107E5000B375F800FD82630CF60005456387F500F5
:107E60006395C50005456386E80341018280B3E759
:107E70006800B3E7C701B3E7D7010545FDF7E3960F
:107E8000C5FEB367FF01B3E75700B3E77700F1FF23
:107E9000D1BFE31CF3FDE31A5EFCE3987EFC0145D1
:107EA000E305D7FC054571F233E568003365C5018C
:107EB0003365D5013335A0004DBF5045D845A16786
:107EC000FD17135806019356070183A2050083AFDF
:107ED000450003AF85009318070193150601337819
:107EE000F800832E050003234500032E8500411171
:107EF000C1817D8293D80801FD8E1355F70163037C
:107F0000F8046388F60263170804B367D301B3E784
:107F1000C701CD8F81EA33E75F003367E70133673D
:107F2000170139CBB9C76305A606054521E641010E
:107F30008280B3E75F00B3E7E701B3E71701E1D75A
:107F40007955F5B7B367D301B3E7C701CD8FEDFB23
:107F50006387060381EAB3E75F00B3E7E701B3E7AE
:107F60001701E1D7E313A6FC63D4060301E5054539
:107F70007DBF55FD7D5565BF0145D5DB7DB7B3E7B9
:107F80005F00B3E7E701B3E71701E9DF795545B7CC
:107F90006348D800E3EBB8F86387150163FB15016C
:107FA00071DA328569B7E362CFF96306CF01E3691D
:107FB000EEFF0145ADBFE3EA6FF6638A6F00E36150
:107FC000F3FF0145E3956FF6E3F35EF6D1BFE3F807
:107FD000D2FFA1BF5045D845A167FD171358060130
:107FE0009356070183A2050083AF450003AF8500C8
:107FF000931E0701931506013378F800032E050040
:1080000083284500032385004111C1817D8293DED1
:108010000E01FD8E1355F7016307F8046384F60221
:10802000631B0804B3E7C801B3E76700CD8F8DE693
:1080300033E75F003367E7013367D70111EF01458D
:10804000B9CB31A8B3E75F00B3E7E701B3E7D701E6
:10805000E1DB09454101828095CF6309A60405450E
:108060001DCA7D550DA8B3E7C801B3E76700CD8FE2
:10807000EDF36384060381EAB3E75F00B3E7E7014A
:10808000B3E7D701E9DFE31CA6FC63D1060371F96E
:10809000054511A079D541018280B3E75F00B3E7C0
:1080A000E701B3E7D701E5D309456DB76348D800C9
:1080B000E3E7BEFA6387D50163FBD5015DD2328564
:1080C000D9BFE36E6FF863066F00E369E3FF014514
:1080D000D9B7E3E61FF9638A1F01E3E1F8FF014521
:1080E000E39B1FFBE3795EFAD1BFE3F8C2FF85BFD4
:1080F000317152D503AAC500DC4194454AD903A980
:10810000050013170A01A16522DD418313540A01FA
:10811000FD1526DB4ED756D35AD15ECFD2D606DF19
:1081200062CD66CB6AC96EC7CAD0BED2B6D44AD8B1
:108130003EDA36DC3ADE6D8CAA84832A0600032BF5
:108140004600832B86008329C600135AFA01630276
:1081500004226309B42A370608000E0713D5D60196
:10816000518F93D5D7011356D9018E07498F8E06AB
:1081700071755D8ECD8E9317390005053ADE36DCBC
:1081800032DA3ED82A940149014C13950901A167BE
:1081900013D709014181FD17CED6D6D0DAD2DED46D
:1081A000D6C0DAC2DEC4AAC67D8F93D9F9016309AD
:1081B00007126300F706B70708000E059356DB01A8
:1081C0005D8D0E0B93D7DA01336BFB00F17713D67D
:1081D000DB0185078E0BB3EB7601518D8E0ABA97C2
:1081E000AAC6DEC4DAC2D6C03E9481461306140085
:1081F000B3473A013D4732C2BE85636C2723173629
:1082000000001306E68D13172900329718433297A2
:108210000287B3EA6A01B3EA7A01B3EAAA003A94A0
:1082200063950A20136929008946C9B721678147E8
:108230007D17A16601450148814546072316D106F1
:108240004583931607013657370601807D16718FD7
:10825000558F0607FA506A54FE0705835D8F88C460
:108260008CC023A20401D8C426854A59DA54BA59CD
:108270002A5A9A5A0A5BFA4B6A4CDA4C4A4DBA4D62
:1082800029618280D285C257E286BEC8D257BECA53
:10829000E257BECCF257BECE8947638BF6028D47BC
:1082A000E386F6F88547E39BF61EAE8701478146D5
:1082B00001450148814551B7CE858647BEC89647DE
:1082C000BECAA647BECCB647BECE8947E399F6FCE8
:1082D0002167AE877D178146014501488145B1BFC1
:1082E000B3E76A01B3E77701C98F638C0712630BA9
:1082F000057EEF90BFC3130845FF93080002B388C3
:10830000084181473307F0400A078C0031072E9758
:10831000139E270014430326C7FF3303C701B396F8
:10832000060133561601D18E2320D3007117E39333
:10833000E5FE18013A9E0647FD1733180701232072
:108340000EFD7D576381E7028A07AE9723A00700E1
:108350001387C7FF6389F500BA8723A00700138737
:10836000C7FFE39BF5FEF177C507898F3E948146F1
:10837000B5BD33E62701558E598E45C2630F077A86
:108380003A85EF90BFBA130845FF93080002B388FF
:1083900008410147B307E0408A070C18B107AE97C0
:1083A000131E2700944303A6C7FF3383C701B39668
:1083B000060133561601D18E2320D300F117E39323
:1083C000F5FE1C013E9EC2577D17339807012328F6
:1083D0000EFBFD576302F7020A07B387E50023A0EF
:1083E00007001387C7FF6389F500BA8723A007003A
:1083F0001387C7FFE39BF5FE71744504098C01499F
:10840000014C61B3B3E72701D58FD98F81E72149AB
:10841000094CA5BB31490D4C8DBB11490144054C9C
:10842000ADB3136919008546D1B3136939008D4680
:1084300075BBC2560645C1651387F5FF13DE0601FD
:1084400093520501F98E798D3307D5023306AE02BA
:10845000135B07013388D2023298429B330C5E02D1
:108460006373CB002E9C164641689305F8FFB378E2
:10847000B600935E06013376BB006D8F42063297DD
:10848000B3051E033AD6BAD046CE76C6135B0B01AF
:108490003383D8023387DE02935803012E97BA98AC
:1084A000B30BDE0363F3B800C29BD25541671306DA
:1084B000F7FFB3FAC80013DF05013373C300F18D72
:1084C000C20A9A9AB30EB5027AC893D80801330843
:1084D0005B013303AF0213D60E013389B2021A993E
:1084E0004A963389E203637366003A994163930FB6
:1084F000F3FF3377F6014182C243B24932997246A3
:10850000131F070133F7FE01B38EC5027A97B38FAD
:10851000C30213DF0E013386B9027E967A96338F3B
:1085200079026373F6011A9FA64F41639303F3FF29
:10853000337A760033FB7F0093D90F01B3FE7E00C0
:108540004182420AB30FDB02330DE601769A5ACC20
:108550004ECA33066E0393D30F01B38ED902B29E77
:10856000F693330B3E0363F3C3001A9BE25E41664E
:10857000930CF6FFB3F9930113DF0E01B3FF9F01D4
:10858000B3FE9E0193D30301C2093383AE02DA9393
:10859000FE99330BAF02935C0301B38FD203DA9FD2
:1085A000E69FB38CE20363F36F01B29C330B0C01C3
:1085B0003648B33A5B0133865801C168138CF8FF23
:1085C0005E96B308EB00135B080133B7E80046D0B2
:1085D0005AC4B308260133788801338BE80033731B
:1085E000830133B92801B3F88F01224C3337EB00F4
:1085F0003369E90033365601B30BD802529B4A96D1
:10860000333A4B016A96330746014E9BC208B33991
:108610003B01B30D770033090E039A9893DF0F01E6
:1086200033031B01FE9CB38F3D01338B9F01B33895
:1086300013011AD233031B01B306DC02B338130152
:10864000B33C9B01333A4701B3EC1C0112578258EB
:10865000B3B93F013336A601B3B37D00336A460197
:10866000B3E93301CA9693DA0B014E9AC6D2BAD453
:10867000B69AD29CB30F8E0363F42A01C168C69FD9
:10868000F25641669303F6FF13DE060133FC7A00CF
:10869000B3F6760093DA0A01B388FA013307D502FC
:1086A000468B420CB3FB7B005E9CB38FD202935D82
:1086B00007013305AE02B388AF00B38F1D01B3824B
:1086C000C20363F3AF00B292C1681385F8FF93DA77
:1086D0000F0133F6AF00698F52496245B38D5A00DE
:1086E000C2424206B30FB5023A963387A20293D331
:1086F0000F013305B9023A95AA933385220363F338
:10870000E3004695C1681387F8FF33F9E30093D37C
:108710000301B249AA93724533F7EF004209B382CD
:10872000D9033A99338AAE023307AF02935F0A0145
:108730003385E200B382AF00B389E90363F3E2005B
:10874000C699E24B33078301B3388701B38F6C01BD
:10875000C16C338C1F011385FCFF3383DB03B3BF74
:108760006F01524B337AAA00B30ABC01333C1C019F
:1087700032973336C700338DCA004A971AD433F381
:10878000A20042035293B308DB033339270193D28B
:108790000201CE921A9733336700B3BABA01B3EF2E
:1087A0008F01BAD6330A7F03B30B7D0033852B01CB
:1087B000B3095500B3B37B0033352501B3E3A30000
:1087C0002255333DCD0033EDAA01338669003333A2
:1087D0006600935D05017E9DB3B25900D298B3E265
:1087E000620033057D00EE9816953303EB0363F3C7
:1087F00048016693A253C16F9382FFFF33FA58007A
:1088000033FB5300A249C24293D808019A98338996
:108810000203420A5A9A3303B802B385B90293534A
:108820000301CA959E95B382320363F32501FE923C
:108830004169930FF9FFB3F9F50193D30501B24AEA
:10884000F2453373F301C209B38FB6029A99969336
:108850003303BE0293D20F01B385DA029A9596953F
:10886000B382CA0363F36500CA92224B4169930A3B
:10887000F9FF33F35501C181B3FF5F01AE92B38AB3
:108880000E0342037E93B3050F0393DF0A01B30E79
:10889000DB03AE9EFE9E330F6F0363F3BE004A9F61
:1088A000C165138BF5FF33F96E0193DF0E01524C56
:1088B000E24EB3FA6A014209B38BDE02FA9F56997F
:1088C000330FDC0213DB0B01B30ADE03B30E5F01CF
:1088D000330FDB01B30ECC0363735F01AE9E529680
:1088E000333A46014695330D45014E96B33936016C
:1088F000B30C7D00B3853C011A96338C550033339D
:108900006600B30A6C0033B36A00B3325C00B3E2B2
:1089100062002243330BD80233351501333A4D013F
:10892000B3B53501C16DB3B37C00B3E3B300138DB0
:10893000FDFF33654501B378AF0133080E031E9583
:10894000CA9AC208B3035500B3FBAB01C69B33B947
:108950002A01FE93135F0F01B306D302769FB385FE
:108960002301DE9AB3BB7A01B38EE50133857E0124
:1089700093580B01B3BFF30133B92501C29633BF3E
:10898000EE01B33B7501B2D8D6DAC696B3EF2F012C
:10899000B36B7F01330EC30363F306016E9E416820
:1089A0007D18B3F50601C205337B0B012E9BC182F6
:1089B0005A95FE96333B6501DE96DA96B25502581B
:1089C000369E925633EB05013606B3E56601131B5E
:1089D000D7004D839410F2DEAADC518F336BBB00BD
:1089E00098C28C189106638CD500D846904A91069F
:1089F0004D833606518F23AEE6FEE398D5FE06552D
:108A0000B6562656965533376001498FB6CEB2CC4E
:108A1000AECABAC81395B600635A05021395F5019C
:108A2000135317001318F6019398F60185810582F8
:108A300033656500058B1244B365B80033661601D3
:108A40008582498FAECAB2CCB6CEBAC811677D173F
:108A5000B308E400635E10134646564876479376A3
:108A60007600C2858DC69376F60011456381A60215
:108A70001106933646006645B305D800B3B6D50057
:108A80003695B336D5003697BACE2E8811A06645F6
:108A90009316B70063DA0600B706F0FFFD16758F70
:108AA000BACE1167B308E400F6462167931ED501DC
:108AB000139ED6010D82F605135838000D8113035D
:108AC000E7FFD18D3368D8013365C5018D827D17ED
:108AD000634F13FD33F7E800C2064207C1824183AA
:108AE0006FF0AFF5639E0B16630B0B1C5A85EF906E
:108AF000EFC313050504930745FF13F8F7019587A6
:108B00006311081A3307F0400A078C0031072E97CB
:108B1000104393982700B306170190C21308C7FFAC
:108B2000638BE50042871043B30617011308C7FFA4
:108B300090C2E399E5FEFD1729B0639D061063849A
:108B4000071A3E85EF908FBE13050504130745FFF6
:108B50001378F7011587631A0816B307E0408A07F0
:108B60000C18B107AE97904393182700B3861701EE
:108B700090C21388C7FF638BF500C2879043B3860A
:108B800017011388C7FF90C2E399F5FE7D1791B0D6
:108B9000054733071741639B080C935557401375DE
:108BA000F7010146130801058D468D8E631A0514E1
:108BB00042858A050147B308B50083A8080011055E
:108BC0000507232E15FFE3D8E6FE85061147638BC4
:108BD000E6008A063307D800941023200700110707
:108BE000E31DD7FEC6463336C0007647558EB2C861
:108BF0009376760095C69376F60091456382B60229
:108C00005645110693364600E6453695B336D500EF
:108C1000B695B3B6D5003697B2C8AACAAECCBACE0E
:108C20009316C70063C7060C4287EC0814435043F1
:108C300011078D827606D18E232ED7FEE398E5FEAE
:108C4000F646C64556488D82C2066645C182014732
:108C50006FF0AFDE3685EF906FAD13050502FDB501
:108C60005E85EF90AFAC1305050271B59306400722
:108C700063CEE6E2935857401375F7016386080EFA
:108C800013080105939628004287C29601460C43BB
:108C900011074D8EE31DD7FEC68539B7AE87124446
:108CA00075B3930800020D47B3880841639CE7E45D
:108CB00033980A01C2C689478C006FF0EFE85685E9
:108CC000EF90CFA6130505063DB5930800028D472A
:108CD000B38808416310F7ECB31709013EDE09477A
:108CE0000C186FF06FEF4A85EF904FA4130505063F
:108CF000B1BD054781460145014881456FF0EFD37D
:108D00001397280000012297032707FD130E000286
:108D1000330EAE403317C701598EA9C213972500F1
:108D2000139F26004297C288B30EE8010C43032329
:108D300047009108B3D5A5003313C301B3E565001F
:108D400023AEB8FE1107E3931EFF18013A9F764742
:108D500085063357A7002328EFFC8DBD764785464F
:108D60003357A700BAC8B5B519E581458D46014608
:108D70001308010535BD4646130E0002330EAE4002
:108D80003316C60181458D461308010541BF1D718B
:108D90005846A6CAC44583288600832346009445C6
:108DA00003A30500DC41A2CC0042139804019315F3
:108DB000070113580801C181935FD30113DFD60166
:108DC0001396360093923300135ED401CEC6D2C4FC
:108DD0009399380013DAD801D6C20E0893DAD70176
:108DE0008E058E0793D6D301A16EFD1EB3E7F70162
:108DF00033EEC201935F070193123400CAC8336F88
:108E00000F0113D9040133E6CA000E03B365BA009B
:108E1000B3E636013379D901B3FFDF0122D846DC4E
:108E20003ADE86CE7ACE32CC3ECA1AC81EDA2ED6AA
:108E300036D472D216D02A84FD807D83B308F941DE
:108E4000638BDF19134717006386E42C6353100DFF
:108E5000639E0F183367DE004D8F3367570063083A
:108E600007621387F8FFE308072CA166FD166380ED
:108E7000D8629306400763C8E618BA8813D85840EA
:108E800093F8F801E30E0842930E0102131728002D
:108E9000F686014E76979106336E5E006309D70021
:108EA00083A206009106336E5E00E31BD7FE428765
:108EB0000D4533050541E3900812F6869315280009
:108EC0003387B60018439106850823AEE6FEE359C2
:108ED00015FF1147330707419146630AD7000A0778
:108EE00076970C18232007001107E39DE5FE925E9C
:108EF000A2553337C0010255325E3388D741B306DD
:108F0000B640498FB3B807013335D600330FCF4190
:108F100011A26392082CA16E130519001388EEFFAD
:108F2000337505016314056433E5C7003368DE005B
:108F30003365E5013368B800336565003368580070
:108F4000E3150936E307051A630308543305534054
:108F50003388C741B338A300B3081841B30AD640D9
:108F6000B33356012AD846DAB3BE07019E8F637425
:108F7000A300E38FC74DB38EDA4176DCE3ED074DF6
:108F80003308BF403308F84142DE931FC800E3D6E0
:108F90000F4A33856240B308FE4033B8A2003388DD
:108FA00008413386C640B3B6C60042DA2AD8333306
:108FB0001E01368863F4A200E38EC757330666406D
:108FC00032DCE36B1E57B385E5413388054142DE51
:108FD000BA846F00A07F3365DE004D8D3365550088
:108FE000E30205E6638EE44AE35510F321677D173B
:108FF0006302E95E3708080033E8050142D613072B
:109000004007E35D17E7B2863E8801458148814508
:10901000814E05473307E340333EE3003308C84140
:109020003AD842DA6374E3006380D74FB3861641BF
:1090300036DC639D084C3308AF4042DE9317C8000E
:1090400063CC073442557257937775003A88E386AC
:1090500007129377F50011476382E7025256110514
:109060009337450062573E96B337F6003E97B337C5
:10907000F7003E982AD832DA3ADC42DEB707080019
:10908000B377F800E38B0724A1673707F8FF7D1754
:1090900093081900FD173377E8006383F82ED25543
:1090A0004255AE8662561353350021651318D6011A
:1090B0009317D701F6068D810D827D15B3E6660004
:1090C000B3E505015D8E0D836382A82A42074183C3
:1090D00013F81400939718012316E100C583139722
:1090E0000701B247370501807D15E98FD98F8607C3
:1090F0001317F8018583D98F14C04CC010C45CC409
:109100002285F6406644D6444649B649264A964AE0
:10911000256182806356103963910F1A3367DE0030
:109120004D8F33675700630407361387F8FF6305D5
:109130000776A166FD16638CD8349306400763CB8F
:10914000E618BA8893D6584093F8F801638C067AEB
:10915000930E0102139526007687814576951107B7
:10916000B3E555006309E500832207001107B3E565
:109170005500E31BE5FE36870D483308D840E393DE
:10918000080C7687139E26003305C7010841110796
:109190008508232EA7FEE35918FF1147B306D740D1
:1091A0001147638BE6008A063387DE0014182320FC
:1091B00007001107E39DE6FE225792563335B000B3
:1091C000329782553338C7003256BE964D8DB3B7AD
:1091D000F600329F29A2B3882F416311094E33E56F
:1091E000C7003365E501336565006305056E1385CA
:1091F000F8FFE304051AA167FD17638DF86C930768
:10920000400763CAA74CAA8893D7F84113D6B70181
:10921000B383C800FD8BC69793F3F3017D45958713
:10922000B383C340E35F1523930E010101467685A6
:10923000014F0506336F6F001105635AF6000323D3
:10924000050005061105336F6F00E34AF6FE3E8602
:109250006343F00005460D483308F840E393030AE2
:109260007686939827003305160108411106850379
:10927000232EA6FEE35978FE1146B307F6400D46AD
:10928000634AF6008A07F697101023A0070091079B
:10929000E31DF6FED24E6245B337E0014248724FFD
:1092A000B308DE413386A640B3E7070133331E011E
:1092B00033B8C600B385E54135A121677D17630B3F
:1092C000E9303708080033E8050142D613074007A4
:1092D000E35A17E7BE8632870148814705451A954C
:1092E000333365009A9633B36600B3E767003E9761
:1092F000B337F7003368F8007A982AD836DA3ADCC0
:1093000042DE9317C800E3D007D4B705F8FFFD1578
:109310003378B8001C1842DED8439316F501058156
:109320007E079107598D701823AEA7FE0509630CBF
:10933000F6008843D843910705817E07598D23AEF7
:10934000A7FEE318F6FE72574255B337D000135804
:1093500017005D8DA16742DE2AD8FD176318F94614
:1093600002DE02DC02DA02D8CA8835A2CD8ED18EA6
:10937000D98E89EE13F8140001468145014799BB47
:1093800002DC814601450147814529BB014821672F
:109390000146814581463DBB370508007D15337583
:1093A000A8002ADE630A0514EF805FB851159357B1
:1093B000F54193D6B7013306D50013F7F7017D8A3F
:1093C0002A97158E158763180614B306E0408A069F
:1093D0000C18B106AE96904293182700B387160179
:1093E00090C31388C6FF638BD500C2869042B387B3
:1093F00016011388C6FF90C3E399D5FE7D17FD576C
:109400006301F7020A072E97232007009307C7FF7F
:109410006389E5003E87232007009307C7FFE39B8E
:10942000E5FE6341250D3305254105059357F541BB
:1094300013D7B7013308E500FD8BAA971378F8011D
:10944000FD4695873308E84063DEA664AE86014595
:109450000147904205079106518DE34CF7FE3E8788
:10946000635EF03C8D48B388F840631D082C2E875E
:1094700013962700B306C700944211070508232E50
:10948000D7FEE3D908FF1147B307F74031AE1AD82A
:109490003EDA32DC7ADED25542557257AE8619B1C9
:1094A00063900814A16E930819001387EEFF33F739
:1094B000E8006312074E33E7C7003367E7013367FD
:1094C0006700631F0940630407763367DE00336774
:1094D00057004D8F631607701AD83EDA32DC7ADEF9
:1094E000814855BF7257B707F8FFFD177D8F3309C5
:1094F000A9403ADE425589BE6255630C0520EF80D3
:10950000FFA2130505025DB5FD1636DC0D8E133680
:109510001600518D0DB60C1893162700130E00027D
:10952000B386D540931E27008D48330ECE409C460F
:1095300003A8C6003383D601B3D7C7013318C800C8
:10954000B3E707012326F300FD18F116E34117FFE7
:10955000894763C3E72E931727009400B697C25636
:109560007D173396C60023A8C7FE51BDB30E5340E6
:10957000B389C741B33FD301B38FF941B30AD64092
:10958000333A560176D87EDAB3B337015288637D19
:10959000D303639BC7039383FAFF1EDC13B51A0042
:1095A0003368AA003305BF40330505412ADE13188E
:1095B000C50063490844B3E7FE01B3E77700C98FEC
:1095C000E39207DE8144C1BDB3837A401EDCE3FB36
:1095D00037FDE9B71AD83EDA32DC7ADECA8865BDD3
:1095E000B3882F41631E092433E7C7003367E701BF
:1095F00033676700630E07561387F8FF6304076E2F
:10960000A167FD176386F8569307400763C7E724F1
:10961000BA8893D7F84113D7B701338FE800FD8B91
:10962000C697137FFF017D469587330FEF40635B3D
:109630001671930E01010147768681480507B3E84C
:1096400068001106635AF700032306000507110698
:10965000B3E86800E34AF7FE3E876343F00005473E
:109660000D483308F84063140F6076871395270080
:109670003306A70010421107050F232EC7FEE3593A
:10968000E8FF1147B307F7400D47634AF7008A0721
:10969000F697181023A007009107E39DE7FE6247A5
:1096A0005246C24736973338D700F2463335100159
:1096B00072965D8DB695B337C6016DA2A167FD1791
:1096C000638EFF243708080033680F0142CE9307EA
:1096D0004007E3DB17B33686F288014801430145B2
:1096E000814E8547B387F24033BFF200B388E8412B
:1096F0003ED846DA63F4F2006306DE29330666409C
:1097000032DC631303283388054142DE7E89BA8444
:1097100035B25255631D05164255EF803F81130542
:1097200045051376F50113575540E30006CA930724
:10973000F005E3D2A7DEC25709470C183396C700DD
:1097400032DEC9B10A0794003697032707FF930E4C
:109750000002B38E0E413317D701598D6387081C61
:109760003383F800139727000A03330FF0402E9736
:109770002E930A0F14435043330EE701B3D606016C
:109780003316D601D18E2320DE001107E314E3FE49
:109790009400139728003697F25633D80601914665
:1097A000B387F640232807FF0D47634AF7008A076F
:1097B000AE97980023A007009107E31DF7FEC2575C
:1097C0003335A00072585D8D2AD801499377750012
:1097D000E391078865B00A0794003697032707FED0
:1097E00093020002B382124133175700336EEE002A
:1097F000630F0510931528000A05F6957687B38345
:10980000AE00944183AF45001107B3D61601B39F54
:109810005F00B3E6F601232ED7FE9105E393E3FE46
:1098200098003A953257B35817011147330707414B
:10983000232015FF6FF04FEA094731BB05471DB1E3
:10984000A167FD176381FF4E3708080033680F01D9
:1098500042CE93074007E3DE17DB36877286014866
:10986000814705451695B3325500B386C200B3B2A1
:109870005600B3E757003E97B337F7003368F80058
:109880002E982AD836DA3ADC42DE7E899DBCEF80FB
:10989000EFE91305050419BE3305530033336500A2
:1098A0003E9EB3086E00B337FE0033B36800B3E7E3
:1098B0006700B2963387F600B337F700B3B6C60039
:1098C000D58F3308BF003E982AD846DA3ADC42DE0C
:1098D000054905BC16D872DA36DC2EDEBA8465BEC0
:1098E000631F071E16D872DA36DC2EDE9388FEFF61
:1098F0005DB616D872DA36DC2EDE8144E30D08B888
:10990000BA8451BE01478145930E0102B5B0B256EB
:109910000547B3D8160146D06FF06FDC16D872DA5F
:1099200036DC2EDEFE88BA84BDB6725785473358C2
:10993000070142D8ADBDB30253403385C741333729
:1099400053003307E540B30AD640333656013ADABE
:1099500016D833B7A700B286637453006388C7175D
:109960003387EA403ADC63E6A7163308BF40330882
:10997000D84042DE05496FF06FECD255CA88AE86FA
:109980006FF04FF27D1632DCB387A64093B7170015
:109990003368F8008DBB9A9233B362003E9EB30FDA
:1099A0006E0033B36F00B337FE00B296B3E76700C3
:1099B0003383F60033B7C600B337F3005D8F330847
:1099C000BF0042971395FF0193D212009316F30143
:1099D00093DF1F00935713001316F70133655500EB
:1099E000B3EFF601D18F135817002AD87EDA3EDC88
:1099F00042DEFD1E4689E39BD8DD02DE02DC02DA90
:109A000002D851BC338362403308FE4033B5620054
:109A10003305A8403386C640B3B6C6002ADA1AD842
:109A200033350E01B68863F462006381C717098E6F
:109A300032DC636F0E153385E541330515412ADEAF
:109A4000BA848DB20A0788002A97032707FE93027B
:109A50000002B382124133175700D98D630D0826D7
:109A6000139526000A087695768EB3830E01184169
:109A7000832F4500110E33571701B39F5F003367E3
:109A8000F701232EEEFE1105E393C3FF98003A98E9
:109A90003257B35817011147B306D740232018FF98
:109AA0006FF00FF00145014775BA61E963010804E1
:109AB00016D872DA36DC2EDEBA849388FEFFE1BA5D
:109AC0000147014E930E01026FF08FBE9387FAFF9C
:109AD0003EDC93B61A00D18E49BDCA886DBA336890
:109AE000DE00336858003368B800630A0808B70717
:109AF00004003EDE02DC02DA02D881449388FEFFD5
:109B000059BA0A0688002A96032606FD13090002A0
:109B10003309794033162601336FCF0063090822D9
:109B20003303F800139627000A03B304F040769637
:109B300076938A04084283284600B3099600335579
:109B40007500B39828013365150123A0A9001106FB
:109B5000E312C3FE8800131628002A967245B353F9
:109B600075001145B307F540232876FC6FF02FF1FF
:109B700016D872DA36DC2EDE39BAE31A08F61AD8AD
:109B80003EDA32DC7ADE9388FEFF31B27D1632DCBB
:109B900013B51A00B3E8A60079BD33836240B30E53
:109BA000FE4033B8620033880E413385C640B3BFF0
:109BB000A60042DA1AD83338DE01FE8863F4620068
:109BC0006388C715330505412ADC6365DE153388D4
:109BD000E5413308184142DEBA8405496FF00FC6EB
:109BE00033055300333365003E9EB30E6E00B3372A
:109BF000FE0033B36E00B3E76700B296B388F60099
:109C0000B3B7F80033B7C6005D8F3308BF00429783
:109C10002AD876DA46DC9317C70063D30710B70754
:109C2000F8FFFD177D8F3ADE05496FF0EFC116D8BA
:109C300072DA36DC2EDE8148B9B8B3671501B3E7B6
:109C4000D701B3E70701E39307B881448148A1B086
:109C5000938EFAFF76DC13B81A00B3EF03016FF0AE
:109C60002FB2014F0146930E01016FF0CFDE0A07BC
:109C700090003297032707FD93090002B389E94159
:109C800033173701B3E8E800630A080C3303F80020
:109C9000139727000A033309F040769776930A0951
:109CA00010434843B30327013356E601331535010A
:109CB000498E23A0C3001107E314E3FE900013179D
:109CC000280032977246335FE6011146B307F6402B
:109CD0002328E7FD55BA32578546B358170146D0B9
:109CE0006FF06FCC33055300B3325500F297B38851
:109CF0005700B3B25800B3B7C701B3E75700369661
:109D00003307F600B337F7003336D600D18F55BE90
:109D10007D152ADC158E13381600B3E80F0145BDFA
:109D20003ADE6FF06FB216D872DA36DC2EDEFE88BD
:109D30006FF06FF67D1632DC13B81A0033E80601B7
:109D40006FF06FA881480147930E010111BA724666
:109D50008547B35376001EC86FF0CFD27247854750
:109D6000335FE7017AC825B258454C410328050006
:109D7000104501119316170091672EC22ECA42C0DA
:109D800032C43AC642C832CCC5829385E7FF01454A
:109D900063DED5009385D701131607017D8363D950
:109DA000D500370500801345F5FF3A95056182809F
:109DB0009387F706958F4182C166558E1305000281
:109DC00093D657408D45FD8B32CEB308F540958D27
:109DD000B1CF05456397A5061388160008100A0839
:109DE0008A06AA962A98032508FF03A806FF894633
:109DF000331515013358F800336505012AC88A0563
:109E00000810AA953356F60023A8C5FE8A061C083A
:109E1000B697141023A007009107E39DD7FEC24711
:109E20003305F04041F73E85056182809397260017
:109E30001010B29703A607FF9147B386D74032C8E8
:109E4000F1B785466DBF797126D206D622D44AD0A5
:109E5000AA84B1C593D7F54133C4B7001D8C2285C0
:109E600013D9F501EF808F8C9306150511677907DB
:109E700022C802CA02CC02CE13F6F6013305A7406F
:109E800035C29307F00563DFD70A09478D478A0774
:109E90001410B6973314C40023A887FE9DA8014967
:109EA00081470147014601450148C6072316E100E5
:109EB000C58313970701B247B7060180FD16F58FDA
:109EC000D98F86079315F901B25022548583CD8F1F
:109ED000C8C023A0040190C4DCC426850259925452
:109EE0004561828013D756408D47998F10108A079D
:109EF000B29703A607FF9307F00532CE63CDD704D0
:109F00008947998F8A071810BA9783A707FF0547D3
:109F10003ECC10080A073297232007009306C7FF9C
:109F20006309E6003687232007009306C7FFE31B7B
:109F3000E6FE931715014248524562460357C10198
:109F4000C583A5B793070002918FB357F4003ECEA7
:109F5000054789472DBF09476DBF93574601131722
:109F6000C60093F7F77F797131839386170022D467
:109F700026D206D64AD02EC83ACA02CE02CC93F6D2
:109F8000E67F2A849354F601B9CA9166938606C087
:109F9000B69713D645009316C701C607D18EF205B2
:109FA0001183C58301482316E1003247C6073705F0
:109FB00001807D15C583698FC207D98F86071396E7
:109FC000F4018583D18F232004014CC014C45CC4E8
:109FD0002285B250225492540259456182803368DE
:109FE000B700ADEB6300080A5DC33A85EF701FF45C
:109FF000130715031378F7011587631E080A100865
:10A0000093162700B306D6408A8813182700CC463B
:10A01000B3870601F116CCC7E39BD8FE7D170A076C
:10A020003297232007009306C7FF6309E6003687AF
:10A03000232007009306C7FFE31BE6FE9167938783
:10A04000C7C0898FC6074248D245E2460357C101BF
:10A05000C58391BF63020802A16713554700931699
:10A06000C7013367F50013D645004207D18EF205CC
:10A070004183FD17014805BFA16781468145FD1752
:10A08000014715B7814681458147014729BF2E8584
:10A090002E89EF70BFE9130715051378F701130533
:10A0A00005021587E30D08F489476306F7000947A1
:10A0B0001008B14835A8B306E0408A061008B1067A
:10A0C000130E0002B29693182700330E0E4183A59B
:10A0D000C6FF9C4233831601B3D5C501B397070170
:10A0E000DD8D2320B300F116E313D6FE42497D1720
:10A0F0001C10BE983319090123A828FF0DB70328A7
:10A10000C500184154410C4521659307F5FF1356CE
:10A110000801139E35007D8E9358D70193D7D60141
:10A12000131308018E064111B3E7C701B3E6160108
:10A1300013530301131E3700930816007915F58198
:10A140000E033EC436C272C033F5A8001358F8019E
:10A15000B3E5650005C97177130707403A96130701
:10A16000E07F635DC7041306F07F01478147320734
:10A17000520631837E08518F336707013E85BA85C9
:10A1800041018280D58FCD8FB3E7C70105E2F1CBC6
:10A190008147954693D53600139797009396D7013C
:10A1A000B3E7B60031831376F67FD1B7CDDF014830
:10A1B0001306F07F37070800814755BF6346C00A82
:10A1C0009307C0FC634FF60E9307D0033386C74056
:10A1D0009357564037070800D98D139527000A87F3
:10A1E00081462EC6B308A10011077D8AB3E6C601D9
:10A1F00063091701032E07001107B3E6C601E31B2D
:10A2000017FF0D471D8F79CA93080101AA9883A8EB
:10A2100008FF130E0002330ECE40B398C801B3E618
:10A22000160175CB0A070A95B30EE1008A880C4126
:10A23000032345009108B3D5C5003313C301B3E52B
:10A24000650023AEB8FE1105E3931EFF9145B38769
:10A25000F540B24508082A97B3D5C5002328B7FEB4
:10A2600061A80146014721B713974600139547009F
:10A270003367C701F182F18392053337E000C98E5D
:10A28000CD8FD98E13F7760011C713F7F6009145DD
:10A29000631CB702370780007D8FE30D07EE0506CC
:10A2A0001307F07FE301E6EC370780FF7D177D8F12
:10A2B0009317D7018D8226071376F67FD58F3183CA
:10A2C0007DB585468147014613B7C6FF1347170082
:10A2D000BA973707800091067D8FC1B78A85B3880A
:10A2E000A50083A808009105050623AE15FFE358D5
:10A2F000C7FE1147B307F7408A078A97180823A0BB
:10A3000007009107E39DE7FE0247B336D00092476E
:10A31000D98E014685BF854701472DBF000000004B
:10A320005210008050100080541000806610008091
:10A33000601000806010008060100080601000805D
:10A34000CC17008056100080581000805A100080F2
:10A350005C1000805E10008062100080641000803D
:10A360004552524F522E2073656E736F725F693281
:10A37000635F77726974653E2073743A25640D0AD1
:10A38000000000000000C8410D0A4552524F522102
:10A390000D0A000031343A30333A33350000000002
:10A3A0001B5B324A2046696C653A2025730D0A0012
:10A3B000496E697469616C697A696E6720494D58A4
:10A3C0003333342073656E736F720D0A0000000022
:10A3D0006176673A25642C206761696E3A25642CA2
:10A3E0002067616D6D615F656E3A25640D0A00003E
:10A3F0000879FFFF5A78FFFF5A78FFFF5878FFFF70
:10A400005E78FFFF5E78FFFF2E78FFFF5878FFFF32
:10A410005E78FFFF2E78FFFF5E78FFFF5878FFFF22
:10A42000F678FFFFF678FFFFF678FFFF2E78FFFF44
:10A4300000010202030303030404040404040404EB
:10A4400005050505050505050505050505050505BC
:10A45000060606060606060606060606060606069C
:10A46000060606060606060606060606060606068C
:10A47000070707070707070707070707070707076C
:10A48000070707070707070707070707070707075C
:10A49000070707070707070707070707070707074C
:10A4A000070707070707070707070707070707073C
:10A4B000080808080808080808080808080808081C
:10A4C000080808080808080808080808080808080C
:10A4D00008080808080808080808080808080808FC
:10A4E00008080808080808080808080808080808EC
:10A4F00008080808080808080808080808080808DC
:10A5000008080808080808080808080808080808CB
:10A5100008080808080808080808080808080808BB
:10A5200008080808080808080808080808080808AB
:10A530002286FFFF367FFFFF367FFFFF1686FFFF75
:10A54000367FFFFF367FFFFF367FFFFFDE7DFFFF99
:10A55000367FFFFF367FFFFFB485FFFFA485FFFF37
:10A56000367FFFFF827FFFFFDC85FFFF367FFFFF27
:10A57000D085FFFF0E7FFFFF0E7FFFFF0E7FFFFFE7
:10A580000E7FFFFF0E7FFFFF0E7FFFFF0E7FFFFF9F
:10A590000E7FFFFF0E7FFFFF367FFFFF367FFFFF3F
:10A5A000367FFFFF367FFFFF367FFFFF367FFFFFDF
:10A5B000367FFFFF6E80FFFF367FFFFF7683FFFF52
:10A5C0003283FFFF6E80FFFF6E80FFFF6E80FFFF14
:10A5D000367FFFFF367FFFFF367FFFFF367FFFFFAF
:10A5E0002883FFFF367FFFFF367FFFFF0A83FFFFD1
:10A5F000367FFFFF367FFFFF367FFFFFB282FFFF10
:10A60000367FFFFF9282FFFF367FFFFF367FFFFF1F
:10A610004C7FFFFF367FFFFF367FFFFF367FFFFF58
:10A62000367FFFFF367FFFFF367FFFFF367FFFFF5E
:10A63000367FFFFF6E80FFFF367FFFFF7683FFFFD1
:10A64000F684FFFF6E80FFFF6E80FFFF6E80FFFFCE
:10A650002C80FFFFF684FFFF067EFFFF367FFFFFA3
:10A660001A80FFFF367FFFFFBE7FFFFF8C7FFFFF5B
:10A670003E80FFFF067EFFFF367FFFFFB282FFFFB7
:10A68000007EFFFF3A86FFFF367FFFFF367FFFFF2A
:10A690008E7EFFFF367FFFFF007EFFFF494E4600A4
:10A6A000696E66004E414E006E616E00303132338D
:10A6B00034353637383961626364656600000000FE
:10A6C00030313233343536373839414243444546E8
:10A6D00000000000286E756C6C290000300000003E
:10A6E000202020202020202020202020202020206A
:10A6F000303030303030303030303030303030305A
:10A70000204E614E20000000202D496E66696E6962
:10A710007479200020496E66696E697479200000A2
:10A720004E614E0045256400FFFFFEFFFCFFF8FF71
:10A73000F0FFE0FFC0FF80FF00FF00FE00FC00F81C
:10A7400000F000E000C00080000000003020FCCFDE
:10A75000C3A12381E32DDE9FCED2C804DDA6D80A93
:10A760006482CBD2EAF2D4122549E42D36344F5319
:10A77000AECE6B253FF598F6D36B5801A687BDC0CA
:10A7800057DAA582A6A2B53231E7D404F2E332D378
:10A7900032711CD223DB32EE49905A393EA2085363
:10A7A000FBFE551191FA39197A63254331C0AC3C4F
:10A7B0006DE2DEDB5DD0F6B37CACA0E4BC647C462D
:10A7C000D0DD553E202A2462B347D798233FA5E920
:10A7D00039A527EA7FA82A3F5B0BF24A81A5ED182D
:10A7E000DE67BA943945AD1EB1CF943F71BFB3A9AE
:10A7F000897968BE2E4C5BE14DC4BE9495E6C93F95
:10A800004D3D3D7CBA362B0DC2FDFCCE61841177E7
:10A81000CCABE43F55C1A8A44E401361C3D32B6514
:10A8200019E25817B7D1F13F0AD7A3703D0AD7A351
:10A83000703D0AD7A3703D0AD7A3F83FCDCCCCCC4E
:10A84000CCCCCCCCCCCCCCCCCCCCCCCCCCCCFB3FA6
:10A8500000000000000000000000000000000000F8
:10A860000080FF3F7665924A4A803F154CC99A970F
:10A87000208A025260C42575326A52CE9A32CE289E
:10A880004DA7E45D3DC55D3B8B9E925A6C52CE5008
:10A890008BF1283D0D65170C7581867576C9484D7D
:10A8A000669CF85850BC545C65CCC6910EA6AEA010
:10A8B00019E3A3461E85B7EAFE981B90BBDD8DDE2B
:10A8C000F99DFBEB7EAA514335023701B1366C335B
:10A8D0006FC6DF8CE980C947BA93A841F850FB25C1
:10A8E0006BC7716BBF3CD5A6CFFF491F78C2D34061
:10A8F000000000000000000020F09DB5702BA8AD06
:10A90000C59D69400000000000000000000000003C
:10A910000004BFC91B8E344000000000000000008E
:10A920000000000000000020BCBE19400000000034
:10A93000000000000000000000000000409C0C40EF
:10A940000000000000000000000000000000000007
:10A9500000C80540000000000000000000000000EA
:10A960000000000000A00240000000000000000005
:10A9700000000000000000000000000000000000D7
:10A98000000000000000504343000000504F5349B6
:10A99000580000002E000000002020202020202051
:10A9A000202028282828282020202020202020207F
:10A9B000202020202020202020881010101010108F
:10A9C00010101010101010101004040404040404DB
:10A9D0000404041010101010101041414141414175
:10A9E0000101010101010101010101010101010157
:10A9F0000101010110101010101042424242424267
:10AA00000202020202020202020202020202020226
:10AA100002020202101010102000000000000000CE
:10AA20000000000000000000000000000000000026
:10AA30000000000000000000000000000000000016
:10AA40000000000000000000000000000000000006
:10AA500000000000000000000000000000000000F6
:10AA600000000000000000000000000000000000E6
:10AA700000000000000000000000000000000000D6
:10AA800000000000000000000000000000000000C6
:10AA9000000000000000000000000000CED0FFFF1A
:10AAA000C6CFFFFFC6CFFFFFC4CFFFFFCCCFFFFF56
:10AAB000CCCFFFFF92CFFFFFC4CFFFFFCCCFFFFF74
:10AAC00092CFFFFFCCCFFFFFC4CFFFFFBAD0FFFF75
:10AAD000BAD0FFFFBAD0FFFF92CFFFFF56D9FFFFDA
:10AAE000DED7FFFFDED7FFFFDCD7FFFFAAD7FFFFD0
:10AAF000AAD7FFFF50D7FFFFDCD7FFFFAAD7FFFF82
:10AB000050D7FFFFAAD7FFFFDCD7FFFFA8D7FFFF73
:10AB1000A8D7FFFFA8D7FFFF50D7FFFF0000000016
:10AB200010B8008030AB0080FFFFFFFF0000020084
:10AB3000000000001CAE008084AE0080ECAE0080FF
:10AB40000000000000000000000000000000000005
:10AB500000000000000000000000000000000000F5
:10AB600000000000000000000000000000000000E5
:10AB700000000000000000000000000000000000D5
:10AB800000000000000000000000000000000000C5
:10AB900000000000000000000000000000000000B5
:10ABA00000000000000000000000000000000000A5
:10ABB0000000000000000000000000000000000095
:10ABC0000000000000000000000000000000000085
:10ABD0000000000000000000010000000000000074
:10ABE0000E33CDAB34126DE6ECDE05000B00000039
:10ABF0000000000000000000000000000000000055
:10AC00000000000000000000000000000000000044
:10AC10000000000000000000000000000000000034
:10AC20000000000000000000000000000000000024
:10AC30000000000000000000000000000000000014
:10AC40000000000000000000000000000000000004
:10AC500000000000000000000000000000000000F4
:10AC600000000000000000000000000000000000E4
:10AC700000000000000000000000000000000000D4
:10AC800000000000000000000000000000000000C4
:10AC900000000000000000000000000000000000B4
:10ACA00000000000000000000000000000000000A4
:10ACB0000000000000000000000000000000000094
:10ACC0000000000000000000000000000000000084
:10ACD0000000000000000000000000000000000074
:10ACE0000000000000000000000000000000000064
:10ACF0000000000000000000000000000000000054
:10AD00000000000000000000000000000000000043
:10AD10000000000000000000000000000000000033
:10AD20000000000000000000000000000000000023
:10AD30000000000000000000000000000000000013
:10AD40000000000000000000000000000000000003
:10AD500000000000000000000000000000000000F3
:10AD600000000000000000000000000000000000E3
:10AD700000000000000000000000000000000000D3
:10AD800000000000000000000000000000000000C3
:10AD900000000000000000000000000000000000B3
:10ADA00000000000000000000000000000000000A3
:10ADB0000000000000000000000000000000000093
:10ADC0000000000000000000000000000000000083
:10ADD0000000000000000000000000000000000073
:10ADE0000000000000000000000000000000000063
:10ADF0000000000000000000000000000000000053
:10AE00000000000000000000000000000000000042
:10AE10000000000000000000000000000000000032
:10AE20000000000000000000000000000000000022
:10AE30000000000000000000000000000000000012
:10AE40000000000000000000000000000000000002
:10AE500000000000000000000000000000000000F2
:10AE600000000000000000000000000000000000E2
:10AE700000000000000000000000000000000000D2
:10AE800000000000000000000000000000000000C2
:10AE900000000000000000000000000000000000B2
:10AEA00000000000000000000000000000000000A2
:10AEB0000000000000000000000000000000000092
:10AEC0000000000000000000000000000000000082
:10AED0000000000000000000000000000000000072
:10AEE0000000000000000000000000000000000062
:10AEF0000000000000000000000000000000000052
:10AF00000000000000000000000000000000000041
:10AF10000000000000000000000000000000000031
:10AF20000000000000000000000000000000000021
:10AF30000000000000000000000000000000000011
:10AF40000000000000000000000000000000000001
:10AF500000000000000000000000000000000000F1
:10AF600058AF008058AF008060AF008060AF0080B5
:10AF700068AF008068AF008070AF008070AF008065
:10AF800078AF008078AF008080AF008080AF008015
:10AF900088AF008088AF008090AF008090AF0080C5
:10AFA00098AF008098AF0080A0AF0080A0AF008075
:10AFB000A8AF0080A8AF0080B0AF0080B0AF008025
:10AFC000B8AF0080B8AF0080C0AF0080C0AF0080D5
:10AFD000C8AF0080C8AF0080D0AF0080D0AF008085
:10AFE000D8AF0080D8AF0080E0AF0080E0AF008035
:10AFF000E8AF0080E8AF0080F0AF0080F0AF0080E5
:10B00000F8AF0080F8AF008000B0008000B0008092
:10B0100008B0008008B0008010B0008010B0008040
:10B0200018B0008018B0008020B0008020B00080F0
:10B0300028B0008028B0008030B0008030B00080A0
:10B0400038B0008038B0008040B0008040B0008050
:10B0500048B0008048B0008050B0008050B0008000
:10B0600058B0008058B0008060B0008060B00080B0
:10B0700068B0008068B0008070B0008070B0008060
:10B0800078B0008078B0008080B0008080B0008010
:10B0900088B0008088B0008090B0008090B00080C0
:10B0A00098B0008098B00080A0B00080A0B0008070
:10B0B000A8B00080A8B00080B0B00080B0B0008020
:10B0C000B8B00080B8B00080C0B00080C0B00080D0
:10B0D000C8B00080C8B00080D0B00080D0B0008080
:10B0E000D8B00080D8B00080E0B00080E0B0008030
:10B0F000E8B00080E8B00080F0B00080F0B00080E0
:10B10000F8B00080F8B0008000B1008000B100808D
:10B1100008B1008008B1008010B1008010B100803B
:10B1200018B1008018B1008020B1008020B10080EB
:10B1300028B1008028B1008030B1008030B100809B
:10B1400038B1008038B1008040B1008040B100804B
:10B1500048B1008048B1008050B1008050B10080FB
:10B1600058B1008058B1008060B1008060B10080AB
:10B1700068B1008068B1008070B1008070B100805B
:10B1800078B1008078B1008080B1008080B100800B
:10B1900088B1008088B1008090B1008090B10080BB
:10B1A00098B1008098B10080A0B10080A0B100806B
:10B1B000A8B10080A8B10080B0B10080B0B100801B
:10B1C000B8B10080B8B10080C0B10080C0B10080CB
:10B1D000C8B10080C8B10080D0B10080D0B100807B
:10B1E000D8B10080D8B10080E0B10080E0B100802B
:10B1F000E8B10080E8B10080F0B10080F0B10080DB
:10B20000F8B10080F8B1008000B2008000B2008088
:10B2100008B2008008B2008010B2008010B2008036
:10B2200018B2008018B2008020B2008020B20080E6
:10B2300028B2008028B2008030B2008030B2008096
:10B2400038B2008038B2008040B2008040B2008046
:10B2500048B2008048B2008050B2008050B20080F6
:10B2600058B2008058B2008060B2008060B20080A6
:10B2700068B2008068B2008070B2008070B2008056
:10B2800078B2008078B2008080B2008080B2008006
:10B2900088B2008088B2008090B2008090B20080B6
:10B2A00098B2008098B20080A0B20080A0B2008066
:10B2B000A8B20080A8B20080B0B20080B0B2008016
:10B2C000B8B20080B8B20080C0B20080C0B20080C6
:10B2D000C8B20080C8B20080D0B20080D0B2008076
:10B2E000D8B20080D8B20080E0B20080E0B2008026
:10B2F000E8B20080E8B20080F0B20080F0B20080D6
:10B30000F8B20080F8B2008000B3008000B3008083
:10B3100008B3008008B3008010B3008010B3008031
:10B3200018B3008018B3008020B3008020B30080E1
:10B3300028B3008028B3008030B3008030B3008091
:10B3400038B3008038B3008040B3008040B3008041
:10B3500048B3008048B3008050B3008050B30080F1
:10B36000430000000000000000000000000000009A
:10B3700000000000000000000000000000000000CD
:10B38000430000000000000000000000000000007A
:10B3900000000000000000000000000000000000AD
:10B3A000430000000000000000000000000000005A
:10B3B000000000000000000000000000000000008D
:10B3C000430000000000000000000000000000003A
:10B3D000000000000000000000000000000000006D
:10B3E000430000000000000000000000000000001A
:10B3F000000000000000000000000000000000004D
:10B4000043000000000000000000000000000000F9
:10B41000000000000000000000000000000000002C
:10B4200043000000000000000000000000000000D9
:10B43000000000000000000000000000000000000C
:10B4400020720080A46C00800000000098A9008099
:10B4500094A9008080A3008080A3008080A3008046
:10B4600080A3008080A3008080A3008080A3008050
:10B4700080A3008080A30080FFFFFFFFFFFFFFFF8E
:10B48000FFFFFFFFFFFF0000010041534349490058
:10B4900000000000000000000000000000000000AC
:10B4A0000000000000000000000041534349490033
:10B4B000000000000000000000000000000000008C
:10B4C000000000000000000000000000000000007C
:040000058000000077
:00000001FF
